OrderID,OrderDate,OrderYear,OrderMonth,YearMonth,OrderQuarter,DayOfWeek,CustomerID,CustomerName,CustomerCountry,CustomerRegion,EmployeeID,EmployeeName,ProductID,ProductName,CategoryID,CategoryName,SupplierID,SupplierName,UnitPrice,Quantity,Discount,TotalSales
10248,1996-07-04,1996,7,1996-07-01,3,Thursday,VINET,Vins et alcools Chevalier,France,Sin Región,5,Steven Buchanan,11,Queso Cabrales,4,Dairy Products,5,Cooperativa de Quesos 'Las Cabras',14.0,12,0.0,168.0
10248,1996-07-04,1996,7,1996-07-01,3,Thursday,VINET,Vins et alcools Chevalier,France,Sin Región,5,Steven Buchanan,42,Singaporean Hokkien Fried Mee,5,Grains/Cereals,20,Leka Trading,9.8,10,0.0,98.0
10248,1996-07-04,1996,7,1996-07-01,3,Thursday,VINET,Vins et alcools Chevalier,France,Sin Región,5,Steven Buchanan,72,Mozzarella di Giovanni,4,Dairy Products,14,Formaggi Fortini s.r.l.,34.8,5,0.0,174.0
10249,1996-07-05,1996,7,1996-07-01,3,Friday,TOMSP,Toms Spezialitäten,Germany,Sin Región,6,Michael Suyama,14,Tofu,7,Produce,6,Mayumi's,18.6,9,0.0,167.39999389648438
10249,1996-07-05,1996,7,1996-07-01,3,Friday,TOMSP,Toms Spezialitäten,Germany,Sin Región,6,Michael Suyama,51,Manjimup Dried Apples,7,Produce,24,"G'day, Mate",42.4,40,0.0,1696.0
10250,1996-07-08,1996,7,1996-07-01,3,Monday,HANAR,Hanari Carnes,Brazil,RJ,4,Margaret Peacock,41,Jack's New England Clam Chowder,8,Seafood,19,New England Seafood Cannery,7.7,10,0.0,77.0
10250,1996-07-08,1996,7,1996-07-01,3,Monday,HANAR,Hanari Carnes,Brazil,RJ,4,Margaret Peacock,51,Manjimup Dried Apples,7,Produce,24,"G'day, Mate",42.4,35,0.15000000596046448,1261.4000244140625
10250,1996-07-08,1996,7,1996-07-01,3,Monday,HANAR,Hanari Carnes,Brazil,RJ,4,Margaret Peacock,65,Louisiana Fiery Hot Pepper Sauce,2,Condiments,2,New Orleans Cajun Delights,16.8,15,0.15000000596046448,214.20001220703125
10251,1996-07-08,1996,7,1996-07-01,3,Monday,VICTE,Victuailles en stock,France,Sin Región,3,Janet Leverling,22,Gustaf's Knäckebröd,5,Grains/Cereals,9,PB Knäckebröd AB,16.8,6,0.05000000074505806,95.76000213623047
10251,1996-07-08,1996,7,1996-07-01,3,Monday,VICTE,Victuailles en stock,France,Sin Región,3,Janet Leverling,57,Ravioli Angelo,5,Grains/Cereals,26,Pasta Buttini s.r.l.,15.6,15,0.05000000074505806,222.3000030517578
10251,1996-07-08,1996,7,1996-07-01,3,Monday,VICTE,Victuailles en stock,France,Sin Región,3,Janet Leverling,65,Louisiana Fiery Hot Pepper Sauce,2,Condiments,2,New Orleans Cajun Delights,16.8,20,0.0,336.0
10252,1996-07-09,1996,7,1996-07-01,3,Tuesday,SUPRD,Suprêmes délices,Belgium,Sin Región,4,Margaret Peacock,20,Sir Rodney's Marmalade,3,Confections,8,"Specialty Biscuits, Ltd.",64.8,40,0.05000000074505806,2462.39990234375
10252,1996-07-09,1996,7,1996-07-01,3,Tuesday,SUPRD,Suprêmes délices,Belgium,Sin Región,4,Margaret Peacock,33,Geitost,4,Dairy Products,15,Norske Meierier,2.0,25,0.05000000074505806,47.5
10252,1996-07-09,1996,7,1996-07-01,3,Tuesday,SUPRD,Suprêmes délices,Belgium,Sin Región,4,Margaret Peacock,60,Camembert Pierrot,4,Dairy Products,28,Gai pâturage,27.2,40,0.0,1088.0
10253,1996-07-10,1996,7,1996-07-01,3,Wednesday,HANAR,Hanari Carnes,Brazil,RJ,3,Janet Leverling,31,Gorgonzola Telino,4,Dairy Products,14,Formaggi Fortini s.r.l.,10.0,20,0.0,200.0
10253,1996-07-10,1996,7,1996-07-01,3,Wednesday,HANAR,Hanari Carnes,Brazil,RJ,3,Janet Leverling,39,Chartreuse verte,1,Beverages,18,Aux joyeux ecclésiastiques,14.4,42,0.0,604.7999877929688
10253,1996-07-10,1996,7,1996-07-01,3,Wednesday,HANAR,Hanari Carnes,Brazil,RJ,3,Janet Leverling,49,Maxilaku,3,Confections,23,Karkki Oy,16.0,40,0.0,640.0
10254,1996-07-11,1996,7,1996-07-01,3,Thursday,CHOPS,Chop-suey Chinese,Switzerland,Sin Región,5,Steven Buchanan,24,Guaraná Fantástica,1,Beverages,10,Refrescos Americanas LTDA,3.6,15,0.15000000596046448,45.900001525878906
10254,1996-07-11,1996,7,1996-07-01,3,Thursday,CHOPS,Chop-suey Chinese,Switzerland,Sin Región,5,Steven Buchanan,55,Pâté chinois,6,Meat/Poultry,25,Ma Maison,19.2,21,0.15000000596046448,342.72003173828125
10254,1996-07-11,1996,7,1996-07-01,3,Thursday,CHOPS,Chop-suey Chinese,Switzerland,Sin Región,5,Steven Buchanan,74,Longlife Tofu,7,Produce,4,Tokyo Traders,8.0,21,0.0,168.0
10255,1996-07-12,1996,7,1996-07-01,3,Friday,RICSU,Richter Supermarkt,Switzerland,Sin Región,9,Anne Dodsworth,2,Chang,1,Beverages,1,Exotic Liquids,15.2,20,0.0,304.0
10255,1996-07-12,1996,7,1996-07-01,3,Friday,RICSU,Richter Supermarkt,Switzerland,Sin Región,9,Anne Dodsworth,16,Pavlova,3,Confections,7,"Pavlova, Ltd.",13.9,35,0.0,486.5
10255,1996-07-12,1996,7,1996-07-01,3,Friday,RICSU,Richter Supermarkt,Switzerland,Sin Región,9,Anne Dodsworth,36,Inlagd Sill,8,Seafood,17,Svensk Sjöföda AB,15.2,25,0.0,380.0
10255,1996-07-12,1996,7,1996-07-01,3,Friday,RICSU,Richter Supermarkt,Switzerland,Sin Región,9,Anne Dodsworth,59,Raclette Courdavault,4,Dairy Products,28,Gai pâturage,44.0,30,0.0,1320.0
10256,1996-07-15,1996,7,1996-07-01,3,Monday,WELLI,Wellington Importadora,Brazil,SP,3,Janet Leverling,53,Perth Pasties,6,Meat/Poultry,24,"G'day, Mate",26.2,15,0.0,393.0
10256,1996-07-15,1996,7,1996-07-01,3,Monday,WELLI,Wellington Importadora,Brazil,SP,3,Janet Leverling,77,Original Frankfurter grüne Soße,2,Condiments,12,Plutzer Lebensmittelgroßmärkte AG,10.4,12,0.0,124.80000305175781
10257,1996-07-16,1996,7,1996-07-01,3,Tuesday,HILAA,HILARION-Abastos,Venezuela,Táchira,4,Margaret Peacock,27,Schoggi Schokolade,3,Confections,11,Heli Süßwaren GmbH & Co. KG,35.1,25,0.0,877.5
10257,1996-07-16,1996,7,1996-07-01,3,Tuesday,HILAA,HILARION-Abastos,Venezuela,Táchira,4,Margaret Peacock,39,Chartreuse verte,1,Beverages,18,Aux joyeux ecclésiastiques,14.4,6,0.0,86.4000015258789
10257,1996-07-16,1996,7,1996-07-01,3,Tuesday,HILAA,HILARION-Abastos,Venezuela,Táchira,4,Margaret Peacock,77,Original Frankfurter grüne Soße,2,Condiments,12,Plutzer Lebensmittelgroßmärkte AG,10.4,15,0.0,156.0
10258,1996-07-17,1996,7,1996-07-01,3,Wednesday,ERNSH,Ernst Handel,Austria,Sin Región,1,Nancy Davolio,2,Chang,1,Beverages,1,Exotic Liquids,15.2,50,0.20000000298023224,608.0
10258,1996-07-17,1996,7,1996-07-01,3,Wednesday,ERNSH,Ernst Handel,Austria,Sin Región,1,Nancy Davolio,5,Chef Anton's Gumbo Mix,2,Condiments,2,New Orleans Cajun Delights,17.0,65,0.20000000298023224,884.0
10258,1996-07-17,1996,7,1996-07-01,3,Wednesday,ERNSH,Ernst Handel,Austria,Sin Región,1,Nancy Davolio,32,Mascarpone Fabioli,4,Dairy Products,14,Formaggi Fortini s.r.l.,25.6,6,0.20000000298023224,122.8800048828125
10259,1996-07-18,1996,7,1996-07-01,3,Thursday,CENTC,Centro comercial Moctezuma,Mexico,Sin Región,4,Margaret Peacock,21,Sir Rodney's Scones,3,Confections,8,"Specialty Biscuits, Ltd.",8.0,10,0.0,80.0
10259,1996-07-18,1996,7,1996-07-01,3,Thursday,CENTC,Centro comercial Moctezuma,Mexico,Sin Región,4,Margaret Peacock,37,Gravad lax,8,Seafood,17,Svensk Sjöföda AB,20.8,1,0.0,20.799999237060547
10260,1996-07-19,1996,7,1996-07-01,3,Friday,OTTIK,Ottilies Käseladen,Germany,Sin Región,4,Margaret Peacock,41,Jack's New England Clam Chowder,8,Seafood,19,New England Seafood Cannery,7.7,16,0.25,92.39999389648438
10260,1996-07-19,1996,7,1996-07-01,3,Friday,OTTIK,Ottilies Käseladen,Germany,Sin Región,4,Margaret Peacock,57,Ravioli Angelo,5,Grains/Cereals,26,Pasta Buttini s.r.l.,15.6,50,0.0,780.0
10260,1996-07-19,1996,7,1996-07-01,3,Friday,OTTIK,Ottilies Käseladen,Germany,Sin Región,4,Margaret Peacock,62,Tarte au sucre,3,Confections,29,Forêts d'érables,39.4,15,0.25,443.25
10260,1996-07-19,1996,7,1996-07-01,3,Friday,OTTIK,Ottilies Käseladen,Germany,Sin Región,4,Margaret Peacock,70,Outback Lager,1,Beverages,7,"Pavlova, Ltd.",12.0,21,0.25,189.0
10261,1996-07-19,1996,7,1996-07-01,3,Friday,QUEDE,Que Delícia,Brazil,RJ,4,Margaret Peacock,21,Sir Rodney's Scones,3,Confections,8,"Specialty Biscuits, Ltd.",8.0,20,0.0,160.0
10261,1996-07-19,1996,7,1996-07-01,3,Friday,QUEDE,Que Delícia,Brazil,RJ,4,Margaret Peacock,35,Steeleye Stout,1,Beverages,16,Bigfoot Breweries,14.4,20,0.0,288.0
10262,1996-07-22,1996,7,1996-07-01,3,Monday,RATTC,Rattlesnake Canyon Grocery,USA,NM,8,Laura Callahan,5,Chef Anton's Gumbo Mix,2,Condiments,2,New Orleans Cajun Delights,17.0,12,0.20000000298023224,163.1999969482422
10262,1996-07-22,1996,7,1996-07-01,3,Monday,RATTC,Rattlesnake Canyon Grocery,USA,NM,8,Laura Callahan,7,Uncle Bob's Organic Dried Pears,7,Produce,3,Grandma Kelly's Homestead,24.0,15,0.0,360.0
10262,1996-07-22,1996,7,1996-07-01,3,Monday,RATTC,Rattlesnake Canyon Grocery,USA,NM,8,Laura Callahan,56,Gnocchi di nonna Alice,5,Grains/Cereals,26,Pasta Buttini s.r.l.,30.4,2,0.0,60.79999923706055
10263,1996-07-23,1996,7,1996-07-01,3,Tuesday,ERNSH,Ernst Handel,Austria,Sin Región,9,Anne Dodsworth,16,Pavlova,3,Confections,7,"Pavlova, Ltd.",13.9,60,0.25,625.5
10263,1996-07-23,1996,7,1996-07-01,3,Tuesday,ERNSH,Ernst Handel,Austria,Sin Región,9,Anne Dodsworth,24,Guaraná Fantástica,1,Beverages,10,Refrescos Americanas LTDA,3.6,28,0.0,100.80000305175781
10263,1996-07-23,1996,7,1996-07-01,3,Tuesday,ERNSH,Ernst Handel,Austria,Sin Región,9,Anne Dodsworth,30,Nord-Ost Matjeshering,8,Seafood,13,Nord-Ost-Fisch Handelsgesellschaft mbH,20.7,60,0.25,931.5
10263,1996-07-23,1996,7,1996-07-01,3,Tuesday,ERNSH,Ernst Handel,Austria,Sin Región,9,Anne Dodsworth,74,Longlife Tofu,7,Produce,4,Tokyo Traders,8.0,36,0.25,216.0
10264,1996-07-24,1996,7,1996-07-01,3,Wednesday,FOLKO,Folk och fä HB,Sweden,Sin Región,6,Michael Suyama,2,Chang,1,Beverages,1,Exotic Liquids,15.2,35,0.0,532.0
10264,1996-07-24,1996,7,1996-07-01,3,Wednesday,FOLKO,Folk och fä HB,Sweden,Sin Región,6,Michael Suyama,41,Jack's New England Clam Chowder,8,Seafood,19,New England Seafood Cannery,7.7,25,0.15000000596046448,163.625
10265,1996-07-25,1996,7,1996-07-01,3,Thursday,BLONP,Blondesddsl père et fils,France,Sin Región,2,Andrew Fuller,17,Alice Mutton,6,Meat/Poultry,7,"Pavlova, Ltd.",31.2,30,0.0,936.0
10265,1996-07-25,1996,7,1996-07-01,3,Thursday,BLONP,Blondesddsl père et fils,France,Sin Región,2,Andrew Fuller,70,Outback Lager,1,Beverages,7,"Pavlova, Ltd.",12.0,20,0.0,240.0
10266,1996-07-26,1996,7,1996-07-01,3,Friday,WARTH,Wartian Herkku,Finland,Sin Región,3,Janet Leverling,12,Queso Manchego La Pastora,4,Dairy Products,5,Cooperativa de Quesos 'Las Cabras',30.4,12,0.05000000074505806,346.55999755859375
10267,1996-07-29,1996,7,1996-07-01,3,Monday,FRANK,Frankenversand,Germany,Sin Región,4,Margaret Peacock,40,Boston Crab Meat,8,Seafood,19,New England Seafood Cannery,14.7,50,0.0,735.0
10267,1996-07-29,1996,7,1996-07-01,3,Monday,FRANK,Frankenversand,Germany,Sin Región,4,Margaret Peacock,59,Raclette Courdavault,4,Dairy Products,28,Gai pâturage,44.0,70,0.15000000596046448,2618.0
10267,1996-07-29,1996,7,1996-07-01,3,Monday,FRANK,Frankenversand,Germany,Sin Región,4,Margaret Peacock,76,Lakkalikööri,1,Beverages,23,Karkki Oy,14.4,15,0.15000000596046448,183.60000610351562
10268,1996-07-30,1996,7,1996-07-01,3,Tuesday,GROSR,GROSELLA-Restaurante,Venezuela,DF,8,Laura Callahan,29,Thüringer Rostbratwurst,6,Meat/Poultry,12,Plutzer Lebensmittelgroßmärkte AG,99.0,10,0.0,990.0
10268,1996-07-30,1996,7,1996-07-01,3,Tuesday,GROSR,GROSELLA-Restaurante,Venezuela,DF,8,Laura Callahan,72,Mozzarella di Giovanni,4,Dairy Products,14,Formaggi Fortini s.r.l.,27.8,4,0.0,111.19999694824219
10269,1996-07-31,1996,7,1996-07-01,3,Wednesday,WHITC,White Clover Markets,USA,WA,5,Steven Buchanan,33,Geitost,4,Dairy Products,15,Norske Meierier,2.0,60,0.05000000074505806,114.0
10269,1996-07-31,1996,7,1996-07-01,3,Wednesday,WHITC,White Clover Markets,USA,WA,5,Steven Buchanan,72,Mozzarella di Giovanni,4,Dairy Products,14,Formaggi Fortini s.r.l.,27.8,20,0.05000000074505806,528.2000122070312
10270,1996-08-01,1996,8,1996-08-01,3,Thursday,WARTH,Wartian Herkku,Finland,Sin Región,1,Nancy Davolio,36,Inlagd Sill,8,Seafood,17,Svensk Sjöföda AB,15.2,30,0.0,456.0
10270,1996-08-01,1996,8,1996-08-01,3,Thursday,WARTH,Wartian Herkku,Finland,Sin Región,1,Nancy Davolio,43,Ipoh Coffee,1,Beverages,20,Leka Trading,36.8,25,0.0,920.0
10271,1996-08-01,1996,8,1996-08-01,3,Thursday,SPLIR,Split Rail Beer & Ale,USA,WY,6,Michael Suyama,33,Geitost,4,Dairy Products,15,Norske Meierier,2.0,24,0.0,48.0
10272,1996-08-02,1996,8,1996-08-01,3,Friday,RATTC,Rattlesnake Canyon Grocery,USA,NM,6,Michael Suyama,20,Sir Rodney's Marmalade,3,Confections,8,"Specialty Biscuits, Ltd.",64.8,6,0.0,388.79998779296875
10272,1996-08-02,1996,8,1996-08-01,3,Friday,RATTC,Rattlesnake Canyon Grocery,USA,NM,6,Michael Suyama,31,Gorgonzola Telino,4,Dairy Products,14,Formaggi Fortini s.r.l.,10.0,40,0.0,400.0
10272,1996-08-02,1996,8,1996-08-01,3,Friday,RATTC,Rattlesnake Canyon Grocery,USA,NM,6,Michael Suyama,72,Mozzarella di Giovanni,4,Dairy Products,14,Formaggi Fortini s.r.l.,27.8,24,0.0,667.2000122070312
10273,1996-08-05,1996,8,1996-08-01,3,Monday,QUICK,QUICK-Stop,Germany,Sin Región,3,Janet Leverling,10,Ikura,8,Seafood,4,Tokyo Traders,24.8,24,0.05000000074505806,565.4400024414062
10273,1996-08-05,1996,8,1996-08-01,3,Monday,QUICK,QUICK-Stop,Germany,Sin Región,3,Janet Leverling,31,Gorgonzola Telino,4,Dairy Products,14,Formaggi Fortini s.r.l.,10.0,15,0.05000000074505806,142.5
10273,1996-08-05,1996,8,1996-08-01,3,Monday,QUICK,QUICK-Stop,Germany,Sin Región,3,Janet Leverling,33,Geitost,4,Dairy Products,15,Norske Meierier,2.0,20,0.0,40.0
10273,1996-08-05,1996,8,1996-08-01,3,Monday,QUICK,QUICK-Stop,Germany,Sin Región,3,Janet Leverling,40,Boston Crab Meat,8,Seafood,19,New England Seafood Cannery,14.7,60,0.05000000074505806,837.8999633789062
10273,1996-08-05,1996,8,1996-08-01,3,Monday,QUICK,QUICK-Stop,Germany,Sin Región,3,Janet Leverling,76,Lakkalikööri,1,Beverages,23,Karkki Oy,14.4,33,0.05000000074505806,451.44000244140625
10274,1996-08-06,1996,8,1996-08-01,3,Tuesday,VINET,Vins et alcools Chevalier,France,Sin Región,6,Michael Suyama,71,Flotemysost,4,Dairy Products,15,Norske Meierier,17.2,20,0.0,344.0
10274,1996-08-06,1996,8,1996-08-01,3,Tuesday,VINET,Vins et alcools Chevalier,France,Sin Región,6,Michael Suyama,72,Mozzarella di Giovanni,4,Dairy Products,14,Formaggi Fortini s.r.l.,27.8,7,0.0,194.60000610351562
10275,1996-08-07,1996,8,1996-08-01,3,Wednesday,MAGAA,Magazzini Alimentari Riuniti,Italy,Sin Región,1,Nancy Davolio,24,Guaraná Fantástica,1,Beverages,10,Refrescos Americanas LTDA,3.6,12,0.05000000074505806,41.040000915527344
10275,1996-08-07,1996,8,1996-08-01,3,Wednesday,MAGAA,Magazzini Alimentari Riuniti,Italy,Sin Región,1,Nancy Davolio,59,Raclette Courdavault,4,Dairy Products,28,Gai pâturage,44.0,6,0.05000000074505806,250.8000030517578
10276,1996-08-08,1996,8,1996-08-01,3,Thursday,TORTU,Tortuga Restaurante,Mexico,Sin Región,8,Laura Callahan,10,Ikura,8,Seafood,4,Tokyo Traders,24.8,15,0.0,372.0
10276,1996-08-08,1996,8,1996-08-01,3,Thursday,TORTU,Tortuga Restaurante,Mexico,Sin Región,8,Laura Callahan,13,Konbu,8,Seafood,6,Mayumi's,4.8,10,0.0,48.0
10277,1996-08-09,1996,8,1996-08-01,3,Friday,MORGK,Morgenstern Gesundkost,Germany,Sin Región,2,Andrew Fuller,28,Rössle Sauerkraut,7,Produce,12,Plutzer Lebensmittelgroßmärkte AG,36.4,20,0.0,728.0
10277,1996-08-09,1996,8,1996-08-01,3,Friday,MORGK,Morgenstern Gesundkost,Germany,Sin Región,2,Andrew Fuller,62,Tarte au sucre,3,Confections,29,Forêts d'érables,39.4,12,0.0,472.79998779296875
10278,1996-08-12,1996,8,1996-08-01,3,Monday,BERGS,Berglunds snabbköp,Sweden,Sin Región,8,Laura Callahan,44,Gula Malacca,2,Condiments,20,Leka Trading,15.5,16,0.0,248.0
10278,1996-08-12,1996,8,1996-08-01,3,Monday,BERGS,Berglunds snabbköp,Sweden,Sin Región,8,Laura Callahan,59,Raclette Courdavault,4,Dairy Products,28,Gai pâturage,44.0,15,0.0,660.0
10278,1996-08-12,1996,8,1996-08-01,3,Monday,BERGS,Berglunds snabbköp,Sweden,Sin Región,8,Laura Callahan,63,Vegie-spread,2,Condiments,7,"Pavlova, Ltd.",35.1,8,0.0,280.79998779296875
10278,1996-08-12,1996,8,1996-08-01,3,Monday,BERGS,Berglunds snabbköp,Sweden,Sin Región,8,Laura Callahan,73,Röd Kaviar,8,Seafood,17,Svensk Sjöföda AB,12.0,25,0.0,300.0
10279,1996-08-13,1996,8,1996-08-01,3,Tuesday,LEHMS,Lehmanns Marktstand,Germany,Sin Región,8,Laura Callahan,17,Alice Mutton,6,Meat/Poultry,7,"Pavlova, Ltd.",31.2,15,0.25,351.0
10280,1996-08-14,1996,8,1996-08-01,3,Wednesday,BERGS,Berglunds snabbköp,Sweden,Sin Región,2,Andrew Fuller,24,Guaraná Fantástica,1,Beverages,10,Refrescos Americanas LTDA,3.6,12,0.0,43.20000076293945
10280,1996-08-14,1996,8,1996-08-01,3,Wednesday,BERGS,Berglunds snabbköp,Sweden,Sin Región,2,Andrew Fuller,55,Pâté chinois,6,Meat/Poultry,25,Ma Maison,19.2,20,0.0,384.0
10280,1996-08-14,1996,8,1996-08-01,3,Wednesday,BERGS,Berglunds snabbköp,Sweden,Sin Región,2,Andrew Fuller,75,Rhönbräu Klosterbier,1,Beverages,12,Plutzer Lebensmittelgroßmärkte AG,6.2,30,0.0,186.0
10281,1996-08-14,1996,8,1996-08-01,3,Wednesday,ROMEY,Romero y tomillo,Spain,Sin Región,4,Margaret Peacock,19,Teatime Chocolate Biscuits,3,Confections,8,"Specialty Biscuits, Ltd.",7.3,1,0.0,7.300000190734863
10281,1996-08-14,1996,8,1996-08-01,3,Wednesday,ROMEY,Romero y tomillo,Spain,Sin Región,4,Margaret Peacock,24,Guaraná Fantástica,1,Beverages,10,Refrescos Americanas LTDA,3.6,6,0.0,21.600000381469727
10281,1996-08-14,1996,8,1996-08-01,3,Wednesday,ROMEY,Romero y tomillo,Spain,Sin Región,4,Margaret Peacock,35,Steeleye Stout,1,Beverages,16,Bigfoot Breweries,14.4,4,0.0,57.599998474121094
10282,1996-08-15,1996,8,1996-08-01,3,Thursday,ROMEY,Romero y tomillo,Spain,Sin Región,4,Margaret Peacock,30,Nord-Ost Matjeshering,8,Seafood,13,Nord-Ost-Fisch Handelsgesellschaft mbH,20.7,6,0.0,124.19999694824219
10282,1996-08-15,1996,8,1996-08-01,3,Thursday,ROMEY,Romero y tomillo,Spain,Sin Región,4,Margaret Peacock,57,Ravioli Angelo,5,Grains/Cereals,26,Pasta Buttini s.r.l.,15.6,2,0.0,31.200000762939453
10283,1996-08-16,1996,8,1996-08-01,3,Friday,LILAS,LILA-Supermercado,Venezuela,Lara,3,Janet Leverling,15,Genen Shouyu,2,Condiments,6,Mayumi's,12.4,20,0.0,248.0
10283,1996-08-16,1996,8,1996-08-01,3,Friday,LILAS,LILA-Supermercado,Venezuela,Lara,3,Janet Leverling,19,Teatime Chocolate Biscuits,3,Confections,8,"Specialty Biscuits, Ltd.",7.3,18,0.0,131.39999389648438
10283,1996-08-16,1996,8,1996-08-01,3,Friday,LILAS,LILA-Supermercado,Venezuela,Lara,3,Janet Leverling,60,Camembert Pierrot,4,Dairy Products,28,Gai pâturage,27.2,35,0.0,952.0
10283,1996-08-16,1996,8,1996-08-01,3,Friday,LILAS,LILA-Supermercado,Venezuela,Lara,3,Janet Leverling,72,Mozzarella di Giovanni,4,Dairy Products,14,Formaggi Fortini s.r.l.,27.8,3,0.0,83.4000015258789
10284,1996-08-19,1996,8,1996-08-01,3,Monday,LEHMS,Lehmanns Marktstand,Germany,Sin Región,4,Margaret Peacock,27,Schoggi Schokolade,3,Confections,11,Heli Süßwaren GmbH & Co. KG,35.1,15,0.25,394.875
10284,1996-08-19,1996,8,1996-08-01,3,Monday,LEHMS,Lehmanns Marktstand,Germany,Sin Región,4,Margaret Peacock,44,Gula Malacca,2,Condiments,20,Leka Trading,15.5,21,0.0,325.5
10284,1996-08-19,1996,8,1996-08-01,3,Monday,LEHMS,Lehmanns Marktstand,Germany,Sin Región,4,Margaret Peacock,60,Camembert Pierrot,4,Dairy Products,28,Gai pâturage,27.2,20,0.25,408.0
10284,1996-08-19,1996,8,1996-08-01,3,Monday,LEHMS,Lehmanns Marktstand,Germany,Sin Región,4,Margaret Peacock,67,Laughing Lumberjack Lager,1,Beverages,16,Bigfoot Breweries,11.2,5,0.25,42.0
10285,1996-08-20,1996,8,1996-08-01,3,Tuesday,QUICK,QUICK-Stop,Germany,Sin Región,1,Nancy Davolio,1,Chai,1,Beverages,1,Exotic Liquids,14.4,45,0.20000000298023224,518.4000244140625
10285,1996-08-20,1996,8,1996-08-01,3,Tuesday,QUICK,QUICK-Stop,Germany,Sin Región,1,Nancy Davolio,40,Boston Crab Meat,8,Seafood,19,New England Seafood Cannery,14.7,40,0.20000000298023224,470.3999938964844
10285,1996-08-20,1996,8,1996-08-01,3,Tuesday,QUICK,QUICK-Stop,Germany,Sin Región,1,Nancy Davolio,53,Perth Pasties,6,Meat/Poultry,24,"G'day, Mate",26.2,36,0.20000000298023224,754.5599975585938
10286,1996-08-21,1996,8,1996-08-01,3,Wednesday,QUICK,QUICK-Stop,Germany,Sin Región,8,Laura Callahan,35,Steeleye Stout,1,Beverages,16,Bigfoot Breweries,14.4,100,0.0,1440.0
10286,1996-08-21,1996,8,1996-08-01,3,Wednesday,QUICK,QUICK-Stop,Germany,Sin Región,8,Laura Callahan,62,Tarte au sucre,3,Confections,29,Forêts d'érables,39.4,40,0.0,1576.0
10287,1996-08-22,1996,8,1996-08-01,3,Thursday,RICAR,Ricardo Adocicados,Brazil,RJ,8,Laura Callahan,16,Pavlova,3,Confections,7,"Pavlova, Ltd.",13.9,40,0.15000000596046448,472.6000061035156
10287,1996-08-22,1996,8,1996-08-01,3,Thursday,RICAR,Ricardo Adocicados,Brazil,RJ,8,Laura Callahan,34,Sasquatch Ale,1,Beverages,16,Bigfoot Breweries,11.2,20,0.0,224.0
10287,1996-08-22,1996,8,1996-08-01,3,Thursday,RICAR,Ricardo Adocicados,Brazil,RJ,8,Laura Callahan,46,Spegesild,8,Seafood,21,Lyngbysild,9.6,15,0.15000000596046448,122.4000015258789
10288,1996-08-23,1996,8,1996-08-01,3,Friday,REGGC,Reggiani Caseifici,Italy,Sin Región,4,Margaret Peacock,54,Tourtière,6,Meat/Poultry,25,Ma Maison,5.9,10,0.10000000149011612,53.099998474121094
10288,1996-08-23,1996,8,1996-08-01,3,Friday,REGGC,Reggiani Caseifici,Italy,Sin Región,4,Margaret Peacock,68,Scottish Longbreads,3,Confections,8,"Specialty Biscuits, Ltd.",10.0,3,0.10000000149011612,27.0
10289,1996-08-26,1996,8,1996-08-01,3,Monday,BSBEV,B's Beverages,UK,Sin Región,7,Robert King,3,Aniseed Syrup,2,Condiments,1,Exotic Liquids,8.0,30,0.0,240.0
10289,1996-08-26,1996,8,1996-08-01,3,Monday,BSBEV,B's Beverages,UK,Sin Región,7,Robert King,64,Wimmers gute Semmelknödel,5,Grains/Cereals,12,Plutzer Lebensmittelgroßmärkte AG,26.6,9,0.0,239.39999389648438
10290,1996-08-27,1996,8,1996-08-01,3,Tuesday,COMMI,Comércio Mineiro,Brazil,SP,8,Laura Callahan,5,Chef Anton's Gumbo Mix,2,Condiments,2,New Orleans Cajun Delights,17.0,20,0.0,340.0
10290,1996-08-27,1996,8,1996-08-01,3,Tuesday,COMMI,Comércio Mineiro,Brazil,SP,8,Laura Callahan,29,Thüringer Rostbratwurst,6,Meat/Poultry,12,Plutzer Lebensmittelgroßmärkte AG,99.0,15,0.0,1485.0
10290,1996-08-27,1996,8,1996-08-01,3,Tuesday,COMMI,Comércio Mineiro,Brazil,SP,8,Laura Callahan,49,Maxilaku,3,Confections,23,Karkki Oy,16.0,15,0.0,240.0
10290,1996-08-27,1996,8,1996-08-01,3,Tuesday,COMMI,Comércio Mineiro,Brazil,SP,8,Laura Callahan,77,Original Frankfurter grüne Soße,2,Condiments,12,Plutzer Lebensmittelgroßmärkte AG,10.4,10,0.0,104.0
10291,1996-08-27,1996,8,1996-08-01,3,Tuesday,QUEDE,Que Delícia,Brazil,RJ,6,Michael Suyama,13,Konbu,8,Seafood,6,Mayumi's,4.8,20,0.10000000149011612,86.39999389648438
10291,1996-08-27,1996,8,1996-08-01,3,Tuesday,QUEDE,Que Delícia,Brazil,RJ,6,Michael Suyama,44,Gula Malacca,2,Condiments,20,Leka Trading,15.5,24,0.10000000149011612,334.79998779296875
10291,1996-08-27,1996,8,1996-08-01,3,Tuesday,QUEDE,Que Delícia,Brazil,RJ,6,Michael Suyama,51,Manjimup Dried Apples,7,Produce,24,"G'day, Mate",42.4,2,0.10000000149011612,76.31999969482422
10292,1996-08-28,1996,8,1996-08-01,3,Wednesday,TRADH,Tradição Hipermercados,Brazil,SP,1,Nancy Davolio,20,Sir Rodney's Marmalade,3,Confections,8,"Specialty Biscuits, Ltd.",64.8,20,0.0,1296.0
10293,1996-08-29,1996,8,1996-08-01,3,Thursday,TORTU,Tortuga Restaurante,Mexico,Sin Región,1,Nancy Davolio,18,Carnarvon Tigers,8,Seafood,7,"Pavlova, Ltd.",50.0,12,0.0,600.0
10293,1996-08-29,1996,8,1996-08-01,3,Thursday,TORTU,Tortuga Restaurante,Mexico,Sin Región,1,Nancy Davolio,24,Guaraná Fantástica,1,Beverages,10,Refrescos Americanas LTDA,3.6,10,0.0,36.0
10293,1996-08-29,1996,8,1996-08-01,3,Thursday,TORTU,Tortuga Restaurante,Mexico,Sin Región,1,Nancy Davolio,63,Vegie-spread,2,Condiments,7,"Pavlova, Ltd.",35.1,5,0.0,175.5
10293,1996-08-29,1996,8,1996-08-01,3,Thursday,TORTU,Tortuga Restaurante,Mexico,Sin Región,1,Nancy Davolio,75,Rhönbräu Klosterbier,1,Beverages,12,Plutzer Lebensmittelgroßmärkte AG,6.2,6,0.0,37.20000076293945
10294,1996-08-30,1996,8,1996-08-01,3,Friday,RATTC,Rattlesnake Canyon Grocery,USA,NM,4,Margaret Peacock,1,Chai,1,Beverages,1,Exotic Liquids,14.4,18,0.0,259.20001220703125
10294,1996-08-30,1996,8,1996-08-01,3,Friday,RATTC,Rattlesnake Canyon Grocery,USA,NM,4,Margaret Peacock,17,Alice Mutton,6,Meat/Poultry,7,"Pavlova, Ltd.",31.2,15,0.0,468.0
10294,1996-08-30,1996,8,1996-08-01,3,Friday,RATTC,Rattlesnake Canyon Grocery,USA,NM,4,Margaret Peacock,43,Ipoh Coffee,1,Beverages,20,Leka Trading,36.8,15,0.0,552.0
10294,1996-08-30,1996,8,1996-08-01,3,Friday,RATTC,Rattlesnake Canyon Grocery,USA,NM,4,Margaret Peacock,60,Camembert Pierrot,4,Dairy Products,28,Gai pâturage,27.2,21,0.0,571.2000122070312
10294,1996-08-30,1996,8,1996-08-01,3,Friday,RATTC,Rattlesnake Canyon Grocery,USA,NM,4,Margaret Peacock,75,Rhönbräu Klosterbier,1,Beverages,12,Plutzer Lebensmittelgroßmärkte AG,6.2,6,0.0,37.20000076293945
10295,1996-09-02,1996,9,1996-09-01,3,Monday,VINET,Vins et alcools Chevalier,France,Sin Región,2,Andrew Fuller,56,Gnocchi di nonna Alice,5,Grains/Cereals,26,Pasta Buttini s.r.l.,30.4,4,0.0,121.5999984741211
10296,1996-09-03,1996,9,1996-09-01,3,Tuesday,LILAS,LILA-Supermercado,Venezuela,Lara,6,Michael Suyama,11,Queso Cabrales,4,Dairy Products,5,Cooperativa de Quesos 'Las Cabras',16.8,12,0.0,201.60000610351562
10296,1996-09-03,1996,9,1996-09-01,3,Tuesday,LILAS,LILA-Supermercado,Venezuela,Lara,6,Michael Suyama,16,Pavlova,3,Confections,7,"Pavlova, Ltd.",13.9,30,0.0,417.0
10296,1996-09-03,1996,9,1996-09-01,3,Tuesday,LILAS,LILA-Supermercado,Venezuela,Lara,6,Michael Suyama,69,Gudbrandsdalsost,4,Dairy Products,15,Norske Meierier,28.8,15,0.0,432.0
10297,1996-09-04,1996,9,1996-09-01,3,Wednesday,BLONP,Blondesddsl père et fils,France,Sin Región,5,Steven Buchanan,39,Chartreuse verte,1,Beverages,18,Aux joyeux ecclésiastiques,14.4,60,0.0,864.0
10297,1996-09-04,1996,9,1996-09-01,3,Wednesday,BLONP,Blondesddsl père et fils,France,Sin Región,5,Steven Buchanan,72,Mozzarella di Giovanni,4,Dairy Products,14,Formaggi Fortini s.r.l.,27.8,20,0.0,556.0
10298,1996-09-05,1996,9,1996-09-01,3,Thursday,HUNGO,Hungry Owl All-Night Grocers,Ireland,Co. Cork,6,Michael Suyama,2,Chang,1,Beverages,1,Exotic Liquids,15.2,40,0.0,608.0
10298,1996-09-05,1996,9,1996-09-01,3,Thursday,HUNGO,Hungry Owl All-Night Grocers,Ireland,Co. Cork,6,Michael Suyama,36,Inlagd Sill,8,Seafood,17,Svensk Sjöföda AB,15.2,40,0.25,456.0
10298,1996-09-05,1996,9,1996-09-01,3,Thursday,HUNGO,Hungry Owl All-Night Grocers,Ireland,Co. Cork,6,Michael Suyama,59,Raclette Courdavault,4,Dairy Products,28,Gai pâturage,44.0,30,0.25,990.0
10298,1996-09-05,1996,9,1996-09-01,3,Thursday,HUNGO,Hungry Owl All-Night Grocers,Ireland,Co. Cork,6,Michael Suyama,62,Tarte au sucre,3,Confections,29,Forêts d'érables,39.4,15,0.0,591.0
10299,1996-09-06,1996,9,1996-09-01,3,Friday,RICAR,Ricardo Adocicados,Brazil,RJ,4,Margaret Peacock,19,Teatime Chocolate Biscuits,3,Confections,8,"Specialty Biscuits, Ltd.",7.3,15,0.0,109.5
10299,1996-09-06,1996,9,1996-09-01,3,Friday,RICAR,Ricardo Adocicados,Brazil,RJ,4,Margaret Peacock,70,Outback Lager,1,Beverages,7,"Pavlova, Ltd.",12.0,20,0.0,240.0
10300,1996-09-09,1996,9,1996-09-01,3,Monday,MAGAA,Magazzini Alimentari Riuniti,Italy,Sin Región,2,Andrew Fuller,66,Louisiana Hot Spiced Okra,2,Condiments,2,New Orleans Cajun Delights,13.6,30,0.0,408.0
10300,1996-09-09,1996,9,1996-09-01,3,Monday,MAGAA,Magazzini Alimentari Riuniti,Italy,Sin Región,2,Andrew Fuller,68,Scottish Longbreads,3,Confections,8,"Specialty Biscuits, Ltd.",10.0,20,0.0,200.0
10301,1996-09-09,1996,9,1996-09-01,3,Monday,WANDK,Die Wandernde Kuh,Germany,Sin Región,8,Laura Callahan,40,Boston Crab Meat,8,Seafood,19,New England Seafood Cannery,14.7,10,0.0,147.0
10301,1996-09-09,1996,9,1996-09-01,3,Monday,WANDK,Die Wandernde Kuh,Germany,Sin Región,8,Laura Callahan,56,Gnocchi di nonna Alice,5,Grains/Cereals,26,Pasta Buttini s.r.l.,30.4,20,0.0,608.0
10302,1996-09-10,1996,9,1996-09-01,3,Tuesday,SUPRD,Suprêmes délices,Belgium,Sin Región,4,Margaret Peacock,17,Alice Mutton,6,Meat/Poultry,7,"Pavlova, Ltd.",31.2,40,0.0,1248.0
10302,1996-09-10,1996,9,1996-09-01,3,Tuesday,SUPRD,Suprêmes délices,Belgium,Sin Región,4,Margaret Peacock,28,Rössle Sauerkraut,7,Produce,12,Plutzer Lebensmittelgroßmärkte AG,36.4,28,0.0,1019.2000122070312
10302,1996-09-10,1996,9,1996-09-01,3,Tuesday,SUPRD,Suprêmes délices,Belgium,Sin Región,4,Margaret Peacock,43,Ipoh Coffee,1,Beverages,20,Leka Trading,36.8,12,0.0,441.6000061035156
10303,1996-09-11,1996,9,1996-09-01,3,Wednesday,GODOS,Godos Cocina Típica,Spain,Sin Región,7,Robert King,40,Boston Crab Meat,8,Seafood,19,New England Seafood Cannery,14.7,40,0.10000000149011612,529.2000122070312
10303,1996-09-11,1996,9,1996-09-01,3,Wednesday,GODOS,Godos Cocina Típica,Spain,Sin Región,7,Robert King,65,Louisiana Fiery Hot Pepper Sauce,2,Condiments,2,New Orleans Cajun Delights,16.8,30,0.10000000149011612,453.5999755859375
10303,1996-09-11,1996,9,1996-09-01,3,Wednesday,GODOS,Godos Cocina Típica,Spain,Sin Región,7,Robert King,68,Scottish Longbreads,3,Confections,8,"Specialty Biscuits, Ltd.",10.0,15,0.10000000149011612,135.0
10304,1996-09-12,1996,9,1996-09-01,3,Thursday,TORTU,Tortuga Restaurante,Mexico,Sin Región,1,Nancy Davolio,49,Maxilaku,3,Confections,23,Karkki Oy,16.0,30,0.0,480.0
10304,1996-09-12,1996,9,1996-09-01,3,Thursday,TORTU,Tortuga Restaurante,Mexico,Sin Región,1,Nancy Davolio,59,Raclette Courdavault,4,Dairy Products,28,Gai pâturage,44.0,10,0.0,440.0
10304,1996-09-12,1996,9,1996-09-01,3,Thursday,TORTU,Tortuga Restaurante,Mexico,Sin Región,1,Nancy Davolio,71,Flotemysost,4,Dairy Products,15,Norske Meierier,17.2,2,0.0,34.400001525878906
10305,1996-09-13,1996,9,1996-09-01,3,Friday,OLDWO,Old World Delicatessen,USA,AK,8,Laura Callahan,18,Carnarvon Tigers,8,Seafood,7,"Pavlova, Ltd.",50.0,25,0.10000000149011612,1125.0
10305,1996-09-13,1996,9,1996-09-01,3,Friday,OLDWO,Old World Delicatessen,USA,AK,8,Laura Callahan,29,Thüringer Rostbratwurst,6,Meat/Poultry,12,Plutzer Lebensmittelgroßmärkte AG,99.0,25,0.10000000149011612,2227.5
10305,1996-09-13,1996,9,1996-09-01,3,Friday,OLDWO,Old World Delicatessen,USA,AK,8,Laura Callahan,39,Chartreuse verte,1,Beverages,18,Aux joyeux ecclésiastiques,14.4,30,0.10000000149011612,388.79998779296875
10306,1996-09-16,1996,9,1996-09-01,3,Monday,ROMEY,Romero y tomillo,Spain,Sin Región,1,Nancy Davolio,30,Nord-Ost Matjeshering,8,Seafood,13,Nord-Ost-Fisch Handelsgesellschaft mbH,20.7,10,0.0,207.0
10306,1996-09-16,1996,9,1996-09-01,3,Monday,ROMEY,Romero y tomillo,Spain,Sin Región,1,Nancy Davolio,53,Perth Pasties,6,Meat/Poultry,24,"G'day, Mate",26.2,10,0.0,262.0
10306,1996-09-16,1996,9,1996-09-01,3,Monday,ROMEY,Romero y tomillo,Spain,Sin Región,1,Nancy Davolio,54,Tourtière,6,Meat/Poultry,25,Ma Maison,5.9,5,0.0,29.5
10307,1996-09-17,1996,9,1996-09-01,3,Tuesday,LONEP,Lonesome Pine Restaurant,USA,OR,2,Andrew Fuller,62,Tarte au sucre,3,Confections,29,Forêts d'érables,39.4,10,0.0,394.0
10307,1996-09-17,1996,9,1996-09-01,3,Tuesday,LONEP,Lonesome Pine Restaurant,USA,OR,2,Andrew Fuller,68,Scottish Longbreads,3,Confections,8,"Specialty Biscuits, Ltd.",10.0,3,0.0,30.0
10308,1996-09-18,1996,9,1996-09-01,3,Wednesday,ANATR,Ana Trujillo Emparedados y helados,Mexico,Sin Región,7,Robert King,69,Gudbrandsdalsost,4,Dairy Products,15,Norske Meierier,28.8,1,0.0,28.799999237060547
10308,1996-09-18,1996,9,1996-09-01,3,Wednesday,ANATR,Ana Trujillo Emparedados y helados,Mexico,Sin Región,7,Robert King,70,Outback Lager,1,Beverages,7,"Pavlova, Ltd.",12.0,5,0.0,60.0
10309,1996-09-19,1996,9,1996-09-01,3,Thursday,HUNGO,Hungry Owl All-Night Grocers,Ireland,Co. Cork,3,Janet Leverling,4,Chef Anton's Cajun Seasoning,2,Condiments,2,New Orleans Cajun Delights,17.6,20,0.0,352.0
10309,1996-09-19,1996,9,1996-09-01,3,Thursday,HUNGO,Hungry Owl All-Night Grocers,Ireland,Co. Cork,3,Janet Leverling,6,Grandma's Boysenberry Spread,2,Condiments,3,Grandma Kelly's Homestead,20.0,30,0.0,600.0
10309,1996-09-19,1996,9,1996-09-01,3,Thursday,HUNGO,Hungry Owl All-Night Grocers,Ireland,Co. Cork,3,Janet Leverling,42,Singaporean Hokkien Fried Mee,5,Grains/Cereals,20,Leka Trading,11.2,2,0.0,22.399999618530273
10309,1996-09-19,1996,9,1996-09-01,3,Thursday,HUNGO,Hungry Owl All-Night Grocers,Ireland,Co. Cork,3,Janet Leverling,43,Ipoh Coffee,1,Beverages,20,Leka Trading,36.8,20,0.0,736.0
10309,1996-09-19,1996,9,1996-09-01,3,Thursday,HUNGO,Hungry Owl All-Night Grocers,Ireland,Co. Cork,3,Janet Leverling,71,Flotemysost,4,Dairy Products,15,Norske Meierier,17.2,3,0.0,51.599998474121094
10310,1996-09-20,1996,9,1996-09-01,3,Friday,THEBI,The Big Cheese,USA,OR,8,Laura Callahan,16,Pavlova,3,Confections,7,"Pavlova, Ltd.",13.9,10,0.0,139.0
10310,1996-09-20,1996,9,1996-09-01,3,Friday,THEBI,The Big Cheese,USA,OR,8,Laura Callahan,62,Tarte au sucre,3,Confections,29,Forêts d'érables,39.4,5,0.0,197.0
10311,1996-09-20,1996,9,1996-09-01,3,Friday,DUMON,Du monde entier,France,Sin Región,1,Nancy Davolio,42,Singaporean Hokkien Fried Mee,5,Grains/Cereals,20,Leka Trading,11.2,6,0.0,67.19999694824219
10311,1996-09-20,1996,9,1996-09-01,3,Friday,DUMON,Du monde entier,France,Sin Región,1,Nancy Davolio,69,Gudbrandsdalsost,4,Dairy Products,15,Norske Meierier,28.8,7,0.0,201.60000610351562
10312,1996-09-23,1996,9,1996-09-01,3,Monday,WANDK,Die Wandernde Kuh,Germany,Sin Región,2,Andrew Fuller,28,Rössle Sauerkraut,7,Produce,12,Plutzer Lebensmittelgroßmärkte AG,36.4,4,0.0,145.60000610351562
10312,1996-09-23,1996,9,1996-09-01,3,Monday,WANDK,Die Wandernde Kuh,Germany,Sin Región,2,Andrew Fuller,43,Ipoh Coffee,1,Beverages,20,Leka Trading,36.8,24,0.0,883.2000122070312
10312,1996-09-23,1996,9,1996-09-01,3,Monday,WANDK,Die Wandernde Kuh,Germany,Sin Región,2,Andrew Fuller,53,Perth Pasties,6,Meat/Poultry,24,"G'day, Mate",26.2,20,0.0,524.0
10312,1996-09-23,1996,9,1996-09-01,3,Monday,WANDK,Die Wandernde Kuh,Germany,Sin Región,2,Andrew Fuller,75,Rhönbräu Klosterbier,1,Beverages,12,Plutzer Lebensmittelgroßmärkte AG,6.2,10,0.0,62.0
10313,1996-09-24,1996,9,1996-09-01,3,Tuesday,QUICK,QUICK-Stop,Germany,Sin Región,2,Andrew Fuller,36,Inlagd Sill,8,Seafood,17,Svensk Sjöföda AB,15.2,12,0.0,182.39999389648438
10314,1996-09-25,1996,9,1996-09-01,3,Wednesday,RATTC,Rattlesnake Canyon Grocery,USA,NM,1,Nancy Davolio,32,Mascarpone Fabioli,4,Dairy Products,14,Formaggi Fortini s.r.l.,25.6,40,0.10000000149011612,921.5999755859375
10314,1996-09-25,1996,9,1996-09-01,3,Wednesday,RATTC,Rattlesnake Canyon Grocery,USA,NM,1,Nancy Davolio,58,Escargots de Bourgogne,8,Seafood,27,Escargots Nouveaux,10.6,30,0.10000000149011612,286.1999816894531
10314,1996-09-25,1996,9,1996-09-01,3,Wednesday,RATTC,Rattlesnake Canyon Grocery,USA,NM,1,Nancy Davolio,62,Tarte au sucre,3,Confections,29,Forêts d'érables,39.4,25,0.10000000149011612,886.5
10315,1996-09-26,1996,9,1996-09-01,3,Thursday,ISLAT,Island Trading,UK,Isle of Wight,4,Margaret Peacock,34,Sasquatch Ale,1,Beverages,16,Bigfoot Breweries,11.2,14,0.0,156.8000030517578
10315,1996-09-26,1996,9,1996-09-01,3,Thursday,ISLAT,Island Trading,UK,Isle of Wight,4,Margaret Peacock,70,Outback Lager,1,Beverages,7,"Pavlova, Ltd.",12.0,30,0.0,360.0
10316,1996-09-27,1996,9,1996-09-01,3,Friday,RATTC,Rattlesnake Canyon Grocery,USA,NM,1,Nancy Davolio,41,Jack's New England Clam Chowder,8,Seafood,19,New England Seafood Cannery,7.7,10,0.0,77.0
10316,1996-09-27,1996,9,1996-09-01,3,Friday,RATTC,Rattlesnake Canyon Grocery,USA,NM,1,Nancy Davolio,62,Tarte au sucre,3,Confections,29,Forêts d'érables,39.4,70,0.0,2758.0
10317,1996-09-30,1996,9,1996-09-01,3,Monday,LONEP,Lonesome Pine Restaurant,USA,OR,6,Michael Suyama,1,Chai,1,Beverages,1,Exotic Liquids,14.4,20,0.0,288.0
10318,1996-10-01,1996,10,1996-10-01,4,Tuesday,ISLAT,Island Trading,UK,Isle of Wight,8,Laura Callahan,41,Jack's New England Clam Chowder,8,Seafood,19,New England Seafood Cannery,7.7,20,0.0,154.0
10318,1996-10-01,1996,10,1996-10-01,4,Tuesday,ISLAT,Island Trading,UK,Isle of Wight,8,Laura Callahan,76,Lakkalikööri,1,Beverages,23,Karkki Oy,14.4,6,0.0,86.4000015258789
10319,1996-10-02,1996,10,1996-10-01,4,Wednesday,TORTU,Tortuga Restaurante,Mexico,Sin Región,7,Robert King,17,Alice Mutton,6,Meat/Poultry,7,"Pavlova, Ltd.",31.2,8,0.0,249.60000610351562
10319,1996-10-02,1996,10,1996-10-01,4,Wednesday,TORTU,Tortuga Restaurante,Mexico,Sin Región,7,Robert King,28,Rössle Sauerkraut,7,Produce,12,Plutzer Lebensmittelgroßmärkte AG,36.4,14,0.0,509.6000061035156
10319,1996-10-02,1996,10,1996-10-01,4,Wednesday,TORTU,Tortuga Restaurante,Mexico,Sin Región,7,Robert King,76,Lakkalikööri,1,Beverages,23,Karkki Oy,14.4,30,0.0,432.0
10320,1996-10-03,1996,10,1996-10-01,4,Thursday,WARTH,Wartian Herkku,Finland,Sin Región,5,Steven Buchanan,71,Flotemysost,4,Dairy Products,15,Norske Meierier,17.2,30,0.0,516.0
10321,1996-10-03,1996,10,1996-10-01,4,Thursday,ISLAT,Island Trading,UK,Isle of Wight,3,Janet Leverling,35,Steeleye Stout,1,Beverages,16,Bigfoot Breweries,14.4,10,0.0,144.0
10322,1996-10-04,1996,10,1996-10-01,4,Friday,PERIC,Pericles Comidas clásicas,Mexico,Sin Región,7,Robert King,52,Filo Mix,5,Grains/Cereals,24,"G'day, Mate",5.6,20,0.0,112.0
10323,1996-10-07,1996,10,1996-10-01,4,Monday,KOENE,Königlich Essen,Germany,Sin Región,4,Margaret Peacock,15,Genen Shouyu,2,Condiments,6,Mayumi's,12.4,5,0.0,62.0
10323,1996-10-07,1996,10,1996-10-01,4,Monday,KOENE,Königlich Essen,Germany,Sin Región,4,Margaret Peacock,25,NuNuCa Nuß-Nougat-Creme,3,Confections,11,Heli Süßwaren GmbH & Co. KG,11.2,4,0.0,44.79999923706055
10323,1996-10-07,1996,10,1996-10-01,4,Monday,KOENE,Königlich Essen,Germany,Sin Región,4,Margaret Peacock,39,Chartreuse verte,1,Beverages,18,Aux joyeux ecclésiastiques,14.4,4,0.0,57.599998474121094
10324,1996-10-08,1996,10,1996-10-01,4,Tuesday,SAVEA,Save-a-lot Markets,USA,ID,9,Anne Dodsworth,16,Pavlova,3,Confections,7,"Pavlova, Ltd.",13.9,21,0.15000000596046448,248.11500549316406
10324,1996-10-08,1996,10,1996-10-01,4,Tuesday,SAVEA,Save-a-lot Markets,USA,ID,9,Anne Dodsworth,35,Steeleye Stout,1,Beverages,16,Bigfoot Breweries,14.4,70,0.15000000596046448,856.800048828125
10324,1996-10-08,1996,10,1996-10-01,4,Tuesday,SAVEA,Save-a-lot Markets,USA,ID,9,Anne Dodsworth,46,Spegesild,8,Seafood,21,Lyngbysild,9.6,30,0.0,288.0
10324,1996-10-08,1996,10,1996-10-01,4,Tuesday,SAVEA,Save-a-lot Markets,USA,ID,9,Anne Dodsworth,59,Raclette Courdavault,4,Dairy Products,28,Gai pâturage,44.0,40,0.15000000596046448,1496.0
10324,1996-10-08,1996,10,1996-10-01,4,Tuesday,SAVEA,Save-a-lot Markets,USA,ID,9,Anne Dodsworth,63,Vegie-spread,2,Condiments,7,"Pavlova, Ltd.",35.1,80,0.15000000596046448,2386.800048828125
10325,1996-10-09,1996,10,1996-10-01,4,Wednesday,KOENE,Königlich Essen,Germany,Sin Región,1,Nancy Davolio,6,Grandma's Boysenberry Spread,2,Condiments,3,Grandma Kelly's Homestead,20.0,6,0.0,120.0
10325,1996-10-09,1996,10,1996-10-01,4,Wednesday,KOENE,Königlich Essen,Germany,Sin Región,1,Nancy Davolio,13,Konbu,8,Seafood,6,Mayumi's,4.8,12,0.0,57.599998474121094
10325,1996-10-09,1996,10,1996-10-01,4,Wednesday,KOENE,Königlich Essen,Germany,Sin Región,1,Nancy Davolio,14,Tofu,7,Produce,6,Mayumi's,18.6,9,0.0,167.39999389648438
10325,1996-10-09,1996,10,1996-10-01,4,Wednesday,KOENE,Königlich Essen,Germany,Sin Región,1,Nancy Davolio,31,Gorgonzola Telino,4,Dairy Products,14,Formaggi Fortini s.r.l.,10.0,4,0.0,40.0
10325,1996-10-09,1996,10,1996-10-01,4,Wednesday,KOENE,Königlich Essen,Germany,Sin Región,1,Nancy Davolio,72,Mozzarella di Giovanni,4,Dairy Products,14,Formaggi Fortini s.r.l.,27.8,40,0.0,1112.0
10326,1996-10-10,1996,10,1996-10-01,4,Thursday,BOLID,Bólido Comidas preparadas,Spain,Sin Región,4,Margaret Peacock,4,Chef Anton's Cajun Seasoning,2,Condiments,2,New Orleans Cajun Delights,17.6,24,0.0,422.3999938964844
10326,1996-10-10,1996,10,1996-10-01,4,Thursday,BOLID,Bólido Comidas preparadas,Spain,Sin Región,4,Margaret Peacock,57,Ravioli Angelo,5,Grains/Cereals,26,Pasta Buttini s.r.l.,15.6,16,0.0,249.60000610351562
10326,1996-10-10,1996,10,1996-10-01,4,Thursday,BOLID,Bólido Comidas preparadas,Spain,Sin Región,4,Margaret Peacock,75,Rhönbräu Klosterbier,1,Beverages,12,Plutzer Lebensmittelgroßmärkte AG,6.2,50,0.0,310.0
10327,1996-10-11,1996,10,1996-10-01,4,Friday,FOLKO,Folk och fä HB,Sweden,Sin Región,2,Andrew Fuller,2,Chang,1,Beverages,1,Exotic Liquids,15.2,25,0.20000000298023224,304.0
10327,1996-10-11,1996,10,1996-10-01,4,Friday,FOLKO,Folk och fä HB,Sweden,Sin Región,2,Andrew Fuller,11,Queso Cabrales,4,Dairy Products,5,Cooperativa de Quesos 'Las Cabras',16.8,50,0.20000000298023224,672.0
10327,1996-10-11,1996,10,1996-10-01,4,Friday,FOLKO,Folk och fä HB,Sweden,Sin Región,2,Andrew Fuller,30,Nord-Ost Matjeshering,8,Seafood,13,Nord-Ost-Fisch Handelsgesellschaft mbH,20.7,35,0.20000000298023224,579.6000366210938
10327,1996-10-11,1996,10,1996-10-01,4,Friday,FOLKO,Folk och fä HB,Sweden,Sin Región,2,Andrew Fuller,58,Escargots de Bourgogne,8,Seafood,27,Escargots Nouveaux,10.6,30,0.20000000298023224,254.40000915527344
10328,1996-10-14,1996,10,1996-10-01,4,Monday,FURIB,Furia Bacalhau e Frutos do Mar,Portugal,Sin Región,4,Margaret Peacock,59,Raclette Courdavault,4,Dairy Products,28,Gai pâturage,44.0,9,0.0,396.0
10328,1996-10-14,1996,10,1996-10-01,4,Monday,FURIB,Furia Bacalhau e Frutos do Mar,Portugal,Sin Región,4,Margaret Peacock,65,Louisiana Fiery Hot Pepper Sauce,2,Condiments,2,New Orleans Cajun Delights,16.8,40,0.0,672.0
10328,1996-10-14,1996,10,1996-10-01,4,Monday,FURIB,Furia Bacalhau e Frutos do Mar,Portugal,Sin Región,4,Margaret Peacock,68,Scottish Longbreads,3,Confections,8,"Specialty Biscuits, Ltd.",10.0,10,0.0,100.0
10329,1996-10-15,1996,10,1996-10-01,4,Tuesday,SPLIR,Split Rail Beer & Ale,USA,WY,4,Margaret Peacock,19,Teatime Chocolate Biscuits,3,Confections,8,"Specialty Biscuits, Ltd.",7.3,10,0.05000000074505806,69.3499984741211
10329,1996-10-15,1996,10,1996-10-01,4,Tuesday,SPLIR,Split Rail Beer & Ale,USA,WY,4,Margaret Peacock,30,Nord-Ost Matjeshering,8,Seafood,13,Nord-Ost-Fisch Handelsgesellschaft mbH,20.7,8,0.05000000074505806,157.32000732421875
10329,1996-10-15,1996,10,1996-10-01,4,Tuesday,SPLIR,Split Rail Beer & Ale,USA,WY,4,Margaret Peacock,38,Côte de Blaye,1,Beverages,18,Aux joyeux ecclésiastiques,210.8,20,0.05000000074505806,4005.199951171875
10329,1996-10-15,1996,10,1996-10-01,4,Tuesday,SPLIR,Split Rail Beer & Ale,USA,WY,4,Margaret Peacock,56,Gnocchi di nonna Alice,5,Grains/Cereals,26,Pasta Buttini s.r.l.,30.4,12,0.05000000074505806,346.55999755859375
10330,1996-10-16,1996,10,1996-10-01,4,Wednesday,LILAS,LILA-Supermercado,Venezuela,Lara,3,Janet Leverling,26,Gumbär Gummibärchen,3,Confections,11,Heli Süßwaren GmbH & Co. KG,24.9,50,0.15000000596046448,1058.25
10330,1996-10-16,1996,10,1996-10-01,4,Wednesday,LILAS,LILA-Supermercado,Venezuela,Lara,3,Janet Leverling,72,Mozzarella di Giovanni,4,Dairy Products,14,Formaggi Fortini s.r.l.,27.8,25,0.15000000596046448,590.75
10331,1996-10-16,1996,10,1996-10-01,4,Wednesday,BONAP,Bon app',France,Sin Región,9,Anne Dodsworth,54,Tourtière,6,Meat/Poultry,25,Ma Maison,5.9,15,0.0,88.5
10332,1996-10-17,1996,10,1996-10-01,4,Thursday,MEREP,Mère Paillarde,Canada,Québec,3,Janet Leverling,18,Carnarvon Tigers,8,Seafood,7,"Pavlova, Ltd.",50.0,40,0.20000000298023224,1600.0
10332,1996-10-17,1996,10,1996-10-01,4,Thursday,MEREP,Mère Paillarde,Canada,Québec,3,Janet Leverling,42,Singaporean Hokkien Fried Mee,5,Grains/Cereals,20,Leka Trading,11.2,10,0.20000000298023224,89.5999984741211
10332,1996-10-17,1996,10,1996-10-01,4,Thursday,MEREP,Mère Paillarde,Canada,Québec,3,Janet Leverling,47,Zaanse koeken,3,Confections,22,Zaanse Snoepfabriek,7.6,16,0.20000000298023224,97.27999877929688
10333,1996-10-18,1996,10,1996-10-01,4,Friday,WARTH,Wartian Herkku,Finland,Sin Región,5,Steven Buchanan,14,Tofu,7,Produce,6,Mayumi's,18.6,10,0.0,186.0
10333,1996-10-18,1996,10,1996-10-01,4,Friday,WARTH,Wartian Herkku,Finland,Sin Región,5,Steven Buchanan,21,Sir Rodney's Scones,3,Confections,8,"Specialty Biscuits, Ltd.",8.0,10,0.10000000149011612,72.0
10333,1996-10-18,1996,10,1996-10-01,4,Friday,WARTH,Wartian Herkku,Finland,Sin Región,5,Steven Buchanan,71,Flotemysost,4,Dairy Products,15,Norske Meierier,17.2,40,0.10000000149011612,619.2000122070312
10334,1996-10-21,1996,10,1996-10-01,4,Monday,VICTE,Victuailles en stock,France,Sin Región,8,Laura Callahan,52,Filo Mix,5,Grains/Cereals,24,"G'day, Mate",5.6,8,0.0,44.79999923706055
10334,1996-10-21,1996,10,1996-10-01,4,Monday,VICTE,Victuailles en stock,France,Sin Región,8,Laura Callahan,68,Scottish Longbreads,3,Confections,8,"Specialty Biscuits, Ltd.",10.0,10,0.0,100.0
10335,1996-10-22,1996,10,1996-10-01,4,Tuesday,HUNGO,Hungry Owl All-Night Grocers,Ireland,Co. Cork,7,Robert King,2,Chang,1,Beverages,1,Exotic Liquids,15.2,7,0.20000000298023224,85.12000274658203
10335,1996-10-22,1996,10,1996-10-01,4,Tuesday,HUNGO,Hungry Owl All-Night Grocers,Ireland,Co. Cork,7,Robert King,31,Gorgonzola Telino,4,Dairy Products,14,Formaggi Fortini s.r.l.,10.0,25,0.20000000298023224,200.0
10335,1996-10-22,1996,10,1996-10-01,4,Tuesday,HUNGO,Hungry Owl All-Night Grocers,Ireland,Co. Cork,7,Robert King,32,Mascarpone Fabioli,4,Dairy Products,14,Formaggi Fortini s.r.l.,25.6,6,0.20000000298023224,122.8800048828125
10335,1996-10-22,1996,10,1996-10-01,4,Tuesday,HUNGO,Hungry Owl All-Night Grocers,Ireland,Co. Cork,7,Robert King,51,Manjimup Dried Apples,7,Produce,24,"G'day, Mate",42.4,48,0.20000000298023224,1628.1600341796875
10336,1996-10-23,1996,10,1996-10-01,4,Wednesday,PRINI,Princesa Isabel Vinhos,Portugal,Sin Región,7,Robert King,4,Chef Anton's Cajun Seasoning,2,Condiments,2,New Orleans Cajun Delights,17.6,18,0.10000000149011612,285.1199951171875
10337,1996-10-24,1996,10,1996-10-01,4,Thursday,FRANK,Frankenversand,Germany,Sin Región,4,Margaret Peacock,23,Tunnbröd,5,Grains/Cereals,9,PB Knäckebröd AB,7.2,40,0.0,288.0
10337,1996-10-24,1996,10,1996-10-01,4,Thursday,FRANK,Frankenversand,Germany,Sin Región,4,Margaret Peacock,26,Gumbär Gummibärchen,3,Confections,11,Heli Süßwaren GmbH & Co. KG,24.9,24,0.0,597.5999755859375
10337,1996-10-24,1996,10,1996-10-01,4,Thursday,FRANK,Frankenversand,Germany,Sin Región,4,Margaret Peacock,36,Inlagd Sill,8,Seafood,17,Svensk Sjöföda AB,15.2,20,0.0,304.0
10337,1996-10-24,1996,10,1996-10-01,4,Thursday,FRANK,Frankenversand,Germany,Sin Región,4,Margaret Peacock,37,Gravad lax,8,Seafood,17,Svensk Sjöföda AB,20.8,28,0.0,582.4000244140625
10337,1996-10-24,1996,10,1996-10-01,4,Thursday,FRANK,Frankenversand,Germany,Sin Región,4,Margaret Peacock,72,Mozzarella di Giovanni,4,Dairy Products,14,Formaggi Fortini s.r.l.,27.8,25,0.0,695.0
10338,1996-10-25,1996,10,1996-10-01,4,Friday,OLDWO,Old World Delicatessen,USA,AK,4,Margaret Peacock,17,Alice Mutton,6,Meat/Poultry,7,"Pavlova, Ltd.",31.2,20,0.0,624.0
10338,1996-10-25,1996,10,1996-10-01,4,Friday,OLDWO,Old World Delicatessen,USA,AK,4,Margaret Peacock,30,Nord-Ost Matjeshering,8,Seafood,13,Nord-Ost-Fisch Handelsgesellschaft mbH,20.7,15,0.0,310.5
10339,1996-10-28,1996,10,1996-10-01,4,Monday,MEREP,Mère Paillarde,Canada,Québec,2,Andrew Fuller,4,Chef Anton's Cajun Seasoning,2,Condiments,2,New Orleans Cajun Delights,17.6,10,0.0,176.0
10339,1996-10-28,1996,10,1996-10-01,4,Monday,MEREP,Mère Paillarde,Canada,Québec,2,Andrew Fuller,17,Alice Mutton,6,Meat/Poultry,7,"Pavlova, Ltd.",31.2,70,0.05000000074505806,2074.800048828125
10339,1996-10-28,1996,10,1996-10-01,4,Monday,MEREP,Mère Paillarde,Canada,Québec,2,Andrew Fuller,62,Tarte au sucre,3,Confections,29,Forêts d'érables,39.4,28,0.0,1103.199951171875
10340,1996-10-29,1996,10,1996-10-01,4,Tuesday,BONAP,Bon app',France,Sin Región,1,Nancy Davolio,18,Carnarvon Tigers,8,Seafood,7,"Pavlova, Ltd.",50.0,20,0.05000000074505806,950.0
10340,1996-10-29,1996,10,1996-10-01,4,Tuesday,BONAP,Bon app',France,Sin Región,1,Nancy Davolio,41,Jack's New England Clam Chowder,8,Seafood,19,New England Seafood Cannery,7.7,12,0.05000000074505806,87.77999877929688
10340,1996-10-29,1996,10,1996-10-01,4,Tuesday,BONAP,Bon app',France,Sin Región,1,Nancy Davolio,43,Ipoh Coffee,1,Beverages,20,Leka Trading,36.8,40,0.05000000074505806,1398.4000244140625
10341,1996-10-29,1996,10,1996-10-01,4,Tuesday,SIMOB,Simons bistro,Denmark,Sin Región,7,Robert King,33,Geitost,4,Dairy Products,15,Norske Meierier,2.0,8,0.0,16.0
10341,1996-10-29,1996,10,1996-10-01,4,Tuesday,SIMOB,Simons bistro,Denmark,Sin Región,7,Robert King,59,Raclette Courdavault,4,Dairy Products,28,Gai pâturage,44.0,9,0.15000000596046448,336.6000061035156
10342,1996-10-30,1996,10,1996-10-01,4,Wednesday,FRANK,Frankenversand,Germany,Sin Región,4,Margaret Peacock,2,Chang,1,Beverages,1,Exotic Liquids,15.2,24,0.20000000298023224,291.8399963378906
10342,1996-10-30,1996,10,1996-10-01,4,Wednesday,FRANK,Frankenversand,Germany,Sin Región,4,Margaret Peacock,31,Gorgonzola Telino,4,Dairy Products,14,Formaggi Fortini s.r.l.,10.0,56,0.20000000298023224,448.0
10342,1996-10-30,1996,10,1996-10-01,4,Wednesday,FRANK,Frankenversand,Germany,Sin Región,4,Margaret Peacock,36,Inlagd Sill,8,Seafood,17,Svensk Sjöföda AB,15.2,40,0.20000000298023224,486.3999938964844
10342,1996-10-30,1996,10,1996-10-01,4,Wednesday,FRANK,Frankenversand,Germany,Sin Región,4,Margaret Peacock,55,Pâté chinois,6,Meat/Poultry,25,Ma Maison,19.2,40,0.20000000298023224,614.4000244140625
10343,1996-10-31,1996,10,1996-10-01,4,Thursday,LEHMS,Lehmanns Marktstand,Germany,Sin Región,4,Margaret Peacock,64,Wimmers gute Semmelknödel,5,Grains/Cereals,12,Plutzer Lebensmittelgroßmärkte AG,26.6,50,0.0,1330.0
10343,1996-10-31,1996,10,1996-10-01,4,Thursday,LEHMS,Lehmanns Marktstand,Germany,Sin Región,4,Margaret Peacock,68,Scottish Longbreads,3,Confections,8,"Specialty Biscuits, Ltd.",10.0,4,0.05000000074505806,38.0
10343,1996-10-31,1996,10,1996-10-01,4,Thursday,LEHMS,Lehmanns Marktstand,Germany,Sin Región,4,Margaret Peacock,76,Lakkalikööri,1,Beverages,23,Karkki Oy,14.4,15,0.0,216.0
10344,1996-11-01,1996,11,1996-11-01,4,Friday,WHITC,White Clover Markets,USA,WA,4,Margaret Peacock,4,Chef Anton's Cajun Seasoning,2,Condiments,2,New Orleans Cajun Delights,17.6,35,0.0,616.0
10344,1996-11-01,1996,11,1996-11-01,4,Friday,WHITC,White Clover Markets,USA,WA,4,Margaret Peacock,8,Northwoods Cranberry Sauce,2,Condiments,3,Grandma Kelly's Homestead,32.0,70,0.25,1680.0
10345,1996-11-04,1996,11,1996-11-01,4,Monday,QUICK,QUICK-Stop,Germany,Sin Región,2,Andrew Fuller,8,Northwoods Cranberry Sauce,2,Condiments,3,Grandma Kelly's Homestead,32.0,70,0.0,2240.0
10345,1996-11-04,1996,11,1996-11-01,4,Monday,QUICK,QUICK-Stop,Germany,Sin Región,2,Andrew Fuller,19,Teatime Chocolate Biscuits,3,Confections,8,"Specialty Biscuits, Ltd.",7.3,80,0.0,584.0
10345,1996-11-04,1996,11,1996-11-01,4,Monday,QUICK,QUICK-Stop,Germany,Sin Región,2,Andrew Fuller,42,Singaporean Hokkien Fried Mee,5,Grains/Cereals,20,Leka Trading,11.2,9,0.0,100.80000305175781
10346,1996-11-05,1996,11,1996-11-01,4,Tuesday,RATTC,Rattlesnake Canyon Grocery,USA,NM,3,Janet Leverling,17,Alice Mutton,6,Meat/Poultry,7,"Pavlova, Ltd.",31.2,36,0.10000000149011612,1010.8799438476562
10346,1996-11-05,1996,11,1996-11-01,4,Tuesday,RATTC,Rattlesnake Canyon Grocery,USA,NM,3,Janet Leverling,56,Gnocchi di nonna Alice,5,Grains/Cereals,26,Pasta Buttini s.r.l.,30.4,20,0.0,608.0
10347,1996-11-06,1996,11,1996-11-01,4,Wednesday,FAMIA,Familia Arquibaldo,Brazil,SP,4,Margaret Peacock,25,NuNuCa Nuß-Nougat-Creme,3,Confections,11,Heli Süßwaren GmbH & Co. KG,11.2,10,0.0,112.0
10347,1996-11-06,1996,11,1996-11-01,4,Wednesday,FAMIA,Familia Arquibaldo,Brazil,SP,4,Margaret Peacock,39,Chartreuse verte,1,Beverages,18,Aux joyeux ecclésiastiques,14.4,50,0.15000000596046448,612.0
10347,1996-11-06,1996,11,1996-11-01,4,Wednesday,FAMIA,Familia Arquibaldo,Brazil,SP,4,Margaret Peacock,40,Boston Crab Meat,8,Seafood,19,New England Seafood Cannery,14.7,4,0.0,58.79999923706055
10347,1996-11-06,1996,11,1996-11-01,4,Wednesday,FAMIA,Familia Arquibaldo,Brazil,SP,4,Margaret Peacock,75,Rhönbräu Klosterbier,1,Beverages,12,Plutzer Lebensmittelgroßmärkte AG,6.2,6,0.15000000596046448,31.6200008392334
10348,1996-11-07,1996,11,1996-11-01,4,Thursday,WANDK,Die Wandernde Kuh,Germany,Sin Región,4,Margaret Peacock,1,Chai,1,Beverages,1,Exotic Liquids,14.4,15,0.15000000596046448,183.60000610351562
10348,1996-11-07,1996,11,1996-11-01,4,Thursday,WANDK,Die Wandernde Kuh,Germany,Sin Región,4,Margaret Peacock,23,Tunnbröd,5,Grains/Cereals,9,PB Knäckebröd AB,7.2,25,0.0,180.0
10349,1996-11-08,1996,11,1996-11-01,4,Friday,SPLIR,Split Rail Beer & Ale,USA,WY,7,Robert King,54,Tourtière,6,Meat/Poultry,25,Ma Maison,5.9,24,0.0,141.60000610351562
10350,1996-11-11,1996,11,1996-11-01,4,Monday,LAMAI,La maison d'Asie,France,Sin Región,6,Michael Suyama,50,Valkoinen suklaa,3,Confections,23,Karkki Oy,13.0,15,0.10000000149011612,175.5
10350,1996-11-11,1996,11,1996-11-01,4,Monday,LAMAI,La maison d'Asie,France,Sin Región,6,Michael Suyama,69,Gudbrandsdalsost,4,Dairy Products,15,Norske Meierier,28.8,18,0.10000000149011612,466.55999755859375
10351,1996-11-11,1996,11,1996-11-01,4,Monday,ERNSH,Ernst Handel,Austria,Sin Región,1,Nancy Davolio,38,Côte de Blaye,1,Beverages,18,Aux joyeux ecclésiastiques,210.8,20,0.05000000074505806,4005.199951171875
10351,1996-11-11,1996,11,1996-11-01,4,Monday,ERNSH,Ernst Handel,Austria,Sin Región,1,Nancy Davolio,41,Jack's New England Clam Chowder,8,Seafood,19,New England Seafood Cannery,7.7,13,0.0,100.0999984741211
10351,1996-11-11,1996,11,1996-11-01,4,Monday,ERNSH,Ernst Handel,Austria,Sin Región,1,Nancy Davolio,44,Gula Malacca,2,Condiments,20,Leka Trading,15.5,77,0.05000000074505806,1133.824951171875
10351,1996-11-11,1996,11,1996-11-01,4,Monday,ERNSH,Ernst Handel,Austria,Sin Región,1,Nancy Davolio,65,Louisiana Fiery Hot Pepper Sauce,2,Condiments,2,New Orleans Cajun Delights,16.8,10,0.05000000074505806,159.59999084472656
10352,1996-11-12,1996,11,1996-11-01,4,Tuesday,FURIB,Furia Bacalhau e Frutos do Mar,Portugal,Sin Región,3,Janet Leverling,24,Guaraná Fantástica,1,Beverages,10,Refrescos Americanas LTDA,3.6,10,0.0,36.0
10352,1996-11-12,1996,11,1996-11-01,4,Tuesday,FURIB,Furia Bacalhau e Frutos do Mar,Portugal,Sin Región,3,Janet Leverling,54,Tourtière,6,Meat/Poultry,25,Ma Maison,5.9,20,0.15000000596046448,100.30000305175781
10353,1996-11-13,1996,11,1996-11-01,4,Wednesday,PICCO,Piccolo und mehr,Austria,Sin Región,7,Robert King,11,Queso Cabrales,4,Dairy Products,5,Cooperativa de Quesos 'Las Cabras',16.8,12,0.20000000298023224,161.28001403808594
10353,1996-11-13,1996,11,1996-11-01,4,Wednesday,PICCO,Piccolo und mehr,Austria,Sin Región,7,Robert King,38,Côte de Blaye,1,Beverages,18,Aux joyeux ecclésiastiques,210.8,50,0.20000000298023224,8432.0
10354,1996-11-14,1996,11,1996-11-01,4,Thursday,PERIC,Pericles Comidas clásicas,Mexico,Sin Región,8,Laura Callahan,1,Chai,1,Beverages,1,Exotic Liquids,14.4,12,0.0,172.8000030517578
10354,1996-11-14,1996,11,1996-11-01,4,Thursday,PERIC,Pericles Comidas clásicas,Mexico,Sin Región,8,Laura Callahan,29,Thüringer Rostbratwurst,6,Meat/Poultry,12,Plutzer Lebensmittelgroßmärkte AG,99.0,4,0.0,396.0
10355,1996-11-15,1996,11,1996-11-01,4,Friday,AROUT,Around the Horn,UK,Sin Región,6,Michael Suyama,24,Guaraná Fantástica,1,Beverages,10,Refrescos Americanas LTDA,3.6,25,0.0,90.0
10355,1996-11-15,1996,11,1996-11-01,4,Friday,AROUT,Around the Horn,UK,Sin Región,6,Michael Suyama,57,Ravioli Angelo,5,Grains/Cereals,26,Pasta Buttini s.r.l.,15.6,25,0.0,390.0
10356,1996-11-18,1996,11,1996-11-01,4,Monday,WANDK,Die Wandernde Kuh,Germany,Sin Región,6,Michael Suyama,31,Gorgonzola Telino,4,Dairy Products,14,Formaggi Fortini s.r.l.,10.0,30,0.0,300.0
10356,1996-11-18,1996,11,1996-11-01,4,Monday,WANDK,Die Wandernde Kuh,Germany,Sin Región,6,Michael Suyama,55,Pâté chinois,6,Meat/Poultry,25,Ma Maison,19.2,12,0.0,230.39999389648438
10356,1996-11-18,1996,11,1996-11-01,4,Monday,WANDK,Die Wandernde Kuh,Germany,Sin Región,6,Michael Suyama,69,Gudbrandsdalsost,4,Dairy Products,15,Norske Meierier,28.8,20,0.0,576.0
10357,1996-11-19,1996,11,1996-11-01,4,Tuesday,LILAS,LILA-Supermercado,Venezuela,Lara,1,Nancy Davolio,10,Ikura,8,Seafood,4,Tokyo Traders,24.8,30,0.20000000298023224,595.2000122070312
10357,1996-11-19,1996,11,1996-11-01,4,Tuesday,LILAS,LILA-Supermercado,Venezuela,Lara,1,Nancy Davolio,26,Gumbär Gummibärchen,3,Confections,11,Heli Süßwaren GmbH & Co. KG,24.9,16,0.0,398.3999938964844
10357,1996-11-19,1996,11,1996-11-01,4,Tuesday,LILAS,LILA-Supermercado,Venezuela,Lara,1,Nancy Davolio,60,Camembert Pierrot,4,Dairy Products,28,Gai pâturage,27.2,8,0.20000000298023224,174.0800018310547
10358,1996-11-20,1996,11,1996-11-01,4,Wednesday,LAMAI,La maison d'Asie,France,Sin Región,5,Steven Buchanan,24,Guaraná Fantástica,1,Beverages,10,Refrescos Americanas LTDA,3.6,10,0.05000000074505806,34.20000076293945
10358,1996-11-20,1996,11,1996-11-01,4,Wednesday,LAMAI,La maison d'Asie,France,Sin Región,5,Steven Buchanan,34,Sasquatch Ale,1,Beverages,16,Bigfoot Breweries,11.2,10,0.05000000074505806,106.4000015258789
10358,1996-11-20,1996,11,1996-11-01,4,Wednesday,LAMAI,La maison d'Asie,France,Sin Región,5,Steven Buchanan,36,Inlagd Sill,8,Seafood,17,Svensk Sjöföda AB,15.2,20,0.05000000074505806,288.79998779296875
10359,1996-11-21,1996,11,1996-11-01,4,Thursday,SEVES,Seven Seas Imports,UK,Sin Región,5,Steven Buchanan,16,Pavlova,3,Confections,7,"Pavlova, Ltd.",13.9,56,0.05000000074505806,739.4800415039062
10359,1996-11-21,1996,11,1996-11-01,4,Thursday,SEVES,Seven Seas Imports,UK,Sin Región,5,Steven Buchanan,31,Gorgonzola Telino,4,Dairy Products,14,Formaggi Fortini s.r.l.,10.0,70,0.05000000074505806,665.0
10359,1996-11-21,1996,11,1996-11-01,4,Thursday,SEVES,Seven Seas Imports,UK,Sin Región,5,Steven Buchanan,60,Camembert Pierrot,4,Dairy Products,28,Gai pâturage,27.2,80,0.05000000074505806,2067.199951171875
10360,1996-11-22,1996,11,1996-11-01,4,Friday,BLONP,Blondesddsl père et fils,France,Sin Región,4,Margaret Peacock,28,Rössle Sauerkraut,7,Produce,12,Plutzer Lebensmittelgroßmärkte AG,36.4,30,0.0,1092.0
10360,1996-11-22,1996,11,1996-11-01,4,Friday,BLONP,Blondesddsl père et fils,France,Sin Región,4,Margaret Peacock,29,Thüringer Rostbratwurst,6,Meat/Poultry,12,Plutzer Lebensmittelgroßmärkte AG,99.0,35,0.0,3465.0
10360,1996-11-22,1996,11,1996-11-01,4,Friday,BLONP,Blondesddsl père et fils,France,Sin Región,4,Margaret Peacock,38,Côte de Blaye,1,Beverages,18,Aux joyeux ecclésiastiques,210.8,10,0.0,2108.0
10360,1996-11-22,1996,11,1996-11-01,4,Friday,BLONP,Blondesddsl père et fils,France,Sin Región,4,Margaret Peacock,49,Maxilaku,3,Confections,23,Karkki Oy,16.0,35,0.0,560.0
10360,1996-11-22,1996,11,1996-11-01,4,Friday,BLONP,Blondesddsl père et fils,France,Sin Región,4,Margaret Peacock,54,Tourtière,6,Meat/Poultry,25,Ma Maison,5.9,28,0.0,165.1999969482422
10361,1996-11-22,1996,11,1996-11-01,4,Friday,QUICK,QUICK-Stop,Germany,Sin Región,1,Nancy Davolio,39,Chartreuse verte,1,Beverages,18,Aux joyeux ecclésiastiques,14.4,54,0.10000000149011612,699.8399658203125
10361,1996-11-22,1996,11,1996-11-01,4,Friday,QUICK,QUICK-Stop,Germany,Sin Región,1,Nancy Davolio,60,Camembert Pierrot,4,Dairy Products,28,Gai pâturage,27.2,55,0.10000000149011612,1346.4000244140625
10362,1996-11-25,1996,11,1996-11-01,4,Monday,BONAP,Bon app',France,Sin Región,3,Janet Leverling,25,NuNuCa Nuß-Nougat-Creme,3,Confections,11,Heli Süßwaren GmbH & Co. KG,11.2,50,0.0,560.0
10362,1996-11-25,1996,11,1996-11-01,4,Monday,BONAP,Bon app',France,Sin Región,3,Janet Leverling,51,Manjimup Dried Apples,7,Produce,24,"G'day, Mate",42.4,20,0.0,848.0
10362,1996-11-25,1996,11,1996-11-01,4,Monday,BONAP,Bon app',France,Sin Región,3,Janet Leverling,54,Tourtière,6,Meat/Poultry,25,Ma Maison,5.9,24,0.0,141.60000610351562
10363,1996-11-26,1996,11,1996-11-01,4,Tuesday,DRACD,Drachenblut Delikatessen,Germany,Sin Región,4,Margaret Peacock,31,Gorgonzola Telino,4,Dairy Products,14,Formaggi Fortini s.r.l.,10.0,20,0.0,200.0
10363,1996-11-26,1996,11,1996-11-01,4,Tuesday,DRACD,Drachenblut Delikatessen,Germany,Sin Región,4,Margaret Peacock,75,Rhönbräu Klosterbier,1,Beverages,12,Plutzer Lebensmittelgroßmärkte AG,6.2,12,0.0,74.4000015258789
10363,1996-11-26,1996,11,1996-11-01,4,Tuesday,DRACD,Drachenblut Delikatessen,Germany,Sin Región,4,Margaret Peacock,76,Lakkalikööri,1,Beverages,23,Karkki Oy,14.4,12,0.0,172.8000030517578
10364,1996-11-26,1996,11,1996-11-01,4,Tuesday,EASTC,Eastern Connection,UK,Sin Región,1,Nancy Davolio,69,Gudbrandsdalsost,4,Dairy Products,15,Norske Meierier,28.8,30,0.0,864.0
10364,1996-11-26,1996,11,1996-11-01,4,Tuesday,EASTC,Eastern Connection,UK,Sin Región,1,Nancy Davolio,71,Flotemysost,4,Dairy Products,15,Norske Meierier,17.2,5,0.0,86.0
10365,1996-11-27,1996,11,1996-11-01,4,Wednesday,ANTON,Antonio Moreno Taquería,Mexico,Sin Región,3,Janet Leverling,11,Queso Cabrales,4,Dairy Products,5,Cooperativa de Quesos 'Las Cabras',16.8,24,0.0,403.20001220703125
10366,1996-11-28,1996,11,1996-11-01,4,Thursday,GALED,Galería del gastrónomo,Spain,Sin Región,8,Laura Callahan,65,Louisiana Fiery Hot Pepper Sauce,2,Condiments,2,New Orleans Cajun Delights,16.8,5,0.0,84.0
10366,1996-11-28,1996,11,1996-11-01,4,Thursday,GALED,Galería del gastrónomo,Spain,Sin Región,8,Laura Callahan,77,Original Frankfurter grüne Soße,2,Condiments,12,Plutzer Lebensmittelgroßmärkte AG,10.4,5,0.0,52.0
10367,1996-11-28,1996,11,1996-11-01,4,Thursday,VAFFE,Vaffeljernet,Denmark,Sin Región,7,Robert King,34,Sasquatch Ale,1,Beverages,16,Bigfoot Breweries,11.2,36,0.0,403.20001220703125
10367,1996-11-28,1996,11,1996-11-01,4,Thursday,VAFFE,Vaffeljernet,Denmark,Sin Región,7,Robert King,54,Tourtière,6,Meat/Poultry,25,Ma Maison,5.9,18,0.0,106.19999694824219
10367,1996-11-28,1996,11,1996-11-01,4,Thursday,VAFFE,Vaffeljernet,Denmark,Sin Región,7,Robert King,65,Louisiana Fiery Hot Pepper Sauce,2,Condiments,2,New Orleans Cajun Delights,16.8,15,0.0,252.0
10367,1996-11-28,1996,11,1996-11-01,4,Thursday,VAFFE,Vaffeljernet,Denmark,Sin Región,7,Robert King,77,Original Frankfurter grüne Soße,2,Condiments,12,Plutzer Lebensmittelgroßmärkte AG,10.4,7,0.0,72.80000305175781
10368,1996-11-29,1996,11,1996-11-01,4,Friday,ERNSH,Ernst Handel,Austria,Sin Región,2,Andrew Fuller,21,Sir Rodney's Scones,3,Confections,8,"Specialty Biscuits, Ltd.",8.0,5,0.10000000149011612,36.0
10368,1996-11-29,1996,11,1996-11-01,4,Friday,ERNSH,Ernst Handel,Austria,Sin Región,2,Andrew Fuller,28,Rössle Sauerkraut,7,Produce,12,Plutzer Lebensmittelgroßmärkte AG,36.4,13,0.10000000149011612,425.8800048828125
10368,1996-11-29,1996,11,1996-11-01,4,Friday,ERNSH,Ernst Handel,Austria,Sin Región,2,Andrew Fuller,57,Ravioli Angelo,5,Grains/Cereals,26,Pasta Buttini s.r.l.,15.6,25,0.0,390.0
10368,1996-11-29,1996,11,1996-11-01,4,Friday,ERNSH,Ernst Handel,Austria,Sin Región,2,Andrew Fuller,64,Wimmers gute Semmelknödel,5,Grains/Cereals,12,Plutzer Lebensmittelgroßmärkte AG,26.6,35,0.10000000149011612,837.8999633789062
10369,1996-12-02,1996,12,1996-12-01,4,Monday,SPLIR,Split Rail Beer & Ale,USA,WY,8,Laura Callahan,29,Thüringer Rostbratwurst,6,Meat/Poultry,12,Plutzer Lebensmittelgroßmärkte AG,99.0,20,0.0,1980.0
10369,1996-12-02,1996,12,1996-12-01,4,Monday,SPLIR,Split Rail Beer & Ale,USA,WY,8,Laura Callahan,56,Gnocchi di nonna Alice,5,Grains/Cereals,26,Pasta Buttini s.r.l.,30.4,18,0.25,410.4000244140625
10370,1996-12-03,1996,12,1996-12-01,4,Tuesday,CHOPS,Chop-suey Chinese,Switzerland,Sin Región,6,Michael Suyama,1,Chai,1,Beverages,1,Exotic Liquids,14.4,15,0.15000000596046448,183.60000610351562
10370,1996-12-03,1996,12,1996-12-01,4,Tuesday,CHOPS,Chop-suey Chinese,Switzerland,Sin Región,6,Michael Suyama,64,Wimmers gute Semmelknödel,5,Grains/Cereals,12,Plutzer Lebensmittelgroßmärkte AG,26.6,30,0.0,798.0
10370,1996-12-03,1996,12,1996-12-01,4,Tuesday,CHOPS,Chop-suey Chinese,Switzerland,Sin Región,6,Michael Suyama,74,Longlife Tofu,7,Produce,4,Tokyo Traders,8.0,20,0.15000000596046448,136.0
10371,1996-12-03,1996,12,1996-12-01,4,Tuesday,LAMAI,La maison d'Asie,France,Sin Región,1,Nancy Davolio,36,Inlagd Sill,8,Seafood,17,Svensk Sjöföda AB,15.2,6,0.20000000298023224,72.95999908447266
10372,1996-12-04,1996,12,1996-12-01,4,Wednesday,QUEEN,Queen Cozinha,Brazil,SP,5,Steven Buchanan,20,Sir Rodney's Marmalade,3,Confections,8,"Specialty Biscuits, Ltd.",64.8,12,0.25,583.199951171875
10372,1996-12-04,1996,12,1996-12-01,4,Wednesday,QUEEN,Queen Cozinha,Brazil,SP,5,Steven Buchanan,38,Côte de Blaye,1,Beverages,18,Aux joyeux ecclésiastiques,210.8,40,0.25,6324.0
10372,1996-12-04,1996,12,1996-12-01,4,Wednesday,QUEEN,Queen Cozinha,Brazil,SP,5,Steven Buchanan,60,Camembert Pierrot,4,Dairy Products,28,Gai pâturage,27.2,70,0.25,1428.0
10372,1996-12-04,1996,12,1996-12-01,4,Wednesday,QUEEN,Queen Cozinha,Brazil,SP,5,Steven Buchanan,72,Mozzarella di Giovanni,4,Dairy Products,14,Formaggi Fortini s.r.l.,27.8,42,0.25,875.699951171875
10373,1996-12-05,1996,12,1996-12-01,4,Thursday,HUNGO,Hungry Owl All-Night Grocers,Ireland,Co. Cork,4,Margaret Peacock,58,Escargots de Bourgogne,8,Seafood,27,Escargots Nouveaux,10.6,80,0.20000000298023224,678.4000244140625
10373,1996-12-05,1996,12,1996-12-01,4,Thursday,HUNGO,Hungry Owl All-Night Grocers,Ireland,Co. Cork,4,Margaret Peacock,71,Flotemysost,4,Dairy Products,15,Norske Meierier,17.2,50,0.20000000298023224,688.0
10374,1996-12-05,1996,12,1996-12-01,4,Thursday,WOLZA,Wolski  Zajazd,Poland,Sin Región,1,Nancy Davolio,31,Gorgonzola Telino,4,Dairy Products,14,Formaggi Fortini s.r.l.,10.0,30,0.0,300.0
10374,1996-12-05,1996,12,1996-12-01,4,Thursday,WOLZA,Wolski  Zajazd,Poland,Sin Región,1,Nancy Davolio,58,Escargots de Bourgogne,8,Seafood,27,Escargots Nouveaux,10.6,15,0.0,159.0
10375,1996-12-06,1996,12,1996-12-01,4,Friday,HUNGC,Hungry Coyote Import Store,USA,OR,3,Janet Leverling,14,Tofu,7,Produce,6,Mayumi's,18.6,15,0.0,279.0
10375,1996-12-06,1996,12,1996-12-01,4,Friday,HUNGC,Hungry Coyote Import Store,USA,OR,3,Janet Leverling,54,Tourtière,6,Meat/Poultry,25,Ma Maison,5.9,10,0.0,59.0
10376,1996-12-09,1996,12,1996-12-01,4,Monday,MEREP,Mère Paillarde,Canada,Québec,1,Nancy Davolio,31,Gorgonzola Telino,4,Dairy Products,14,Formaggi Fortini s.r.l.,10.0,42,0.05000000074505806,399.0
10377,1996-12-09,1996,12,1996-12-01,4,Monday,SEVES,Seven Seas Imports,UK,Sin Región,1,Nancy Davolio,28,Rössle Sauerkraut,7,Produce,12,Plutzer Lebensmittelgroßmärkte AG,36.4,20,0.15000000596046448,618.7999877929688
10377,1996-12-09,1996,12,1996-12-01,4,Monday,SEVES,Seven Seas Imports,UK,Sin Región,1,Nancy Davolio,39,Chartreuse verte,1,Beverages,18,Aux joyeux ecclésiastiques,14.4,20,0.15000000596046448,244.8000030517578
10378,1996-12-10,1996,12,1996-12-01,4,Tuesday,FOLKO,Folk och fä HB,Sweden,Sin Región,5,Steven Buchanan,71,Flotemysost,4,Dairy Products,15,Norske Meierier,17.2,6,0.0,103.19999694824219
10379,1996-12-11,1996,12,1996-12-01,4,Wednesday,QUEDE,Que Delícia,Brazil,RJ,2,Andrew Fuller,41,Jack's New England Clam Chowder,8,Seafood,19,New England Seafood Cannery,7.7,8,0.10000000149011612,55.439998626708984
10379,1996-12-11,1996,12,1996-12-01,4,Wednesday,QUEDE,Que Delícia,Brazil,RJ,2,Andrew Fuller,63,Vegie-spread,2,Condiments,7,"Pavlova, Ltd.",35.1,16,0.10000000149011612,505.4399719238281
10379,1996-12-11,1996,12,1996-12-01,4,Wednesday,QUEDE,Que Delícia,Brazil,RJ,2,Andrew Fuller,65,Louisiana Fiery Hot Pepper Sauce,2,Condiments,2,New Orleans Cajun Delights,16.8,20,0.10000000149011612,302.3999938964844
10380,1996-12-12,1996,12,1996-12-01,4,Thursday,HUNGO,Hungry Owl All-Night Grocers,Ireland,Co. Cork,8,Laura Callahan,30,Nord-Ost Matjeshering,8,Seafood,13,Nord-Ost-Fisch Handelsgesellschaft mbH,20.7,18,0.10000000149011612,335.3399963378906
10380,1996-12-12,1996,12,1996-12-01,4,Thursday,HUNGO,Hungry Owl All-Night Grocers,Ireland,Co. Cork,8,Laura Callahan,53,Perth Pasties,6,Meat/Poultry,24,"G'day, Mate",26.2,20,0.10000000149011612,471.5999755859375
10380,1996-12-12,1996,12,1996-12-01,4,Thursday,HUNGO,Hungry Owl All-Night Grocers,Ireland,Co. Cork,8,Laura Callahan,60,Camembert Pierrot,4,Dairy Products,28,Gai pâturage,27.2,6,0.10000000149011612,146.87998962402344
10380,1996-12-12,1996,12,1996-12-01,4,Thursday,HUNGO,Hungry Owl All-Night Grocers,Ireland,Co. Cork,8,Laura Callahan,70,Outback Lager,1,Beverages,7,"Pavlova, Ltd.",12.0,30,0.0,360.0
10381,1996-12-12,1996,12,1996-12-01,4,Thursday,LILAS,LILA-Supermercado,Venezuela,Lara,3,Janet Leverling,74,Longlife Tofu,7,Produce,4,Tokyo Traders,8.0,14,0.0,112.0
10382,1996-12-13,1996,12,1996-12-01,4,Friday,ERNSH,Ernst Handel,Austria,Sin Región,4,Margaret Peacock,5,Chef Anton's Gumbo Mix,2,Condiments,2,New Orleans Cajun Delights,17.0,32,0.0,544.0
10382,1996-12-13,1996,12,1996-12-01,4,Friday,ERNSH,Ernst Handel,Austria,Sin Región,4,Margaret Peacock,18,Carnarvon Tigers,8,Seafood,7,"Pavlova, Ltd.",50.0,9,0.0,450.0
10382,1996-12-13,1996,12,1996-12-01,4,Friday,ERNSH,Ernst Handel,Austria,Sin Región,4,Margaret Peacock,29,Thüringer Rostbratwurst,6,Meat/Poultry,12,Plutzer Lebensmittelgroßmärkte AG,99.0,14,0.0,1386.0
10382,1996-12-13,1996,12,1996-12-01,4,Friday,ERNSH,Ernst Handel,Austria,Sin Región,4,Margaret Peacock,33,Geitost,4,Dairy Products,15,Norske Meierier,2.0,60,0.0,120.0
10382,1996-12-13,1996,12,1996-12-01,4,Friday,ERNSH,Ernst Handel,Austria,Sin Región,4,Margaret Peacock,74,Longlife Tofu,7,Produce,4,Tokyo Traders,8.0,50,0.0,400.0
10383,1996-12-16,1996,12,1996-12-01,4,Monday,AROUT,Around the Horn,UK,Sin Región,8,Laura Callahan,13,Konbu,8,Seafood,6,Mayumi's,4.8,20,0.0,96.0
10383,1996-12-16,1996,12,1996-12-01,4,Monday,AROUT,Around the Horn,UK,Sin Región,8,Laura Callahan,50,Valkoinen suklaa,3,Confections,23,Karkki Oy,13.0,15,0.0,195.0
10383,1996-12-16,1996,12,1996-12-01,4,Monday,AROUT,Around the Horn,UK,Sin Región,8,Laura Callahan,56,Gnocchi di nonna Alice,5,Grains/Cereals,26,Pasta Buttini s.r.l.,30.4,20,0.0,608.0
10384,1996-12-16,1996,12,1996-12-01,4,Monday,BERGS,Berglunds snabbköp,Sweden,Sin Región,3,Janet Leverling,20,Sir Rodney's Marmalade,3,Confections,8,"Specialty Biscuits, Ltd.",64.8,28,0.0,1814.4000244140625
10384,1996-12-16,1996,12,1996-12-01,4,Monday,BERGS,Berglunds snabbköp,Sweden,Sin Región,3,Janet Leverling,60,Camembert Pierrot,4,Dairy Products,28,Gai pâturage,27.2,15,0.0,408.0
10385,1996-12-17,1996,12,1996-12-01,4,Tuesday,SPLIR,Split Rail Beer & Ale,USA,WY,1,Nancy Davolio,7,Uncle Bob's Organic Dried Pears,7,Produce,3,Grandma Kelly's Homestead,24.0,10,0.20000000298023224,192.0
10385,1996-12-17,1996,12,1996-12-01,4,Tuesday,SPLIR,Split Rail Beer & Ale,USA,WY,1,Nancy Davolio,60,Camembert Pierrot,4,Dairy Products,28,Gai pâturage,27.2,20,0.20000000298023224,435.20001220703125
10385,1996-12-17,1996,12,1996-12-01,4,Tuesday,SPLIR,Split Rail Beer & Ale,USA,WY,1,Nancy Davolio,68,Scottish Longbreads,3,Confections,8,"Specialty Biscuits, Ltd.",10.0,8,0.20000000298023224,64.0
10386,1996-12-18,1996,12,1996-12-01,4,Wednesday,FAMIA,Familia Arquibaldo,Brazil,SP,9,Anne Dodsworth,24,Guaraná Fantástica,1,Beverages,10,Refrescos Americanas LTDA,3.6,15,0.0,54.0
10386,1996-12-18,1996,12,1996-12-01,4,Wednesday,FAMIA,Familia Arquibaldo,Brazil,SP,9,Anne Dodsworth,34,Sasquatch Ale,1,Beverages,16,Bigfoot Breweries,11.2,10,0.0,112.0
10387,1996-12-18,1996,12,1996-12-01,4,Wednesday,SANTG,Santé Gourmet,Norway,Sin Región,1,Nancy Davolio,24,Guaraná Fantástica,1,Beverages,10,Refrescos Americanas LTDA,3.6,15,0.0,54.0
10387,1996-12-18,1996,12,1996-12-01,4,Wednesday,SANTG,Santé Gourmet,Norway,Sin Región,1,Nancy Davolio,28,Rössle Sauerkraut,7,Produce,12,Plutzer Lebensmittelgroßmärkte AG,36.4,6,0.0,218.39999389648438
10387,1996-12-18,1996,12,1996-12-01,4,Wednesday,SANTG,Santé Gourmet,Norway,Sin Región,1,Nancy Davolio,59,Raclette Courdavault,4,Dairy Products,28,Gai pâturage,44.0,12,0.0,528.0
10387,1996-12-18,1996,12,1996-12-01,4,Wednesday,SANTG,Santé Gourmet,Norway,Sin Región,1,Nancy Davolio,71,Flotemysost,4,Dairy Products,15,Norske Meierier,17.2,15,0.0,258.0
10388,1996-12-19,1996,12,1996-12-01,4,Thursday,SEVES,Seven Seas Imports,UK,Sin Región,2,Andrew Fuller,45,Rogede sild,8,Seafood,21,Lyngbysild,7.6,15,0.20000000298023224,91.20000457763672
10388,1996-12-19,1996,12,1996-12-01,4,Thursday,SEVES,Seven Seas Imports,UK,Sin Región,2,Andrew Fuller,52,Filo Mix,5,Grains/Cereals,24,"G'day, Mate",5.6,20,0.20000000298023224,89.5999984741211
10388,1996-12-19,1996,12,1996-12-01,4,Thursday,SEVES,Seven Seas Imports,UK,Sin Región,2,Andrew Fuller,53,Perth Pasties,6,Meat/Poultry,24,"G'day, Mate",26.2,40,0.0,1048.0
10389,1996-12-20,1996,12,1996-12-01,4,Friday,BOTTM,Bottom-Dollar Markets,Canada,BC,4,Margaret Peacock,10,Ikura,8,Seafood,4,Tokyo Traders,24.8,16,0.0,396.79998779296875
10389,1996-12-20,1996,12,1996-12-01,4,Friday,BOTTM,Bottom-Dollar Markets,Canada,BC,4,Margaret Peacock,55,Pâté chinois,6,Meat/Poultry,25,Ma Maison,19.2,15,0.0,288.0
10389,1996-12-20,1996,12,1996-12-01,4,Friday,BOTTM,Bottom-Dollar Markets,Canada,BC,4,Margaret Peacock,62,Tarte au sucre,3,Confections,29,Forêts d'érables,39.4,20,0.0,788.0
10389,1996-12-20,1996,12,1996-12-01,4,Friday,BOTTM,Bottom-Dollar Markets,Canada,BC,4,Margaret Peacock,70,Outback Lager,1,Beverages,7,"Pavlova, Ltd.",12.0,30,0.0,360.0
10390,1996-12-23,1996,12,1996-12-01,4,Monday,ERNSH,Ernst Handel,Austria,Sin Región,6,Michael Suyama,31,Gorgonzola Telino,4,Dairy Products,14,Formaggi Fortini s.r.l.,10.0,60,0.10000000149011612,540.0
10390,1996-12-23,1996,12,1996-12-01,4,Monday,ERNSH,Ernst Handel,Austria,Sin Región,6,Michael Suyama,35,Steeleye Stout,1,Beverages,16,Bigfoot Breweries,14.4,40,0.10000000149011612,518.3999633789062
10390,1996-12-23,1996,12,1996-12-01,4,Monday,ERNSH,Ernst Handel,Austria,Sin Región,6,Michael Suyama,46,Spegesild,8,Seafood,21,Lyngbysild,9.6,45,0.0,432.0
10390,1996-12-23,1996,12,1996-12-01,4,Monday,ERNSH,Ernst Handel,Austria,Sin Región,6,Michael Suyama,72,Mozzarella di Giovanni,4,Dairy Products,14,Formaggi Fortini s.r.l.,27.8,24,0.10000000149011612,600.47998046875
10391,1996-12-23,1996,12,1996-12-01,4,Monday,DRACD,Drachenblut Delikatessen,Germany,Sin Región,3,Janet Leverling,13,Konbu,8,Seafood,6,Mayumi's,4.8,18,0.0,86.4000015258789
10392,1996-12-24,1996,12,1996-12-01,4,Tuesday,PICCO,Piccolo und mehr,Austria,Sin Región,2,Andrew Fuller,69,Gudbrandsdalsost,4,Dairy Products,15,Norske Meierier,28.8,50,0.0,1440.0
10393,1996-12-25,1996,12,1996-12-01,4,Wednesday,SAVEA,Save-a-lot Markets,USA,ID,1,Nancy Davolio,2,Chang,1,Beverages,1,Exotic Liquids,15.2,25,0.25,285.0
10393,1996-12-25,1996,12,1996-12-01,4,Wednesday,SAVEA,Save-a-lot Markets,USA,ID,1,Nancy Davolio,14,Tofu,7,Produce,6,Mayumi's,18.6,42,0.25,585.9000244140625
10393,1996-12-25,1996,12,1996-12-01,4,Wednesday,SAVEA,Save-a-lot Markets,USA,ID,1,Nancy Davolio,25,NuNuCa Nuß-Nougat-Creme,3,Confections,11,Heli Süßwaren GmbH & Co. KG,11.2,7,0.25,58.80000305175781
10393,1996-12-25,1996,12,1996-12-01,4,Wednesday,SAVEA,Save-a-lot Markets,USA,ID,1,Nancy Davolio,26,Gumbär Gummibärchen,3,Confections,11,Heli Süßwaren GmbH & Co. KG,24.9,70,0.25,1307.25
10393,1996-12-25,1996,12,1996-12-01,4,Wednesday,SAVEA,Save-a-lot Markets,USA,ID,1,Nancy Davolio,31,Gorgonzola Telino,4,Dairy Products,14,Formaggi Fortini s.r.l.,10.0,32,0.0,320.0
10394,1996-12-25,1996,12,1996-12-01,4,Wednesday,HUNGC,Hungry Coyote Import Store,USA,OR,1,Nancy Davolio,13,Konbu,8,Seafood,6,Mayumi's,4.8,10,0.0,48.0
10394,1996-12-25,1996,12,1996-12-01,4,Wednesday,HUNGC,Hungry Coyote Import Store,USA,OR,1,Nancy Davolio,62,Tarte au sucre,3,Confections,29,Forêts d'érables,39.4,10,0.0,394.0
10395,1996-12-26,1996,12,1996-12-01,4,Thursday,HILAA,HILARION-Abastos,Venezuela,Táchira,6,Michael Suyama,46,Spegesild,8,Seafood,21,Lyngbysild,9.6,28,0.10000000149011612,241.91998291015625
10395,1996-12-26,1996,12,1996-12-01,4,Thursday,HILAA,HILARION-Abastos,Venezuela,Táchira,6,Michael Suyama,53,Perth Pasties,6,Meat/Poultry,24,"G'day, Mate",26.2,70,0.10000000149011612,1650.5999755859375
10395,1996-12-26,1996,12,1996-12-01,4,Thursday,HILAA,HILARION-Abastos,Venezuela,Táchira,6,Michael Suyama,69,Gudbrandsdalsost,4,Dairy Products,15,Norske Meierier,28.8,8,0.0,230.39999389648438
10396,1996-12-27,1996,12,1996-12-01,4,Friday,FRANK,Frankenversand,Germany,Sin Región,1,Nancy Davolio,23,Tunnbröd,5,Grains/Cereals,9,PB Knäckebröd AB,7.2,40,0.0,288.0
10396,1996-12-27,1996,12,1996-12-01,4,Friday,FRANK,Frankenversand,Germany,Sin Región,1,Nancy Davolio,71,Flotemysost,4,Dairy Products,15,Norske Meierier,17.2,60,0.0,1032.0
10396,1996-12-27,1996,12,1996-12-01,4,Friday,FRANK,Frankenversand,Germany,Sin Región,1,Nancy Davolio,72,Mozzarella di Giovanni,4,Dairy Products,14,Formaggi Fortini s.r.l.,27.8,21,0.0,583.7999877929688
10397,1996-12-27,1996,12,1996-12-01,4,Friday,PRINI,Princesa Isabel Vinhos,Portugal,Sin Región,5,Steven Buchanan,21,Sir Rodney's Scones,3,Confections,8,"Specialty Biscuits, Ltd.",8.0,10,0.15000000596046448,68.0
10397,1996-12-27,1996,12,1996-12-01,4,Friday,PRINI,Princesa Isabel Vinhos,Portugal,Sin Región,5,Steven Buchanan,51,Manjimup Dried Apples,7,Produce,24,"G'day, Mate",42.4,18,0.15000000596046448,648.7200317382812
10398,1996-12-30,1996,12,1996-12-01,4,Monday,SAVEA,Save-a-lot Markets,USA,ID,2,Andrew Fuller,35,Steeleye Stout,1,Beverages,16,Bigfoot Breweries,14.4,30,0.0,432.0
10398,1996-12-30,1996,12,1996-12-01,4,Monday,SAVEA,Save-a-lot Markets,USA,ID,2,Andrew Fuller,55,Pâté chinois,6,Meat/Poultry,25,Ma Maison,19.2,120,0.10000000149011612,2073.599853515625
10399,1996-12-31,1996,12,1996-12-01,4,Tuesday,VAFFE,Vaffeljernet,Denmark,Sin Región,8,Laura Callahan,68,Scottish Longbreads,3,Confections,8,"Specialty Biscuits, Ltd.",10.0,60,0.0,600.0
10399,1996-12-31,1996,12,1996-12-01,4,Tuesday,VAFFE,Vaffeljernet,Denmark,Sin Región,8,Laura Callahan,71,Flotemysost,4,Dairy Products,15,Norske Meierier,17.2,30,0.0,516.0
10399,1996-12-31,1996,12,1996-12-01,4,Tuesday,VAFFE,Vaffeljernet,Denmark,Sin Región,8,Laura Callahan,76,Lakkalikööri,1,Beverages,23,Karkki Oy,14.4,35,0.0,504.0
10399,1996-12-31,1996,12,1996-12-01,4,Tuesday,VAFFE,Vaffeljernet,Denmark,Sin Región,8,Laura Callahan,77,Original Frankfurter grüne Soße,2,Condiments,12,Plutzer Lebensmittelgroßmärkte AG,10.4,14,0.0,145.60000610351562
10400,1997-01-01,1997,1,1997-01-01,1,Wednesday,EASTC,Eastern Connection,UK,Sin Región,1,Nancy Davolio,29,Thüringer Rostbratwurst,6,Meat/Poultry,12,Plutzer Lebensmittelgroßmärkte AG,99.0,21,0.0,2079.0
10400,1997-01-01,1997,1,1997-01-01,1,Wednesday,EASTC,Eastern Connection,UK,Sin Región,1,Nancy Davolio,35,Steeleye Stout,1,Beverages,16,Bigfoot Breweries,14.4,35,0.0,504.0
10400,1997-01-01,1997,1,1997-01-01,1,Wednesday,EASTC,Eastern Connection,UK,Sin Región,1,Nancy Davolio,49,Maxilaku,3,Confections,23,Karkki Oy,16.0,30,0.0,480.0
10401,1997-01-01,1997,1,1997-01-01,1,Wednesday,RATTC,Rattlesnake Canyon Grocery,USA,NM,1,Nancy Davolio,30,Nord-Ost Matjeshering,8,Seafood,13,Nord-Ost-Fisch Handelsgesellschaft mbH,20.7,18,0.0,372.6000061035156
10401,1997-01-01,1997,1,1997-01-01,1,Wednesday,RATTC,Rattlesnake Canyon Grocery,USA,NM,1,Nancy Davolio,56,Gnocchi di nonna Alice,5,Grains/Cereals,26,Pasta Buttini s.r.l.,30.4,70,0.0,2128.0
10401,1997-01-01,1997,1,1997-01-01,1,Wednesday,RATTC,Rattlesnake Canyon Grocery,USA,NM,1,Nancy Davolio,65,Louisiana Fiery Hot Pepper Sauce,2,Condiments,2,New Orleans Cajun Delights,16.8,20,0.0,336.0
10401,1997-01-01,1997,1,1997-01-01,1,Wednesday,RATTC,Rattlesnake Canyon Grocery,USA,NM,1,Nancy Davolio,71,Flotemysost,4,Dairy Products,15,Norske Meierier,17.2,60,0.0,1032.0
10402,1997-01-02,1997,1,1997-01-01,1,Thursday,ERNSH,Ernst Handel,Austria,Sin Región,8,Laura Callahan,23,Tunnbröd,5,Grains/Cereals,9,PB Knäckebröd AB,7.2,60,0.0,432.0
10402,1997-01-02,1997,1,1997-01-01,1,Thursday,ERNSH,Ernst Handel,Austria,Sin Región,8,Laura Callahan,63,Vegie-spread,2,Condiments,7,"Pavlova, Ltd.",35.1,65,0.0,2281.5
10403,1997-01-03,1997,1,1997-01-01,1,Friday,ERNSH,Ernst Handel,Austria,Sin Región,4,Margaret Peacock,16,Pavlova,3,Confections,7,"Pavlova, Ltd.",13.9,21,0.15000000596046448,248.11500549316406
10403,1997-01-03,1997,1,1997-01-01,1,Friday,ERNSH,Ernst Handel,Austria,Sin Región,4,Margaret Peacock,48,Chocolade,3,Confections,22,Zaanse Snoepfabriek,10.2,70,0.15000000596046448,606.9000244140625
10404,1997-01-03,1997,1,1997-01-01,1,Friday,MAGAA,Magazzini Alimentari Riuniti,Italy,Sin Región,2,Andrew Fuller,26,Gumbär Gummibärchen,3,Confections,11,Heli Süßwaren GmbH & Co. KG,24.9,30,0.05000000074505806,709.6499633789062
10404,1997-01-03,1997,1,1997-01-01,1,Friday,MAGAA,Magazzini Alimentari Riuniti,Italy,Sin Región,2,Andrew Fuller,42,Singaporean Hokkien Fried Mee,5,Grains/Cereals,20,Leka Trading,11.2,40,0.05000000074505806,425.6000061035156
10404,1997-01-03,1997,1,1997-01-01,1,Friday,MAGAA,Magazzini Alimentari Riuniti,Italy,Sin Región,2,Andrew Fuller,49,Maxilaku,3,Confections,23,Karkki Oy,16.0,30,0.05000000074505806,456.0
10405,1997-01-06,1997,1,1997-01-01,1,Monday,LINOD,LINO-Delicateses,Venezuela,Nueva Esparta,1,Nancy Davolio,3,Aniseed Syrup,2,Condiments,1,Exotic Liquids,8.0,50,0.0,400.0
10406,1997-01-07,1997,1,1997-01-01,1,Tuesday,QUEEN,Queen Cozinha,Brazil,SP,7,Robert King,1,Chai,1,Beverages,1,Exotic Liquids,14.4,10,0.0,144.0
10406,1997-01-07,1997,1,1997-01-01,1,Tuesday,QUEEN,Queen Cozinha,Brazil,SP,7,Robert King,21,Sir Rodney's Scones,3,Confections,8,"Specialty Biscuits, Ltd.",8.0,30,0.10000000149011612,216.0
10406,1997-01-07,1997,1,1997-01-01,1,Tuesday,QUEEN,Queen Cozinha,Brazil,SP,7,Robert King,28,Rössle Sauerkraut,7,Produce,12,Plutzer Lebensmittelgroßmärkte AG,36.4,42,0.10000000149011612,1375.9200439453125
10406,1997-01-07,1997,1,1997-01-01,1,Tuesday,QUEEN,Queen Cozinha,Brazil,SP,7,Robert King,36,Inlagd Sill,8,Seafood,17,Svensk Sjöföda AB,15.2,5,0.10000000149011612,68.4000015258789
10406,1997-01-07,1997,1,1997-01-01,1,Tuesday,QUEEN,Queen Cozinha,Brazil,SP,7,Robert King,40,Boston Crab Meat,8,Seafood,19,New England Seafood Cannery,14.7,2,0.10000000149011612,26.459999084472656
10407,1997-01-07,1997,1,1997-01-01,1,Tuesday,OTTIK,Ottilies Käseladen,Germany,Sin Región,2,Andrew Fuller,11,Queso Cabrales,4,Dairy Products,5,Cooperativa de Quesos 'Las Cabras',16.8,30,0.0,504.0
10407,1997-01-07,1997,1,1997-01-01,1,Tuesday,OTTIK,Ottilies Käseladen,Germany,Sin Región,2,Andrew Fuller,69,Gudbrandsdalsost,4,Dairy Products,15,Norske Meierier,28.8,15,0.0,432.0
10407,1997-01-07,1997,1,1997-01-01,1,Tuesday,OTTIK,Ottilies Käseladen,Germany,Sin Región,2,Andrew Fuller,71,Flotemysost,4,Dairy Products,15,Norske Meierier,17.2,15,0.0,258.0
10408,1997-01-08,1997,1,1997-01-01,1,Wednesday,FOLIG,Folies gourmandes,France,Sin Región,8,Laura Callahan,37,Gravad lax,8,Seafood,17,Svensk Sjöföda AB,20.8,10,0.0,208.0
10408,1997-01-08,1997,1,1997-01-01,1,Wednesday,FOLIG,Folies gourmandes,France,Sin Región,8,Laura Callahan,54,Tourtière,6,Meat/Poultry,25,Ma Maison,5.9,6,0.0,35.400001525878906
10408,1997-01-08,1997,1,1997-01-01,1,Wednesday,FOLIG,Folies gourmandes,France,Sin Región,8,Laura Callahan,62,Tarte au sucre,3,Confections,29,Forêts d'érables,39.4,35,0.0,1379.0
10409,1997-01-09,1997,1,1997-01-01,1,Thursday,OCEAN,Océano Atlántico Ltda.,Argentina,Sin Región,3,Janet Leverling,14,Tofu,7,Produce,6,Mayumi's,18.6,12,0.0,223.1999969482422
10409,1997-01-09,1997,1,1997-01-01,1,Thursday,OCEAN,Océano Atlántico Ltda.,Argentina,Sin Región,3,Janet Leverling,21,Sir Rodney's Scones,3,Confections,8,"Specialty Biscuits, Ltd.",8.0,12,0.0,96.0
10410,1997-01-10,1997,1,1997-01-01,1,Friday,BOTTM,Bottom-Dollar Markets,Canada,BC,3,Janet Leverling,33,Geitost,4,Dairy Products,15,Norske Meierier,2.0,49,0.0,98.0
10410,1997-01-10,1997,1,1997-01-01,1,Friday,BOTTM,Bottom-Dollar Markets,Canada,BC,3,Janet Leverling,59,Raclette Courdavault,4,Dairy Products,28,Gai pâturage,44.0,16,0.0,704.0
10411,1997-01-10,1997,1,1997-01-01,1,Friday,BOTTM,Bottom-Dollar Markets,Canada,BC,9,Anne Dodsworth,41,Jack's New England Clam Chowder,8,Seafood,19,New England Seafood Cannery,7.7,25,0.20000000298023224,154.0
10411,1997-01-10,1997,1,1997-01-01,1,Friday,BOTTM,Bottom-Dollar Markets,Canada,BC,9,Anne Dodsworth,44,Gula Malacca,2,Condiments,20,Leka Trading,15.5,40,0.20000000298023224,496.0
10411,1997-01-10,1997,1,1997-01-01,1,Friday,BOTTM,Bottom-Dollar Markets,Canada,BC,9,Anne Dodsworth,59,Raclette Courdavault,4,Dairy Products,28,Gai pâturage,44.0,9,0.20000000298023224,316.8000183105469
10412,1997-01-13,1997,1,1997-01-01,1,Monday,WARTH,Wartian Herkku,Finland,Sin Región,8,Laura Callahan,14,Tofu,7,Produce,6,Mayumi's,18.6,20,0.10000000149011612,334.79998779296875
10413,1997-01-14,1997,1,1997-01-01,1,Tuesday,LAMAI,La maison d'Asie,France,Sin Región,3,Janet Leverling,1,Chai,1,Beverages,1,Exotic Liquids,14.4,24,0.0,345.6000061035156
10413,1997-01-14,1997,1,1997-01-01,1,Tuesday,LAMAI,La maison d'Asie,France,Sin Región,3,Janet Leverling,62,Tarte au sucre,3,Confections,29,Forêts d'érables,39.4,40,0.0,1576.0
10413,1997-01-14,1997,1,1997-01-01,1,Tuesday,LAMAI,La maison d'Asie,France,Sin Región,3,Janet Leverling,76,Lakkalikööri,1,Beverages,23,Karkki Oy,14.4,14,0.0,201.60000610351562
10414,1997-01-14,1997,1,1997-01-01,1,Tuesday,FAMIA,Familia Arquibaldo,Brazil,SP,2,Andrew Fuller,19,Teatime Chocolate Biscuits,3,Confections,8,"Specialty Biscuits, Ltd.",7.3,18,0.05000000074505806,124.82999420166016
10414,1997-01-14,1997,1,1997-01-01,1,Tuesday,FAMIA,Familia Arquibaldo,Brazil,SP,2,Andrew Fuller,33,Geitost,4,Dairy Products,15,Norske Meierier,2.0,50,0.0,100.0
10415,1997-01-15,1997,1,1997-01-01,1,Wednesday,HUNGC,Hungry Coyote Import Store,USA,OR,3,Janet Leverling,17,Alice Mutton,6,Meat/Poultry,7,"Pavlova, Ltd.",31.2,2,0.0,62.400001525878906
10415,1997-01-15,1997,1,1997-01-01,1,Wednesday,HUNGC,Hungry Coyote Import Store,USA,OR,3,Janet Leverling,33,Geitost,4,Dairy Products,15,Norske Meierier,2.0,20,0.0,40.0
10416,1997-01-16,1997,1,1997-01-01,1,Thursday,WARTH,Wartian Herkku,Finland,Sin Región,8,Laura Callahan,19,Teatime Chocolate Biscuits,3,Confections,8,"Specialty Biscuits, Ltd.",7.3,20,0.0,146.0
10416,1997-01-16,1997,1,1997-01-01,1,Thursday,WARTH,Wartian Herkku,Finland,Sin Región,8,Laura Callahan,53,Perth Pasties,6,Meat/Poultry,24,"G'day, Mate",26.2,10,0.0,262.0
10416,1997-01-16,1997,1,1997-01-01,1,Thursday,WARTH,Wartian Herkku,Finland,Sin Región,8,Laura Callahan,57,Ravioli Angelo,5,Grains/Cereals,26,Pasta Buttini s.r.l.,15.6,20,0.0,312.0
10417,1997-01-16,1997,1,1997-01-01,1,Thursday,SIMOB,Simons bistro,Denmark,Sin Región,4,Margaret Peacock,38,Côte de Blaye,1,Beverages,18,Aux joyeux ecclésiastiques,210.8,50,0.0,10540.0
10417,1997-01-16,1997,1,1997-01-01,1,Thursday,SIMOB,Simons bistro,Denmark,Sin Región,4,Margaret Peacock,46,Spegesild,8,Seafood,21,Lyngbysild,9.6,2,0.25,14.40000057220459
10417,1997-01-16,1997,1,1997-01-01,1,Thursday,SIMOB,Simons bistro,Denmark,Sin Región,4,Margaret Peacock,68,Scottish Longbreads,3,Confections,8,"Specialty Biscuits, Ltd.",10.0,36,0.25,270.0
10417,1997-01-16,1997,1,1997-01-01,1,Thursday,SIMOB,Simons bistro,Denmark,Sin Región,4,Margaret Peacock,77,Original Frankfurter grüne Soße,2,Condiments,12,Plutzer Lebensmittelgroßmärkte AG,10.4,35,0.0,364.0
10418,1997-01-17,1997,1,1997-01-01,1,Friday,QUICK,QUICK-Stop,Germany,Sin Región,4,Margaret Peacock,2,Chang,1,Beverages,1,Exotic Liquids,15.2,60,0.0,912.0
10418,1997-01-17,1997,1,1997-01-01,1,Friday,QUICK,QUICK-Stop,Germany,Sin Región,4,Margaret Peacock,47,Zaanse koeken,3,Confections,22,Zaanse Snoepfabriek,7.6,55,0.0,418.0
10418,1997-01-17,1997,1,1997-01-01,1,Friday,QUICK,QUICK-Stop,Germany,Sin Región,4,Margaret Peacock,61,Sirop d'érable,2,Condiments,29,Forêts d'érables,22.8,16,0.0,364.79998779296875
10418,1997-01-17,1997,1,1997-01-01,1,Friday,QUICK,QUICK-Stop,Germany,Sin Región,4,Margaret Peacock,74,Longlife Tofu,7,Produce,4,Tokyo Traders,8.0,15,0.0,120.0
10419,1997-01-20,1997,1,1997-01-01,1,Monday,RICSU,Richter Supermarkt,Switzerland,Sin Región,4,Margaret Peacock,60,Camembert Pierrot,4,Dairy Products,28,Gai pâturage,27.2,60,0.05000000074505806,1550.4000244140625
10419,1997-01-20,1997,1,1997-01-01,1,Monday,RICSU,Richter Supermarkt,Switzerland,Sin Región,4,Margaret Peacock,69,Gudbrandsdalsost,4,Dairy Products,15,Norske Meierier,28.8,20,0.05000000074505806,547.2000122070312
10420,1997-01-21,1997,1,1997-01-01,1,Tuesday,WELLI,Wellington Importadora,Brazil,SP,3,Janet Leverling,9,Mishi Kobe Niku,6,Meat/Poultry,4,Tokyo Traders,77.6,20,0.10000000149011612,1396.7999267578125
10420,1997-01-21,1997,1,1997-01-01,1,Tuesday,WELLI,Wellington Importadora,Brazil,SP,3,Janet Leverling,13,Konbu,8,Seafood,6,Mayumi's,4.8,2,0.10000000149011612,8.640000343322754
10420,1997-01-21,1997,1,1997-01-01,1,Tuesday,WELLI,Wellington Importadora,Brazil,SP,3,Janet Leverling,70,Outback Lager,1,Beverages,7,"Pavlova, Ltd.",12.0,8,0.10000000149011612,86.39999389648438
10420,1997-01-21,1997,1,1997-01-01,1,Tuesday,WELLI,Wellington Importadora,Brazil,SP,3,Janet Leverling,73,Röd Kaviar,8,Seafood,17,Svensk Sjöföda AB,12.0,20,0.10000000149011612,216.0
10421,1997-01-21,1997,1,1997-01-01,1,Tuesday,QUEDE,Que Delícia,Brazil,RJ,8,Laura Callahan,19,Teatime Chocolate Biscuits,3,Confections,8,"Specialty Biscuits, Ltd.",7.3,4,0.15000000596046448,24.82000160217285
10421,1997-01-21,1997,1,1997-01-01,1,Tuesday,QUEDE,Que Delícia,Brazil,RJ,8,Laura Callahan,26,Gumbär Gummibärchen,3,Confections,11,Heli Süßwaren GmbH & Co. KG,24.9,30,0.0,747.0
10421,1997-01-21,1997,1,1997-01-01,1,Tuesday,QUEDE,Que Delícia,Brazil,RJ,8,Laura Callahan,53,Perth Pasties,6,Meat/Poultry,24,"G'day, Mate",26.2,15,0.15000000596046448,334.0500183105469
10421,1997-01-21,1997,1,1997-01-01,1,Tuesday,QUEDE,Que Delícia,Brazil,RJ,8,Laura Callahan,77,Original Frankfurter grüne Soße,2,Condiments,12,Plutzer Lebensmittelgroßmärkte AG,10.4,10,0.15000000596046448,88.4000015258789
10422,1997-01-22,1997,1,1997-01-01,1,Wednesday,FRANS,Franchi S.p.A.,Italy,Sin Región,2,Andrew Fuller,26,Gumbär Gummibärchen,3,Confections,11,Heli Süßwaren GmbH & Co. KG,24.9,2,0.0,49.79999923706055
10423,1997-01-23,1997,1,1997-01-01,1,Thursday,GOURL,Gourmet Lanchonetes,Brazil,SP,6,Michael Suyama,31,Gorgonzola Telino,4,Dairy Products,14,Formaggi Fortini s.r.l.,10.0,14,0.0,140.0
10423,1997-01-23,1997,1,1997-01-01,1,Thursday,GOURL,Gourmet Lanchonetes,Brazil,SP,6,Michael Suyama,59,Raclette Courdavault,4,Dairy Products,28,Gai pâturage,44.0,20,0.0,880.0
10424,1997-01-23,1997,1,1997-01-01,1,Thursday,MEREP,Mère Paillarde,Canada,Québec,7,Robert King,35,Steeleye Stout,1,Beverages,16,Bigfoot Breweries,14.4,60,0.20000000298023224,691.2000122070312
10424,1997-01-23,1997,1,1997-01-01,1,Thursday,MEREP,Mère Paillarde,Canada,Québec,7,Robert King,38,Côte de Blaye,1,Beverages,18,Aux joyeux ecclésiastiques,210.8,49,0.20000000298023224,8263.3603515625
10424,1997-01-23,1997,1,1997-01-01,1,Thursday,MEREP,Mère Paillarde,Canada,Québec,7,Robert King,68,Scottish Longbreads,3,Confections,8,"Specialty Biscuits, Ltd.",10.0,30,0.20000000298023224,240.0
10425,1997-01-24,1997,1,1997-01-01,1,Friday,LAMAI,La maison d'Asie,France,Sin Región,6,Michael Suyama,55,Pâté chinois,6,Meat/Poultry,25,Ma Maison,19.2,10,0.25,144.0
10425,1997-01-24,1997,1,1997-01-01,1,Friday,LAMAI,La maison d'Asie,France,Sin Región,6,Michael Suyama,76,Lakkalikööri,1,Beverages,23,Karkki Oy,14.4,20,0.25,216.0
10426,1997-01-27,1997,1,1997-01-01,1,Monday,GALED,Galería del gastrónomo,Spain,Sin Región,4,Margaret Peacock,56,Gnocchi di nonna Alice,5,Grains/Cereals,26,Pasta Buttini s.r.l.,30.4,5,0.0,152.0
10426,1997-01-27,1997,1,1997-01-01,1,Monday,GALED,Galería del gastrónomo,Spain,Sin Región,4,Margaret Peacock,64,Wimmers gute Semmelknödel,5,Grains/Cereals,12,Plutzer Lebensmittelgroßmärkte AG,26.6,7,0.0,186.1999969482422
10427,1997-01-27,1997,1,1997-01-01,1,Monday,PICCO,Piccolo und mehr,Austria,Sin Región,4,Margaret Peacock,14,Tofu,7,Produce,6,Mayumi's,18.6,35,0.0,651.0
10428,1997-01-28,1997,1,1997-01-01,1,Tuesday,REGGC,Reggiani Caseifici,Italy,Sin Región,7,Robert King,46,Spegesild,8,Seafood,21,Lyngbysild,9.6,20,0.0,192.0
10429,1997-01-29,1997,1,1997-01-01,1,Wednesday,HUNGO,Hungry Owl All-Night Grocers,Ireland,Co. Cork,3,Janet Leverling,50,Valkoinen suklaa,3,Confections,23,Karkki Oy,13.0,40,0.0,520.0
10429,1997-01-29,1997,1,1997-01-01,1,Wednesday,HUNGO,Hungry Owl All-Night Grocers,Ireland,Co. Cork,3,Janet Leverling,63,Vegie-spread,2,Condiments,7,"Pavlova, Ltd.",35.1,35,0.25,921.375
10430,1997-01-30,1997,1,1997-01-01,1,Thursday,ERNSH,Ernst Handel,Austria,Sin Región,4,Margaret Peacock,17,Alice Mutton,6,Meat/Poultry,7,"Pavlova, Ltd.",31.2,45,0.20000000298023224,1123.2000732421875
10430,1997-01-30,1997,1,1997-01-01,1,Thursday,ERNSH,Ernst Handel,Austria,Sin Región,4,Margaret Peacock,21,Sir Rodney's Scones,3,Confections,8,"Specialty Biscuits, Ltd.",8.0,50,0.0,400.0
10430,1997-01-30,1997,1,1997-01-01,1,Thursday,ERNSH,Ernst Handel,Austria,Sin Región,4,Margaret Peacock,56,Gnocchi di nonna Alice,5,Grains/Cereals,26,Pasta Buttini s.r.l.,30.4,30,0.0,912.0
10430,1997-01-30,1997,1,1997-01-01,1,Thursday,ERNSH,Ernst Handel,Austria,Sin Región,4,Margaret Peacock,59,Raclette Courdavault,4,Dairy Products,28,Gai pâturage,44.0,70,0.20000000298023224,2464.0
10431,1997-01-30,1997,1,1997-01-01,1,Thursday,BOTTM,Bottom-Dollar Markets,Canada,BC,4,Margaret Peacock,17,Alice Mutton,6,Meat/Poultry,7,"Pavlova, Ltd.",31.2,50,0.25,1170.0
10431,1997-01-30,1997,1,1997-01-01,1,Thursday,BOTTM,Bottom-Dollar Markets,Canada,BC,4,Margaret Peacock,40,Boston Crab Meat,8,Seafood,19,New England Seafood Cannery,14.7,50,0.25,551.25
10431,1997-01-30,1997,1,1997-01-01,1,Thursday,BOTTM,Bottom-Dollar Markets,Canada,BC,4,Margaret Peacock,47,Zaanse koeken,3,Confections,22,Zaanse Snoepfabriek,7.6,30,0.25,171.0
10432,1997-01-31,1997,1,1997-01-01,1,Friday,SPLIR,Split Rail Beer & Ale,USA,WY,3,Janet Leverling,26,Gumbär Gummibärchen,3,Confections,11,Heli Süßwaren GmbH & Co. KG,24.9,10,0.0,249.0
10432,1997-01-31,1997,1,1997-01-01,1,Friday,SPLIR,Split Rail Beer & Ale,USA,WY,3,Janet Leverling,54,Tourtière,6,Meat/Poultry,25,Ma Maison,5.9,40,0.0,236.0
10433,1997-02-03,1997,2,1997-02-01,1,Monday,PRINI,Princesa Isabel Vinhos,Portugal,Sin Región,3,Janet Leverling,56,Gnocchi di nonna Alice,5,Grains/Cereals,26,Pasta Buttini s.r.l.,30.4,28,0.0,851.2000122070312
10434,1997-02-03,1997,2,1997-02-01,1,Monday,FOLKO,Folk och fä HB,Sweden,Sin Región,3,Janet Leverling,11,Queso Cabrales,4,Dairy Products,5,Cooperativa de Quesos 'Las Cabras',16.8,6,0.0,100.80000305175781
10434,1997-02-03,1997,2,1997-02-01,1,Monday,FOLKO,Folk och fä HB,Sweden,Sin Región,3,Janet Leverling,76,Lakkalikööri,1,Beverages,23,Karkki Oy,14.4,18,0.15000000596046448,220.3200225830078
10435,1997-02-04,1997,2,1997-02-01,1,Tuesday,CONSH,Consolidated Holdings,UK,Sin Región,8,Laura Callahan,2,Chang,1,Beverages,1,Exotic Liquids,15.2,10,0.0,152.0
10435,1997-02-04,1997,2,1997-02-01,1,Tuesday,CONSH,Consolidated Holdings,UK,Sin Región,8,Laura Callahan,22,Gustaf's Knäckebröd,5,Grains/Cereals,9,PB Knäckebröd AB,16.8,12,0.0,201.60000610351562
10435,1997-02-04,1997,2,1997-02-01,1,Tuesday,CONSH,Consolidated Holdings,UK,Sin Región,8,Laura Callahan,72,Mozzarella di Giovanni,4,Dairy Products,14,Formaggi Fortini s.r.l.,27.8,10,0.0,278.0
10436,1997-02-05,1997,2,1997-02-01,1,Wednesday,BLONP,Blondesddsl père et fils,France,Sin Región,3,Janet Leverling,46,Spegesild,8,Seafood,21,Lyngbysild,9.6,5,0.0,48.0
10436,1997-02-05,1997,2,1997-02-01,1,Wednesday,BLONP,Blondesddsl père et fils,France,Sin Región,3,Janet Leverling,56,Gnocchi di nonna Alice,5,Grains/Cereals,26,Pasta Buttini s.r.l.,30.4,40,0.10000000149011612,1094.4000244140625
10436,1997-02-05,1997,2,1997-02-01,1,Wednesday,BLONP,Blondesddsl père et fils,France,Sin Región,3,Janet Leverling,64,Wimmers gute Semmelknödel,5,Grains/Cereals,12,Plutzer Lebensmittelgroßmärkte AG,26.6,30,0.10000000149011612,718.199951171875
10436,1997-02-05,1997,2,1997-02-01,1,Wednesday,BLONP,Blondesddsl père et fils,France,Sin Región,3,Janet Leverling,75,Rhönbräu Klosterbier,1,Beverages,12,Plutzer Lebensmittelgroßmärkte AG,6.2,24,0.10000000149011612,133.9199981689453
10437,1997-02-05,1997,2,1997-02-01,1,Wednesday,WARTH,Wartian Herkku,Finland,Sin Región,8,Laura Callahan,53,Perth Pasties,6,Meat/Poultry,24,"G'day, Mate",26.2,15,0.0,393.0
10438,1997-02-06,1997,2,1997-02-01,1,Thursday,TOMSP,Toms Spezialitäten,Germany,Sin Región,3,Janet Leverling,19,Teatime Chocolate Biscuits,3,Confections,8,"Specialty Biscuits, Ltd.",7.3,15,0.20000000298023224,87.5999984741211
10438,1997-02-06,1997,2,1997-02-01,1,Thursday,TOMSP,Toms Spezialitäten,Germany,Sin Región,3,Janet Leverling,34,Sasquatch Ale,1,Beverages,16,Bigfoot Breweries,11.2,20,0.20000000298023224,179.1999969482422
10438,1997-02-06,1997,2,1997-02-01,1,Thursday,TOMSP,Toms Spezialitäten,Germany,Sin Región,3,Janet Leverling,57,Ravioli Angelo,5,Grains/Cereals,26,Pasta Buttini s.r.l.,15.6,15,0.20000000298023224,187.1999969482422
10439,1997-02-07,1997,2,1997-02-01,1,Friday,MEREP,Mère Paillarde,Canada,Québec,6,Michael Suyama,12,Queso Manchego La Pastora,4,Dairy Products,5,Cooperativa de Quesos 'Las Cabras',30.4,15,0.0,456.0
10439,1997-02-07,1997,2,1997-02-01,1,Friday,MEREP,Mère Paillarde,Canada,Québec,6,Michael Suyama,16,Pavlova,3,Confections,7,"Pavlova, Ltd.",13.9,16,0.0,222.39999389648438
10439,1997-02-07,1997,2,1997-02-01,1,Friday,MEREP,Mère Paillarde,Canada,Québec,6,Michael Suyama,64,Wimmers gute Semmelknödel,5,Grains/Cereals,12,Plutzer Lebensmittelgroßmärkte AG,26.6,6,0.0,159.60000610351562
10439,1997-02-07,1997,2,1997-02-01,1,Friday,MEREP,Mère Paillarde,Canada,Québec,6,Michael Suyama,74,Longlife Tofu,7,Produce,4,Tokyo Traders,8.0,30,0.0,240.0
10440,1997-02-10,1997,2,1997-02-01,1,Monday,SAVEA,Save-a-lot Markets,USA,ID,4,Margaret Peacock,2,Chang,1,Beverages,1,Exotic Liquids,15.2,45,0.15000000596046448,581.4000244140625
10440,1997-02-10,1997,2,1997-02-01,1,Monday,SAVEA,Save-a-lot Markets,USA,ID,4,Margaret Peacock,16,Pavlova,3,Confections,7,"Pavlova, Ltd.",13.9,49,0.15000000596046448,578.9349975585938
10440,1997-02-10,1997,2,1997-02-01,1,Monday,SAVEA,Save-a-lot Markets,USA,ID,4,Margaret Peacock,29,Thüringer Rostbratwurst,6,Meat/Poultry,12,Plutzer Lebensmittelgroßmärkte AG,99.0,24,0.15000000596046448,2019.60009765625
10440,1997-02-10,1997,2,1997-02-01,1,Monday,SAVEA,Save-a-lot Markets,USA,ID,4,Margaret Peacock,61,Sirop d'érable,2,Condiments,29,Forêts d'érables,22.8,90,0.15000000596046448,1744.2000732421875
10441,1997-02-10,1997,2,1997-02-01,1,Monday,OLDWO,Old World Delicatessen,USA,AK,3,Janet Leverling,27,Schoggi Schokolade,3,Confections,11,Heli Süßwaren GmbH & Co. KG,35.1,50,0.0,1755.0
10442,1997-02-11,1997,2,1997-02-01,1,Tuesday,ERNSH,Ernst Handel,Austria,Sin Región,3,Janet Leverling,11,Queso Cabrales,4,Dairy Products,5,Cooperativa de Quesos 'Las Cabras',16.8,30,0.0,504.0
10442,1997-02-11,1997,2,1997-02-01,1,Tuesday,ERNSH,Ernst Handel,Austria,Sin Región,3,Janet Leverling,54,Tourtière,6,Meat/Poultry,25,Ma Maison,5.9,80,0.0,472.0
10442,1997-02-11,1997,2,1997-02-01,1,Tuesday,ERNSH,Ernst Handel,Austria,Sin Región,3,Janet Leverling,66,Louisiana Hot Spiced Okra,2,Condiments,2,New Orleans Cajun Delights,13.6,60,0.0,816.0
10443,1997-02-12,1997,2,1997-02-01,1,Wednesday,REGGC,Reggiani Caseifici,Italy,Sin Región,8,Laura Callahan,11,Queso Cabrales,4,Dairy Products,5,Cooperativa de Quesos 'Las Cabras',16.8,6,0.20000000298023224,80.64000701904297
10443,1997-02-12,1997,2,1997-02-01,1,Wednesday,REGGC,Reggiani Caseifici,Italy,Sin Región,8,Laura Callahan,28,Rössle Sauerkraut,7,Produce,12,Plutzer Lebensmittelgroßmärkte AG,36.4,12,0.0,436.79998779296875
10444,1997-02-12,1997,2,1997-02-01,1,Wednesday,BERGS,Berglunds snabbköp,Sweden,Sin Región,3,Janet Leverling,17,Alice Mutton,6,Meat/Poultry,7,"Pavlova, Ltd.",31.2,10,0.0,312.0
10444,1997-02-12,1997,2,1997-02-01,1,Wednesday,BERGS,Berglunds snabbköp,Sweden,Sin Región,3,Janet Leverling,26,Gumbär Gummibärchen,3,Confections,11,Heli Süßwaren GmbH & Co. KG,24.9,15,0.0,373.5
10444,1997-02-12,1997,2,1997-02-01,1,Wednesday,BERGS,Berglunds snabbköp,Sweden,Sin Región,3,Janet Leverling,35,Steeleye Stout,1,Beverages,16,Bigfoot Breweries,14.4,8,0.0,115.19999694824219
10444,1997-02-12,1997,2,1997-02-01,1,Wednesday,BERGS,Berglunds snabbköp,Sweden,Sin Región,3,Janet Leverling,41,Jack's New England Clam Chowder,8,Seafood,19,New England Seafood Cannery,7.7,30,0.0,231.0
10445,1997-02-13,1997,2,1997-02-01,1,Thursday,BERGS,Berglunds snabbköp,Sweden,Sin Región,3,Janet Leverling,39,Chartreuse verte,1,Beverages,18,Aux joyeux ecclésiastiques,14.4,6,0.0,86.4000015258789
10445,1997-02-13,1997,2,1997-02-01,1,Thursday,BERGS,Berglunds snabbköp,Sweden,Sin Región,3,Janet Leverling,54,Tourtière,6,Meat/Poultry,25,Ma Maison,5.9,15,0.0,88.5
10446,1997-02-14,1997,2,1997-02-01,1,Friday,TOMSP,Toms Spezialitäten,Germany,Sin Región,6,Michael Suyama,19,Teatime Chocolate Biscuits,3,Confections,8,"Specialty Biscuits, Ltd.",7.3,12,0.10000000149011612,78.83999633789062
10446,1997-02-14,1997,2,1997-02-01,1,Friday,TOMSP,Toms Spezialitäten,Germany,Sin Región,6,Michael Suyama,24,Guaraná Fantástica,1,Beverages,10,Refrescos Americanas LTDA,3.6,20,0.10000000149011612,64.79999542236328
10446,1997-02-14,1997,2,1997-02-01,1,Friday,TOMSP,Toms Spezialitäten,Germany,Sin Región,6,Michael Suyama,31,Gorgonzola Telino,4,Dairy Products,14,Formaggi Fortini s.r.l.,10.0,3,0.10000000149011612,27.0
10446,1997-02-14,1997,2,1997-02-01,1,Friday,TOMSP,Toms Spezialitäten,Germany,Sin Región,6,Michael Suyama,52,Filo Mix,5,Grains/Cereals,24,"G'day, Mate",5.6,15,0.10000000149011612,75.5999984741211
10447,1997-02-14,1997,2,1997-02-01,1,Friday,RICAR,Ricardo Adocicados,Brazil,RJ,4,Margaret Peacock,19,Teatime Chocolate Biscuits,3,Confections,8,"Specialty Biscuits, Ltd.",7.3,40,0.0,292.0
10447,1997-02-14,1997,2,1997-02-01,1,Friday,RICAR,Ricardo Adocicados,Brazil,RJ,4,Margaret Peacock,65,Louisiana Fiery Hot Pepper Sauce,2,Condiments,2,New Orleans Cajun Delights,16.8,35,0.0,588.0
10447,1997-02-14,1997,2,1997-02-01,1,Friday,RICAR,Ricardo Adocicados,Brazil,RJ,4,Margaret Peacock,71,Flotemysost,4,Dairy Products,15,Norske Meierier,17.2,2,0.0,34.400001525878906
10448,1997-02-17,1997,2,1997-02-01,1,Monday,RANCH,Rancho grande,Argentina,Sin Región,4,Margaret Peacock,26,Gumbär Gummibärchen,3,Confections,11,Heli Süßwaren GmbH & Co. KG,24.9,6,0.0,149.39999389648438
10448,1997-02-17,1997,2,1997-02-01,1,Monday,RANCH,Rancho grande,Argentina,Sin Región,4,Margaret Peacock,40,Boston Crab Meat,8,Seafood,19,New England Seafood Cannery,14.7,20,0.0,294.0
10449,1997-02-18,1997,2,1997-02-01,1,Tuesday,BLONP,Blondesddsl père et fils,France,Sin Región,3,Janet Leverling,10,Ikura,8,Seafood,4,Tokyo Traders,24.8,14,0.0,347.20001220703125
10449,1997-02-18,1997,2,1997-02-01,1,Tuesday,BLONP,Blondesddsl père et fils,France,Sin Región,3,Janet Leverling,52,Filo Mix,5,Grains/Cereals,24,"G'day, Mate",5.6,20,0.0,112.0
10449,1997-02-18,1997,2,1997-02-01,1,Tuesday,BLONP,Blondesddsl père et fils,France,Sin Región,3,Janet Leverling,62,Tarte au sucre,3,Confections,29,Forêts d'érables,39.4,35,0.0,1379.0
10450,1997-02-19,1997,2,1997-02-01,1,Wednesday,VICTE,Victuailles en stock,France,Sin Región,8,Laura Callahan,10,Ikura,8,Seafood,4,Tokyo Traders,24.8,20,0.20000000298023224,396.8000183105469
10450,1997-02-19,1997,2,1997-02-01,1,Wednesday,VICTE,Victuailles en stock,France,Sin Región,8,Laura Callahan,54,Tourtière,6,Meat/Poultry,25,Ma Maison,5.9,6,0.20000000298023224,28.32000160217285
10451,1997-02-19,1997,2,1997-02-01,1,Wednesday,QUICK,QUICK-Stop,Germany,Sin Región,4,Margaret Peacock,55,Pâté chinois,6,Meat/Poultry,25,Ma Maison,19.2,120,0.10000000149011612,2073.599853515625
10451,1997-02-19,1997,2,1997-02-01,1,Wednesday,QUICK,QUICK-Stop,Germany,Sin Región,4,Margaret Peacock,64,Wimmers gute Semmelknödel,5,Grains/Cereals,12,Plutzer Lebensmittelgroßmärkte AG,26.6,35,0.10000000149011612,837.8999633789062
10451,1997-02-19,1997,2,1997-02-01,1,Wednesday,QUICK,QUICK-Stop,Germany,Sin Región,4,Margaret Peacock,65,Louisiana Fiery Hot Pepper Sauce,2,Condiments,2,New Orleans Cajun Delights,16.8,28,0.10000000149011612,423.3599853515625
10451,1997-02-19,1997,2,1997-02-01,1,Wednesday,QUICK,QUICK-Stop,Germany,Sin Región,4,Margaret Peacock,77,Original Frankfurter grüne Soße,2,Condiments,12,Plutzer Lebensmittelgroßmärkte AG,10.4,55,0.10000000149011612,514.7999877929688
10452,1997-02-20,1997,2,1997-02-01,1,Thursday,SAVEA,Save-a-lot Markets,USA,ID,8,Laura Callahan,28,Rössle Sauerkraut,7,Produce,12,Plutzer Lebensmittelgroßmärkte AG,36.4,15,0.0,546.0
10452,1997-02-20,1997,2,1997-02-01,1,Thursday,SAVEA,Save-a-lot Markets,USA,ID,8,Laura Callahan,44,Gula Malacca,2,Condiments,20,Leka Trading,15.5,100,0.05000000074505806,1472.5
10453,1997-02-21,1997,2,1997-02-01,1,Friday,AROUT,Around the Horn,UK,Sin Región,1,Nancy Davolio,48,Chocolade,3,Confections,22,Zaanse Snoepfabriek,10.2,15,0.10000000149011612,137.6999969482422
10453,1997-02-21,1997,2,1997-02-01,1,Friday,AROUT,Around the Horn,UK,Sin Región,1,Nancy Davolio,70,Outback Lager,1,Beverages,7,"Pavlova, Ltd.",12.0,25,0.10000000149011612,270.0
10454,1997-02-21,1997,2,1997-02-01,1,Friday,LAMAI,La maison d'Asie,France,Sin Región,4,Margaret Peacock,16,Pavlova,3,Confections,7,"Pavlova, Ltd.",13.9,20,0.20000000298023224,222.40000915527344
10454,1997-02-21,1997,2,1997-02-01,1,Friday,LAMAI,La maison d'Asie,France,Sin Región,4,Margaret Peacock,33,Geitost,4,Dairy Products,15,Norske Meierier,2.0,20,0.20000000298023224,32.0
10454,1997-02-21,1997,2,1997-02-01,1,Friday,LAMAI,La maison d'Asie,France,Sin Región,4,Margaret Peacock,46,Spegesild,8,Seafood,21,Lyngbysild,9.6,10,0.20000000298023224,76.80000305175781
10455,1997-02-24,1997,2,1997-02-01,1,Monday,WARTH,Wartian Herkku,Finland,Sin Región,8,Laura Callahan,39,Chartreuse verte,1,Beverages,18,Aux joyeux ecclésiastiques,14.4,20,0.0,288.0
10455,1997-02-24,1997,2,1997-02-01,1,Monday,WARTH,Wartian Herkku,Finland,Sin Región,8,Laura Callahan,53,Perth Pasties,6,Meat/Poultry,24,"G'day, Mate",26.2,50,0.0,1310.0
10455,1997-02-24,1997,2,1997-02-01,1,Monday,WARTH,Wartian Herkku,Finland,Sin Región,8,Laura Callahan,61,Sirop d'érable,2,Condiments,29,Forêts d'érables,22.8,25,0.0,570.0
10455,1997-02-24,1997,2,1997-02-01,1,Monday,WARTH,Wartian Herkku,Finland,Sin Región,8,Laura Callahan,71,Flotemysost,4,Dairy Products,15,Norske Meierier,17.2,30,0.0,516.0
10456,1997-02-25,1997,2,1997-02-01,1,Tuesday,KOENE,Königlich Essen,Germany,Sin Región,8,Laura Callahan,21,Sir Rodney's Scones,3,Confections,8,"Specialty Biscuits, Ltd.",8.0,40,0.15000000596046448,272.0
10456,1997-02-25,1997,2,1997-02-01,1,Tuesday,KOENE,Königlich Essen,Germany,Sin Región,8,Laura Callahan,49,Maxilaku,3,Confections,23,Karkki Oy,16.0,21,0.15000000596046448,285.6000061035156
10457,1997-02-25,1997,2,1997-02-01,1,Tuesday,KOENE,Königlich Essen,Germany,Sin Región,2,Andrew Fuller,59,Raclette Courdavault,4,Dairy Products,28,Gai pâturage,44.0,36,0.0,1584.0
10458,1997-02-26,1997,2,1997-02-01,1,Wednesday,SUPRD,Suprêmes délices,Belgium,Sin Región,7,Robert King,26,Gumbär Gummibärchen,3,Confections,11,Heli Süßwaren GmbH & Co. KG,24.9,30,0.0,747.0
10458,1997-02-26,1997,2,1997-02-01,1,Wednesday,SUPRD,Suprêmes délices,Belgium,Sin Región,7,Robert King,28,Rössle Sauerkraut,7,Produce,12,Plutzer Lebensmittelgroßmärkte AG,36.4,30,0.0,1092.0
10458,1997-02-26,1997,2,1997-02-01,1,Wednesday,SUPRD,Suprêmes délices,Belgium,Sin Región,7,Robert King,43,Ipoh Coffee,1,Beverages,20,Leka Trading,36.8,20,0.0,736.0
10458,1997-02-26,1997,2,1997-02-01,1,Wednesday,SUPRD,Suprêmes délices,Belgium,Sin Región,7,Robert King,56,Gnocchi di nonna Alice,5,Grains/Cereals,26,Pasta Buttini s.r.l.,30.4,15,0.0,456.0
10458,1997-02-26,1997,2,1997-02-01,1,Wednesday,SUPRD,Suprêmes délices,Belgium,Sin Región,7,Robert King,71,Flotemysost,4,Dairy Products,15,Norske Meierier,17.2,50,0.0,860.0
10459,1997-02-27,1997,2,1997-02-01,1,Thursday,VICTE,Victuailles en stock,France,Sin Región,4,Margaret Peacock,7,Uncle Bob's Organic Dried Pears,7,Produce,3,Grandma Kelly's Homestead,24.0,16,0.05000000074505806,364.79998779296875
10459,1997-02-27,1997,2,1997-02-01,1,Thursday,VICTE,Victuailles en stock,France,Sin Región,4,Margaret Peacock,46,Spegesild,8,Seafood,21,Lyngbysild,9.6,20,0.05000000074505806,182.39999389648438
10459,1997-02-27,1997,2,1997-02-01,1,Thursday,VICTE,Victuailles en stock,France,Sin Región,4,Margaret Peacock,72,Mozzarella di Giovanni,4,Dairy Products,14,Formaggi Fortini s.r.l.,27.8,40,0.0,1112.0
10460,1997-02-28,1997,2,1997-02-01,1,Friday,FOLKO,Folk och fä HB,Sweden,Sin Región,8,Laura Callahan,68,Scottish Longbreads,3,Confections,8,"Specialty Biscuits, Ltd.",10.0,21,0.25,157.5
10460,1997-02-28,1997,2,1997-02-01,1,Friday,FOLKO,Folk och fä HB,Sweden,Sin Región,8,Laura Callahan,75,Rhönbräu Klosterbier,1,Beverages,12,Plutzer Lebensmittelgroßmärkte AG,6.2,4,0.25,18.599998474121094
10461,1997-02-28,1997,2,1997-02-01,1,Friday,LILAS,LILA-Supermercado,Venezuela,Lara,1,Nancy Davolio,21,Sir Rodney's Scones,3,Confections,8,"Specialty Biscuits, Ltd.",8.0,40,0.25,240.0
10461,1997-02-28,1997,2,1997-02-01,1,Friday,LILAS,LILA-Supermercado,Venezuela,Lara,1,Nancy Davolio,30,Nord-Ost Matjeshering,8,Seafood,13,Nord-Ost-Fisch Handelsgesellschaft mbH,20.7,28,0.25,434.6999816894531
10461,1997-02-28,1997,2,1997-02-01,1,Friday,LILAS,LILA-Supermercado,Venezuela,Lara,1,Nancy Davolio,55,Pâté chinois,6,Meat/Poultry,25,Ma Maison,19.2,60,0.25,864.0
10462,1997-03-03,1997,3,1997-03-01,1,Monday,CONSH,Consolidated Holdings,UK,Sin Región,2,Andrew Fuller,13,Konbu,8,Seafood,6,Mayumi's,4.8,1,0.0,4.800000190734863
10462,1997-03-03,1997,3,1997-03-01,1,Monday,CONSH,Consolidated Holdings,UK,Sin Región,2,Andrew Fuller,23,Tunnbröd,5,Grains/Cereals,9,PB Knäckebröd AB,7.2,21,0.0,151.1999969482422
10463,1997-03-04,1997,3,1997-03-01,1,Tuesday,SUPRD,Suprêmes délices,Belgium,Sin Región,5,Steven Buchanan,19,Teatime Chocolate Biscuits,3,Confections,8,"Specialty Biscuits, Ltd.",7.3,21,0.0,153.3000030517578
10463,1997-03-04,1997,3,1997-03-01,1,Tuesday,SUPRD,Suprêmes délices,Belgium,Sin Región,5,Steven Buchanan,42,Singaporean Hokkien Fried Mee,5,Grains/Cereals,20,Leka Trading,11.2,50,0.0,560.0
10464,1997-03-04,1997,3,1997-03-01,1,Tuesday,FURIB,Furia Bacalhau e Frutos do Mar,Portugal,Sin Región,4,Margaret Peacock,4,Chef Anton's Cajun Seasoning,2,Condiments,2,New Orleans Cajun Delights,17.6,16,0.20000000298023224,225.28001403808594
10464,1997-03-04,1997,3,1997-03-01,1,Tuesday,FURIB,Furia Bacalhau e Frutos do Mar,Portugal,Sin Región,4,Margaret Peacock,43,Ipoh Coffee,1,Beverages,20,Leka Trading,36.8,3,0.0,110.4000015258789
10464,1997-03-04,1997,3,1997-03-01,1,Tuesday,FURIB,Furia Bacalhau e Frutos do Mar,Portugal,Sin Región,4,Margaret Peacock,56,Gnocchi di nonna Alice,5,Grains/Cereals,26,Pasta Buttini s.r.l.,30.4,30,0.20000000298023224,729.6000366210938
10464,1997-03-04,1997,3,1997-03-01,1,Tuesday,FURIB,Furia Bacalhau e Frutos do Mar,Portugal,Sin Región,4,Margaret Peacock,60,Camembert Pierrot,4,Dairy Products,28,Gai pâturage,27.2,20,0.0,544.0
10465,1997-03-05,1997,3,1997-03-01,1,Wednesday,VAFFE,Vaffeljernet,Denmark,Sin Región,1,Nancy Davolio,24,Guaraná Fantástica,1,Beverages,10,Refrescos Americanas LTDA,3.6,25,0.0,90.0
10465,1997-03-05,1997,3,1997-03-01,1,Wednesday,VAFFE,Vaffeljernet,Denmark,Sin Región,1,Nancy Davolio,29,Thüringer Rostbratwurst,6,Meat/Poultry,12,Plutzer Lebensmittelgroßmärkte AG,99.0,18,0.10000000149011612,1603.7999267578125
10465,1997-03-05,1997,3,1997-03-01,1,Wednesday,VAFFE,Vaffeljernet,Denmark,Sin Región,1,Nancy Davolio,40,Boston Crab Meat,8,Seafood,19,New England Seafood Cannery,14.7,20,0.0,294.0
10465,1997-03-05,1997,3,1997-03-01,1,Wednesday,VAFFE,Vaffeljernet,Denmark,Sin Región,1,Nancy Davolio,45,Rogede sild,8,Seafood,21,Lyngbysild,7.6,30,0.10000000149011612,205.1999969482422
10465,1997-03-05,1997,3,1997-03-01,1,Wednesday,VAFFE,Vaffeljernet,Denmark,Sin Región,1,Nancy Davolio,50,Valkoinen suklaa,3,Confections,23,Karkki Oy,13.0,25,0.0,325.0
10466,1997-03-06,1997,3,1997-03-01,1,Thursday,COMMI,Comércio Mineiro,Brazil,SP,4,Margaret Peacock,11,Queso Cabrales,4,Dairy Products,5,Cooperativa de Quesos 'Las Cabras',16.8,10,0.0,168.0
10466,1997-03-06,1997,3,1997-03-01,1,Thursday,COMMI,Comércio Mineiro,Brazil,SP,4,Margaret Peacock,46,Spegesild,8,Seafood,21,Lyngbysild,9.6,5,0.0,48.0
10467,1997-03-06,1997,3,1997-03-01,1,Thursday,MAGAA,Magazzini Alimentari Riuniti,Italy,Sin Región,8,Laura Callahan,24,Guaraná Fantástica,1,Beverages,10,Refrescos Americanas LTDA,3.6,28,0.0,100.80000305175781
10467,1997-03-06,1997,3,1997-03-01,1,Thursday,MAGAA,Magazzini Alimentari Riuniti,Italy,Sin Región,8,Laura Callahan,25,NuNuCa Nuß-Nougat-Creme,3,Confections,11,Heli Süßwaren GmbH & Co. KG,11.2,12,0.0,134.39999389648438
10468,1997-03-07,1997,3,1997-03-01,1,Friday,KOENE,Königlich Essen,Germany,Sin Región,3,Janet Leverling,30,Nord-Ost Matjeshering,8,Seafood,13,Nord-Ost-Fisch Handelsgesellschaft mbH,20.7,8,0.0,165.60000610351562
10468,1997-03-07,1997,3,1997-03-01,1,Friday,KOENE,Königlich Essen,Germany,Sin Región,3,Janet Leverling,43,Ipoh Coffee,1,Beverages,20,Leka Trading,36.8,15,0.0,552.0
10469,1997-03-10,1997,3,1997-03-01,1,Monday,WHITC,White Clover Markets,USA,WA,1,Nancy Davolio,2,Chang,1,Beverages,1,Exotic Liquids,15.2,40,0.15000000596046448,516.7999877929688
10469,1997-03-10,1997,3,1997-03-01,1,Monday,WHITC,White Clover Markets,USA,WA,1,Nancy Davolio,16,Pavlova,3,Confections,7,"Pavlova, Ltd.",13.9,35,0.15000000596046448,413.5250244140625
10469,1997-03-10,1997,3,1997-03-01,1,Monday,WHITC,White Clover Markets,USA,WA,1,Nancy Davolio,44,Gula Malacca,2,Condiments,20,Leka Trading,15.5,2,0.15000000596046448,26.350000381469727
10470,1997-03-11,1997,3,1997-03-01,1,Tuesday,BONAP,Bon app',France,Sin Región,4,Margaret Peacock,18,Carnarvon Tigers,8,Seafood,7,"Pavlova, Ltd.",50.0,30,0.0,1500.0
10470,1997-03-11,1997,3,1997-03-01,1,Tuesday,BONAP,Bon app',France,Sin Región,4,Margaret Peacock,23,Tunnbröd,5,Grains/Cereals,9,PB Knäckebröd AB,7.2,15,0.0,108.0
10470,1997-03-11,1997,3,1997-03-01,1,Tuesday,BONAP,Bon app',France,Sin Región,4,Margaret Peacock,64,Wimmers gute Semmelknödel,5,Grains/Cereals,12,Plutzer Lebensmittelgroßmärkte AG,26.6,8,0.0,212.8000030517578
10471,1997-03-11,1997,3,1997-03-01,1,Tuesday,BSBEV,B's Beverages,UK,Sin Región,2,Andrew Fuller,7,Uncle Bob's Organic Dried Pears,7,Produce,3,Grandma Kelly's Homestead,24.0,30,0.0,720.0
10471,1997-03-11,1997,3,1997-03-01,1,Tuesday,BSBEV,B's Beverages,UK,Sin Región,2,Andrew Fuller,56,Gnocchi di nonna Alice,5,Grains/Cereals,26,Pasta Buttini s.r.l.,30.4,20,0.0,608.0
10472,1997-03-12,1997,3,1997-03-01,1,Wednesday,SEVES,Seven Seas Imports,UK,Sin Región,8,Laura Callahan,24,Guaraná Fantástica,1,Beverages,10,Refrescos Americanas LTDA,3.6,80,0.05000000074505806,273.6000061035156
10472,1997-03-12,1997,3,1997-03-01,1,Wednesday,SEVES,Seven Seas Imports,UK,Sin Región,8,Laura Callahan,51,Manjimup Dried Apples,7,Produce,24,"G'day, Mate",42.4,18,0.0,763.2000122070312
10473,1997-03-13,1997,3,1997-03-01,1,Thursday,ISLAT,Island Trading,UK,Isle of Wight,1,Nancy Davolio,33,Geitost,4,Dairy Products,15,Norske Meierier,2.0,12,0.0,24.0
10473,1997-03-13,1997,3,1997-03-01,1,Thursday,ISLAT,Island Trading,UK,Isle of Wight,1,Nancy Davolio,71,Flotemysost,4,Dairy Products,15,Norske Meierier,17.2,12,0.0,206.39999389648438
10474,1997-03-13,1997,3,1997-03-01,1,Thursday,PERIC,Pericles Comidas clásicas,Mexico,Sin Región,5,Steven Buchanan,14,Tofu,7,Produce,6,Mayumi's,18.6,12,0.0,223.1999969482422
10474,1997-03-13,1997,3,1997-03-01,1,Thursday,PERIC,Pericles Comidas clásicas,Mexico,Sin Región,5,Steven Buchanan,28,Rössle Sauerkraut,7,Produce,12,Plutzer Lebensmittelgroßmärkte AG,36.4,18,0.0,655.2000122070312
10474,1997-03-13,1997,3,1997-03-01,1,Thursday,PERIC,Pericles Comidas clásicas,Mexico,Sin Región,5,Steven Buchanan,40,Boston Crab Meat,8,Seafood,19,New England Seafood Cannery,14.7,21,0.0,308.70001220703125
10474,1997-03-13,1997,3,1997-03-01,1,Thursday,PERIC,Pericles Comidas clásicas,Mexico,Sin Región,5,Steven Buchanan,75,Rhönbräu Klosterbier,1,Beverages,12,Plutzer Lebensmittelgroßmärkte AG,6.2,10,0.0,62.0
10475,1997-03-14,1997,3,1997-03-01,1,Friday,SUPRD,Suprêmes délices,Belgium,Sin Región,9,Anne Dodsworth,31,Gorgonzola Telino,4,Dairy Products,14,Formaggi Fortini s.r.l.,10.0,35,0.15000000596046448,297.5
10475,1997-03-14,1997,3,1997-03-01,1,Friday,SUPRD,Suprêmes délices,Belgium,Sin Región,9,Anne Dodsworth,66,Louisiana Hot Spiced Okra,2,Condiments,2,New Orleans Cajun Delights,13.6,60,0.15000000596046448,693.6000366210938
10475,1997-03-14,1997,3,1997-03-01,1,Friday,SUPRD,Suprêmes délices,Belgium,Sin Región,9,Anne Dodsworth,76,Lakkalikööri,1,Beverages,23,Karkki Oy,14.4,42,0.15000000596046448,514.0800170898438
10476,1997-03-17,1997,3,1997-03-01,1,Monday,HILAA,HILARION-Abastos,Venezuela,Táchira,8,Laura Callahan,55,Pâté chinois,6,Meat/Poultry,25,Ma Maison,19.2,2,0.05000000074505806,36.47999954223633
10476,1997-03-17,1997,3,1997-03-01,1,Monday,HILAA,HILARION-Abastos,Venezuela,Táchira,8,Laura Callahan,70,Outback Lager,1,Beverages,7,"Pavlova, Ltd.",12.0,12,0.0,144.0
10477,1997-03-17,1997,3,1997-03-01,1,Monday,PRINI,Princesa Isabel Vinhos,Portugal,Sin Región,5,Steven Buchanan,1,Chai,1,Beverages,1,Exotic Liquids,14.4,15,0.0,216.0
10477,1997-03-17,1997,3,1997-03-01,1,Monday,PRINI,Princesa Isabel Vinhos,Portugal,Sin Región,5,Steven Buchanan,21,Sir Rodney's Scones,3,Confections,8,"Specialty Biscuits, Ltd.",8.0,21,0.25,126.0
10477,1997-03-17,1997,3,1997-03-01,1,Monday,PRINI,Princesa Isabel Vinhos,Portugal,Sin Región,5,Steven Buchanan,39,Chartreuse verte,1,Beverages,18,Aux joyeux ecclésiastiques,14.4,20,0.25,216.0
10478,1997-03-18,1997,3,1997-03-01,1,Tuesday,VICTE,Victuailles en stock,France,Sin Región,2,Andrew Fuller,10,Ikura,8,Seafood,4,Tokyo Traders,24.8,20,0.05000000074505806,471.1999816894531
10479,1997-03-19,1997,3,1997-03-01,1,Wednesday,RATTC,Rattlesnake Canyon Grocery,USA,NM,3,Janet Leverling,38,Côte de Blaye,1,Beverages,18,Aux joyeux ecclésiastiques,210.8,30,0.0,6324.0
10479,1997-03-19,1997,3,1997-03-01,1,Wednesday,RATTC,Rattlesnake Canyon Grocery,USA,NM,3,Janet Leverling,53,Perth Pasties,6,Meat/Poultry,24,"G'day, Mate",26.2,28,0.0,733.5999755859375
10479,1997-03-19,1997,3,1997-03-01,1,Wednesday,RATTC,Rattlesnake Canyon Grocery,USA,NM,3,Janet Leverling,59,Raclette Courdavault,4,Dairy Products,28,Gai pâturage,44.0,60,0.0,2640.0
10479,1997-03-19,1997,3,1997-03-01,1,Wednesday,RATTC,Rattlesnake Canyon Grocery,USA,NM,3,Janet Leverling,64,Wimmers gute Semmelknödel,5,Grains/Cereals,12,Plutzer Lebensmittelgroßmärkte AG,26.6,30,0.0,798.0
10480,1997-03-20,1997,3,1997-03-01,1,Thursday,FOLIG,Folies gourmandes,France,Sin Región,6,Michael Suyama,47,Zaanse koeken,3,Confections,22,Zaanse Snoepfabriek,7.6,30,0.0,228.0
10480,1997-03-20,1997,3,1997-03-01,1,Thursday,FOLIG,Folies gourmandes,France,Sin Región,6,Michael Suyama,59,Raclette Courdavault,4,Dairy Products,28,Gai pâturage,44.0,12,0.0,528.0
10481,1997-03-20,1997,3,1997-03-01,1,Thursday,RICAR,Ricardo Adocicados,Brazil,RJ,8,Laura Callahan,49,Maxilaku,3,Confections,23,Karkki Oy,16.0,24,0.0,384.0
10481,1997-03-20,1997,3,1997-03-01,1,Thursday,RICAR,Ricardo Adocicados,Brazil,RJ,8,Laura Callahan,60,Camembert Pierrot,4,Dairy Products,28,Gai pâturage,27.2,40,0.0,1088.0
10482,1997-03-21,1997,3,1997-03-01,1,Friday,LAZYK,Lazy K Kountry Store,USA,WA,1,Nancy Davolio,40,Boston Crab Meat,8,Seafood,19,New England Seafood Cannery,14.7,10,0.0,147.0
10483,1997-03-24,1997,3,1997-03-01,1,Monday,WHITC,White Clover Markets,USA,WA,7,Robert King,34,Sasquatch Ale,1,Beverages,16,Bigfoot Breweries,11.2,35,0.05000000074505806,372.3999938964844
10483,1997-03-24,1997,3,1997-03-01,1,Monday,WHITC,White Clover Markets,USA,WA,7,Robert King,77,Original Frankfurter grüne Soße,2,Condiments,12,Plutzer Lebensmittelgroßmärkte AG,10.4,30,0.05000000074505806,296.3999938964844
10484,1997-03-24,1997,3,1997-03-01,1,Monday,BSBEV,B's Beverages,UK,Sin Región,3,Janet Leverling,21,Sir Rodney's Scones,3,Confections,8,"Specialty Biscuits, Ltd.",8.0,14,0.0,112.0
10484,1997-03-24,1997,3,1997-03-01,1,Monday,BSBEV,B's Beverages,UK,Sin Región,3,Janet Leverling,40,Boston Crab Meat,8,Seafood,19,New England Seafood Cannery,14.7,10,0.0,147.0
10484,1997-03-24,1997,3,1997-03-01,1,Monday,BSBEV,B's Beverages,UK,Sin Región,3,Janet Leverling,51,Manjimup Dried Apples,7,Produce,24,"G'day, Mate",42.4,3,0.0,127.19999694824219
10485,1997-03-25,1997,3,1997-03-01,1,Tuesday,LINOD,LINO-Delicateses,Venezuela,Nueva Esparta,4,Margaret Peacock,2,Chang,1,Beverages,1,Exotic Liquids,15.2,20,0.10000000149011612,273.6000061035156
10485,1997-03-25,1997,3,1997-03-01,1,Tuesday,LINOD,LINO-Delicateses,Venezuela,Nueva Esparta,4,Margaret Peacock,3,Aniseed Syrup,2,Condiments,1,Exotic Liquids,8.0,20,0.10000000149011612,144.0
10485,1997-03-25,1997,3,1997-03-01,1,Tuesday,LINOD,LINO-Delicateses,Venezuela,Nueva Esparta,4,Margaret Peacock,55,Pâté chinois,6,Meat/Poultry,25,Ma Maison,19.2,30,0.10000000149011612,518.3999633789062
10485,1997-03-25,1997,3,1997-03-01,1,Tuesday,LINOD,LINO-Delicateses,Venezuela,Nueva Esparta,4,Margaret Peacock,70,Outback Lager,1,Beverages,7,"Pavlova, Ltd.",12.0,60,0.10000000149011612,648.0
10486,1997-03-26,1997,3,1997-03-01,1,Wednesday,HILAA,HILARION-Abastos,Venezuela,Táchira,1,Nancy Davolio,11,Queso Cabrales,4,Dairy Products,5,Cooperativa de Quesos 'Las Cabras',16.8,5,0.0,84.0
10486,1997-03-26,1997,3,1997-03-01,1,Wednesday,HILAA,HILARION-Abastos,Venezuela,Táchira,1,Nancy Davolio,51,Manjimup Dried Apples,7,Produce,24,"G'day, Mate",42.4,25,0.0,1060.0
10486,1997-03-26,1997,3,1997-03-01,1,Wednesday,HILAA,HILARION-Abastos,Venezuela,Táchira,1,Nancy Davolio,74,Longlife Tofu,7,Produce,4,Tokyo Traders,8.0,16,0.0,128.0
10487,1997-03-26,1997,3,1997-03-01,1,Wednesday,QUEEN,Queen Cozinha,Brazil,SP,2,Andrew Fuller,19,Teatime Chocolate Biscuits,3,Confections,8,"Specialty Biscuits, Ltd.",7.3,5,0.0,36.5
10487,1997-03-26,1997,3,1997-03-01,1,Wednesday,QUEEN,Queen Cozinha,Brazil,SP,2,Andrew Fuller,26,Gumbär Gummibärchen,3,Confections,11,Heli Süßwaren GmbH & Co. KG,24.9,30,0.0,747.0
10487,1997-03-26,1997,3,1997-03-01,1,Wednesday,QUEEN,Queen Cozinha,Brazil,SP,2,Andrew Fuller,54,Tourtière,6,Meat/Poultry,25,Ma Maison,5.9,24,0.25,106.20000457763672
10488,1997-03-27,1997,3,1997-03-01,1,Thursday,FRANK,Frankenversand,Germany,Sin Región,8,Laura Callahan,59,Raclette Courdavault,4,Dairy Products,28,Gai pâturage,44.0,30,0.0,1320.0
10488,1997-03-27,1997,3,1997-03-01,1,Thursday,FRANK,Frankenversand,Germany,Sin Región,8,Laura Callahan,73,Röd Kaviar,8,Seafood,17,Svensk Sjöföda AB,12.0,20,0.20000000298023224,192.0
10489,1997-03-28,1997,3,1997-03-01,1,Friday,PICCO,Piccolo und mehr,Austria,Sin Región,6,Michael Suyama,11,Queso Cabrales,4,Dairy Products,5,Cooperativa de Quesos 'Las Cabras',16.8,15,0.25,189.0
10489,1997-03-28,1997,3,1997-03-01,1,Friday,PICCO,Piccolo und mehr,Austria,Sin Región,6,Michael Suyama,16,Pavlova,3,Confections,7,"Pavlova, Ltd.",13.9,18,0.0,250.1999969482422
10490,1997-03-31,1997,3,1997-03-01,1,Monday,HILAA,HILARION-Abastos,Venezuela,Táchira,7,Robert King,59,Raclette Courdavault,4,Dairy Products,28,Gai pâturage,44.0,60,0.0,2640.0
10490,1997-03-31,1997,3,1997-03-01,1,Monday,HILAA,HILARION-Abastos,Venezuela,Táchira,7,Robert King,68,Scottish Longbreads,3,Confections,8,"Specialty Biscuits, Ltd.",10.0,30,0.0,300.0
10490,1997-03-31,1997,3,1997-03-01,1,Monday,HILAA,HILARION-Abastos,Venezuela,Táchira,7,Robert King,75,Rhönbräu Klosterbier,1,Beverages,12,Plutzer Lebensmittelgroßmärkte AG,6.2,36,0.0,223.1999969482422
10491,1997-03-31,1997,3,1997-03-01,1,Monday,FURIB,Furia Bacalhau e Frutos do Mar,Portugal,Sin Región,8,Laura Callahan,44,Gula Malacca,2,Condiments,20,Leka Trading,15.5,15,0.15000000596046448,197.625
10491,1997-03-31,1997,3,1997-03-01,1,Monday,FURIB,Furia Bacalhau e Frutos do Mar,Portugal,Sin Región,8,Laura Callahan,77,Original Frankfurter grüne Soße,2,Condiments,12,Plutzer Lebensmittelgroßmärkte AG,10.4,7,0.15000000596046448,61.8800048828125
10492,1997-04-01,1997,4,1997-04-01,2,Tuesday,BOTTM,Bottom-Dollar Markets,Canada,BC,3,Janet Leverling,25,NuNuCa Nuß-Nougat-Creme,3,Confections,11,Heli Süßwaren GmbH & Co. KG,11.2,60,0.05000000074505806,638.3999633789062
10492,1997-04-01,1997,4,1997-04-01,2,Tuesday,BOTTM,Bottom-Dollar Markets,Canada,BC,3,Janet Leverling,42,Singaporean Hokkien Fried Mee,5,Grains/Cereals,20,Leka Trading,11.2,20,0.05000000074505806,212.8000030517578
10493,1997-04-02,1997,4,1997-04-01,2,Wednesday,LAMAI,La maison d'Asie,France,Sin Región,4,Margaret Peacock,65,Louisiana Fiery Hot Pepper Sauce,2,Condiments,2,New Orleans Cajun Delights,16.8,15,0.10000000149011612,226.79998779296875
10493,1997-04-02,1997,4,1997-04-01,2,Wednesday,LAMAI,La maison d'Asie,France,Sin Región,4,Margaret Peacock,66,Louisiana Hot Spiced Okra,2,Condiments,2,New Orleans Cajun Delights,13.6,10,0.10000000149011612,122.39999389648438
10493,1997-04-02,1997,4,1997-04-01,2,Wednesday,LAMAI,La maison d'Asie,France,Sin Región,4,Margaret Peacock,69,Gudbrandsdalsost,4,Dairy Products,15,Norske Meierier,28.8,10,0.10000000149011612,259.1999816894531
10494,1997-04-02,1997,4,1997-04-01,2,Wednesday,COMMI,Comércio Mineiro,Brazil,SP,4,Margaret Peacock,56,Gnocchi di nonna Alice,5,Grains/Cereals,26,Pasta Buttini s.r.l.,30.4,30,0.0,912.0
10495,1997-04-03,1997,4,1997-04-01,2,Thursday,LAUGB,Laughing Bacchus Wine Cellars,Canada,BC,3,Janet Leverling,23,Tunnbröd,5,Grains/Cereals,9,PB Knäckebröd AB,7.2,10,0.0,72.0
10495,1997-04-03,1997,4,1997-04-01,2,Thursday,LAUGB,Laughing Bacchus Wine Cellars,Canada,BC,3,Janet Leverling,41,Jack's New England Clam Chowder,8,Seafood,19,New England Seafood Cannery,7.7,20,0.0,154.0
10495,1997-04-03,1997,4,1997-04-01,2,Thursday,LAUGB,Laughing Bacchus Wine Cellars,Canada,BC,3,Janet Leverling,77,Original Frankfurter grüne Soße,2,Condiments,12,Plutzer Lebensmittelgroßmärkte AG,10.4,5,0.0,52.0
10496,1997-04-04,1997,4,1997-04-01,2,Friday,TRADH,Tradição Hipermercados,Brazil,SP,7,Robert King,31,Gorgonzola Telino,4,Dairy Products,14,Formaggi Fortini s.r.l.,10.0,20,0.05000000074505806,190.0
10497,1997-04-04,1997,4,1997-04-01,2,Friday,LEHMS,Lehmanns Marktstand,Germany,Sin Región,7,Robert King,56,Gnocchi di nonna Alice,5,Grains/Cereals,26,Pasta Buttini s.r.l.,30.4,14,0.0,425.6000061035156
10497,1997-04-04,1997,4,1997-04-01,2,Friday,LEHMS,Lehmanns Marktstand,Germany,Sin Región,7,Robert King,72,Mozzarella di Giovanni,4,Dairy Products,14,Formaggi Fortini s.r.l.,27.8,25,0.0,695.0
10497,1997-04-04,1997,4,1997-04-01,2,Friday,LEHMS,Lehmanns Marktstand,Germany,Sin Región,7,Robert King,77,Original Frankfurter grüne Soße,2,Condiments,12,Plutzer Lebensmittelgroßmärkte AG,10.4,25,0.0,260.0
10498,1997-04-07,1997,4,1997-04-01,2,Monday,HILAA,HILARION-Abastos,Venezuela,Táchira,8,Laura Callahan,24,Guaraná Fantástica,1,Beverages,10,Refrescos Americanas LTDA,4.5,14,0.0,63.0
10498,1997-04-07,1997,4,1997-04-01,2,Monday,HILAA,HILARION-Abastos,Venezuela,Táchira,8,Laura Callahan,40,Boston Crab Meat,8,Seafood,19,New England Seafood Cannery,18.4,5,0.0,92.0
10498,1997-04-07,1997,4,1997-04-01,2,Monday,HILAA,HILARION-Abastos,Venezuela,Táchira,8,Laura Callahan,42,Singaporean Hokkien Fried Mee,5,Grains/Cereals,20,Leka Trading,14.0,30,0.0,420.0
10499,1997-04-08,1997,4,1997-04-01,2,Tuesday,LILAS,LILA-Supermercado,Venezuela,Lara,4,Margaret Peacock,28,Rössle Sauerkraut,7,Produce,12,Plutzer Lebensmittelgroßmärkte AG,45.6,20,0.0,912.0
10499,1997-04-08,1997,4,1997-04-01,2,Tuesday,LILAS,LILA-Supermercado,Venezuela,Lara,4,Margaret Peacock,49,Maxilaku,3,Confections,23,Karkki Oy,20.0,25,0.0,500.0
10500,1997-04-09,1997,4,1997-04-01,2,Wednesday,LAMAI,La maison d'Asie,France,Sin Región,6,Michael Suyama,15,Genen Shouyu,2,Condiments,6,Mayumi's,15.5,12,0.05000000074505806,176.6999969482422
10500,1997-04-09,1997,4,1997-04-01,2,Wednesday,LAMAI,La maison d'Asie,France,Sin Región,6,Michael Suyama,28,Rössle Sauerkraut,7,Produce,12,Plutzer Lebensmittelgroßmärkte AG,45.6,8,0.05000000074505806,346.55999755859375
10501,1997-04-09,1997,4,1997-04-01,2,Wednesday,BLAUS,Blauer See Delikatessen,Germany,Sin Región,9,Anne Dodsworth,54,Tourtière,6,Meat/Poultry,25,Ma Maison,7.45,20,0.0,149.0
10502,1997-04-10,1997,4,1997-04-01,2,Thursday,PERIC,Pericles Comidas clásicas,Mexico,Sin Región,2,Andrew Fuller,45,Rogede sild,8,Seafood,21,Lyngbysild,9.5,21,0.0,199.5
10502,1997-04-10,1997,4,1997-04-01,2,Thursday,PERIC,Pericles Comidas clásicas,Mexico,Sin Región,2,Andrew Fuller,53,Perth Pasties,6,Meat/Poultry,24,"G'day, Mate",32.8,6,0.0,196.8000030517578
10502,1997-04-10,1997,4,1997-04-01,2,Thursday,PERIC,Pericles Comidas clásicas,Mexico,Sin Región,2,Andrew Fuller,67,Laughing Lumberjack Lager,1,Beverages,16,Bigfoot Breweries,14.0,30,0.0,420.0
10503,1997-04-11,1997,4,1997-04-01,2,Friday,HUNGO,Hungry Owl All-Night Grocers,Ireland,Co. Cork,6,Michael Suyama,14,Tofu,7,Produce,6,Mayumi's,23.25,70,0.0,1627.5
10503,1997-04-11,1997,4,1997-04-01,2,Friday,HUNGO,Hungry Owl All-Night Grocers,Ireland,Co. Cork,6,Michael Suyama,65,Louisiana Fiery Hot Pepper Sauce,2,Condiments,2,New Orleans Cajun Delights,21.05,20,0.0,421.0
10504,1997-04-11,1997,4,1997-04-01,2,Friday,WHITC,White Clover Markets,USA,WA,4,Margaret Peacock,2,Chang,1,Beverages,1,Exotic Liquids,19.0,12,0.0,228.0
10504,1997-04-11,1997,4,1997-04-01,2,Friday,WHITC,White Clover Markets,USA,WA,4,Margaret Peacock,21,Sir Rodney's Scones,3,Confections,8,"Specialty Biscuits, Ltd.",10.0,12,0.0,120.0
10504,1997-04-11,1997,4,1997-04-01,2,Friday,WHITC,White Clover Markets,USA,WA,4,Margaret Peacock,53,Perth Pasties,6,Meat/Poultry,24,"G'day, Mate",32.8,10,0.0,328.0
10504,1997-04-11,1997,4,1997-04-01,2,Friday,WHITC,White Clover Markets,USA,WA,4,Margaret Peacock,61,Sirop d'érable,2,Condiments,29,Forêts d'érables,28.5,25,0.0,712.5
10505,1997-04-14,1997,4,1997-04-01,2,Monday,MEREP,Mère Paillarde,Canada,Québec,3,Janet Leverling,62,Tarte au sucre,3,Confections,29,Forêts d'érables,49.3,3,0.0,147.89999389648438
10506,1997-04-15,1997,4,1997-04-01,2,Tuesday,KOENE,Königlich Essen,Germany,Sin Región,9,Anne Dodsworth,25,NuNuCa Nuß-Nougat-Creme,3,Confections,11,Heli Süßwaren GmbH & Co. KG,14.0,18,0.10000000149011612,226.79998779296875
10506,1997-04-15,1997,4,1997-04-01,2,Tuesday,KOENE,Königlich Essen,Germany,Sin Región,9,Anne Dodsworth,70,Outback Lager,1,Beverages,7,"Pavlova, Ltd.",15.0,14,0.10000000149011612,189.0
10507,1997-04-15,1997,4,1997-04-01,2,Tuesday,ANTON,Antonio Moreno Taquería,Mexico,Sin Región,7,Robert King,43,Ipoh Coffee,1,Beverages,20,Leka Trading,46.0,15,0.15000000596046448,586.5
10507,1997-04-15,1997,4,1997-04-01,2,Tuesday,ANTON,Antonio Moreno Taquería,Mexico,Sin Región,7,Robert King,48,Chocolade,3,Confections,22,Zaanse Snoepfabriek,12.75,15,0.15000000596046448,162.5625
10508,1997-04-16,1997,4,1997-04-01,2,Wednesday,OTTIK,Ottilies Käseladen,Germany,Sin Región,1,Nancy Davolio,13,Konbu,8,Seafood,6,Mayumi's,6.0,10,0.0,60.0
10508,1997-04-16,1997,4,1997-04-01,2,Wednesday,OTTIK,Ottilies Käseladen,Germany,Sin Región,1,Nancy Davolio,39,Chartreuse verte,1,Beverages,18,Aux joyeux ecclésiastiques,18.0,10,0.0,180.0
10509,1997-04-17,1997,4,1997-04-01,2,Thursday,BLAUS,Blauer See Delikatessen,Germany,Sin Región,4,Margaret Peacock,28,Rössle Sauerkraut,7,Produce,12,Plutzer Lebensmittelgroßmärkte AG,45.6,3,0.0,136.8000030517578
10510,1997-04-18,1997,4,1997-04-01,2,Friday,SAVEA,Save-a-lot Markets,USA,ID,6,Michael Suyama,29,Thüringer Rostbratwurst,6,Meat/Poultry,12,Plutzer Lebensmittelgroßmärkte AG,123.79,36,0.0,4456.43994140625
10510,1997-04-18,1997,4,1997-04-01,2,Friday,SAVEA,Save-a-lot Markets,USA,ID,6,Michael Suyama,75,Rhönbräu Klosterbier,1,Beverages,12,Plutzer Lebensmittelgroßmärkte AG,7.75,36,0.10000000149011612,251.09999084472656
10511,1997-04-18,1997,4,1997-04-01,2,Friday,BONAP,Bon app',France,Sin Región,4,Margaret Peacock,4,Chef Anton's Cajun Seasoning,2,Condiments,2,New Orleans Cajun Delights,22.0,50,0.15000000596046448,935.0
10511,1997-04-18,1997,4,1997-04-01,2,Friday,BONAP,Bon app',France,Sin Región,4,Margaret Peacock,7,Uncle Bob's Organic Dried Pears,7,Produce,3,Grandma Kelly's Homestead,30.0,50,0.15000000596046448,1275.0
10511,1997-04-18,1997,4,1997-04-01,2,Friday,BONAP,Bon app',France,Sin Región,4,Margaret Peacock,8,Northwoods Cranberry Sauce,2,Condiments,3,Grandma Kelly's Homestead,40.0,10,0.15000000596046448,340.0
10512,1997-04-21,1997,4,1997-04-01,2,Monday,FAMIA,Familia Arquibaldo,Brazil,SP,7,Robert King,24,Guaraná Fantástica,1,Beverages,10,Refrescos Americanas LTDA,4.5,10,0.15000000596046448,38.25
10512,1997-04-21,1997,4,1997-04-01,2,Monday,FAMIA,Familia Arquibaldo,Brazil,SP,7,Robert King,46,Spegesild,8,Seafood,21,Lyngbysild,12.0,9,0.15000000596046448,91.80000305175781
10512,1997-04-21,1997,4,1997-04-01,2,Monday,FAMIA,Familia Arquibaldo,Brazil,SP,7,Robert King,47,Zaanse koeken,3,Confections,22,Zaanse Snoepfabriek,9.5,6,0.15000000596046448,48.45000076293945
10512,1997-04-21,1997,4,1997-04-01,2,Monday,FAMIA,Familia Arquibaldo,Brazil,SP,7,Robert King,60,Camembert Pierrot,4,Dairy Products,28,Gai pâturage,34.0,12,0.15000000596046448,346.8000183105469
10513,1997-04-22,1997,4,1997-04-01,2,Tuesday,WANDK,Die Wandernde Kuh,Germany,Sin Región,7,Robert King,21,Sir Rodney's Scones,3,Confections,8,"Specialty Biscuits, Ltd.",10.0,40,0.20000000298023224,320.0
10513,1997-04-22,1997,4,1997-04-01,2,Tuesday,WANDK,Die Wandernde Kuh,Germany,Sin Región,7,Robert King,32,Mascarpone Fabioli,4,Dairy Products,14,Formaggi Fortini s.r.l.,32.0,50,0.20000000298023224,1280.0
10513,1997-04-22,1997,4,1997-04-01,2,Tuesday,WANDK,Die Wandernde Kuh,Germany,Sin Región,7,Robert King,61,Sirop d'érable,2,Condiments,29,Forêts d'érables,28.5,15,0.20000000298023224,342.0
10514,1997-04-22,1997,4,1997-04-01,2,Tuesday,ERNSH,Ernst Handel,Austria,Sin Región,3,Janet Leverling,20,Sir Rodney's Marmalade,3,Confections,8,"Specialty Biscuits, Ltd.",81.0,39,0.0,3159.0
10514,1997-04-22,1997,4,1997-04-01,2,Tuesday,ERNSH,Ernst Handel,Austria,Sin Región,3,Janet Leverling,28,Rössle Sauerkraut,7,Produce,12,Plutzer Lebensmittelgroßmärkte AG,45.6,35,0.0,1596.0
10514,1997-04-22,1997,4,1997-04-01,2,Tuesday,ERNSH,Ernst Handel,Austria,Sin Región,3,Janet Leverling,56,Gnocchi di nonna Alice,5,Grains/Cereals,26,Pasta Buttini s.r.l.,38.0,70,0.0,2660.0
10514,1997-04-22,1997,4,1997-04-01,2,Tuesday,ERNSH,Ernst Handel,Austria,Sin Región,3,Janet Leverling,65,Louisiana Fiery Hot Pepper Sauce,2,Condiments,2,New Orleans Cajun Delights,21.05,39,0.0,820.9500122070312
10514,1997-04-22,1997,4,1997-04-01,2,Tuesday,ERNSH,Ernst Handel,Austria,Sin Región,3,Janet Leverling,75,Rhönbräu Klosterbier,1,Beverages,12,Plutzer Lebensmittelgroßmärkte AG,7.75,50,0.0,387.5
10515,1997-04-23,1997,4,1997-04-01,2,Wednesday,QUICK,QUICK-Stop,Germany,Sin Región,2,Andrew Fuller,9,Mishi Kobe Niku,6,Meat/Poultry,4,Tokyo Traders,97.0,16,0.15000000596046448,1319.2000732421875
10515,1997-04-23,1997,4,1997-04-01,2,Wednesday,QUICK,QUICK-Stop,Germany,Sin Región,2,Andrew Fuller,16,Pavlova,3,Confections,7,"Pavlova, Ltd.",17.45,50,0.0,872.5
10515,1997-04-23,1997,4,1997-04-01,2,Wednesday,QUICK,QUICK-Stop,Germany,Sin Región,2,Andrew Fuller,27,Schoggi Schokolade,3,Confections,11,Heli Süßwaren GmbH & Co. KG,43.9,120,0.0,5268.0
10515,1997-04-23,1997,4,1997-04-01,2,Wednesday,QUICK,QUICK-Stop,Germany,Sin Región,2,Andrew Fuller,33,Geitost,4,Dairy Products,15,Norske Meierier,2.5,16,0.15000000596046448,34.0
10515,1997-04-23,1997,4,1997-04-01,2,Wednesday,QUICK,QUICK-Stop,Germany,Sin Región,2,Andrew Fuller,60,Camembert Pierrot,4,Dairy Products,28,Gai pâturage,34.0,84,0.15000000596046448,2427.60009765625
10516,1997-04-24,1997,4,1997-04-01,2,Thursday,HUNGO,Hungry Owl All-Night Grocers,Ireland,Co. Cork,2,Andrew Fuller,18,Carnarvon Tigers,8,Seafood,7,"Pavlova, Ltd.",62.5,25,0.10000000149011612,1406.25
10516,1997-04-24,1997,4,1997-04-01,2,Thursday,HUNGO,Hungry Owl All-Night Grocers,Ireland,Co. Cork,2,Andrew Fuller,41,Jack's New England Clam Chowder,8,Seafood,19,New England Seafood Cannery,9.65,80,0.10000000149011612,694.7999877929688
10516,1997-04-24,1997,4,1997-04-01,2,Thursday,HUNGO,Hungry Owl All-Night Grocers,Ireland,Co. Cork,2,Andrew Fuller,42,Singaporean Hokkien Fried Mee,5,Grains/Cereals,20,Leka Trading,14.0,20,0.0,280.0
10517,1997-04-24,1997,4,1997-04-01,2,Thursday,NORTS,North/South,UK,Sin Región,3,Janet Leverling,52,Filo Mix,5,Grains/Cereals,24,"G'day, Mate",7.0,6,0.0,42.0
10517,1997-04-24,1997,4,1997-04-01,2,Thursday,NORTS,North/South,UK,Sin Región,3,Janet Leverling,59,Raclette Courdavault,4,Dairy Products,28,Gai pâturage,55.0,4,0.0,220.0
10517,1997-04-24,1997,4,1997-04-01,2,Thursday,NORTS,North/South,UK,Sin Región,3,Janet Leverling,70,Outback Lager,1,Beverages,7,"Pavlova, Ltd.",15.0,6,0.0,90.0
10518,1997-04-25,1997,4,1997-04-01,2,Friday,TORTU,Tortuga Restaurante,Mexico,Sin Región,4,Margaret Peacock,24,Guaraná Fantástica,1,Beverages,10,Refrescos Americanas LTDA,4.5,5,0.0,22.5
10518,1997-04-25,1997,4,1997-04-01,2,Friday,TORTU,Tortuga Restaurante,Mexico,Sin Región,4,Margaret Peacock,38,Côte de Blaye,1,Beverages,18,Aux joyeux ecclésiastiques,263.5,15,0.0,3952.5
10518,1997-04-25,1997,4,1997-04-01,2,Friday,TORTU,Tortuga Restaurante,Mexico,Sin Región,4,Margaret Peacock,44,Gula Malacca,2,Condiments,20,Leka Trading,19.45,9,0.0,175.0500030517578
10519,1997-04-28,1997,4,1997-04-01,2,Monday,CHOPS,Chop-suey Chinese,Switzerland,Sin Región,6,Michael Suyama,10,Ikura,8,Seafood,4,Tokyo Traders,31.0,16,0.05000000074505806,471.1999816894531
10519,1997-04-28,1997,4,1997-04-01,2,Monday,CHOPS,Chop-suey Chinese,Switzerland,Sin Región,6,Michael Suyama,56,Gnocchi di nonna Alice,5,Grains/Cereals,26,Pasta Buttini s.r.l.,38.0,40,0.0,1520.0
10519,1997-04-28,1997,4,1997-04-01,2,Monday,CHOPS,Chop-suey Chinese,Switzerland,Sin Región,6,Michael Suyama,60,Camembert Pierrot,4,Dairy Products,28,Gai pâturage,34.0,10,0.05000000074505806,323.0
10520,1997-04-29,1997,4,1997-04-01,2,Tuesday,SANTG,Santé Gourmet,Norway,Sin Región,7,Robert King,24,Guaraná Fantástica,1,Beverages,10,Refrescos Americanas LTDA,4.5,8,0.0,36.0
10520,1997-04-29,1997,4,1997-04-01,2,Tuesday,SANTG,Santé Gourmet,Norway,Sin Región,7,Robert King,53,Perth Pasties,6,Meat/Poultry,24,"G'day, Mate",32.8,5,0.0,164.0
10521,1997-04-29,1997,4,1997-04-01,2,Tuesday,CACTU,Cactus Comidas para llevar,Argentina,Sin Región,8,Laura Callahan,35,Steeleye Stout,1,Beverages,16,Bigfoot Breweries,18.0,3,0.0,54.0
10521,1997-04-29,1997,4,1997-04-01,2,Tuesday,CACTU,Cactus Comidas para llevar,Argentina,Sin Región,8,Laura Callahan,41,Jack's New England Clam Chowder,8,Seafood,19,New England Seafood Cannery,9.65,10,0.0,96.5
10521,1997-04-29,1997,4,1997-04-01,2,Tuesday,CACTU,Cactus Comidas para llevar,Argentina,Sin Región,8,Laura Callahan,68,Scottish Longbreads,3,Confections,8,"Specialty Biscuits, Ltd.",12.5,6,0.0,75.0
10522,1997-04-30,1997,4,1997-04-01,2,Wednesday,LEHMS,Lehmanns Marktstand,Germany,Sin Región,4,Margaret Peacock,1,Chai,1,Beverages,1,Exotic Liquids,18.0,40,0.20000000298023224,576.0
10522,1997-04-30,1997,4,1997-04-01,2,Wednesday,LEHMS,Lehmanns Marktstand,Germany,Sin Región,4,Margaret Peacock,8,Northwoods Cranberry Sauce,2,Condiments,3,Grandma Kelly's Homestead,40.0,24,0.0,960.0
10522,1997-04-30,1997,4,1997-04-01,2,Wednesday,LEHMS,Lehmanns Marktstand,Germany,Sin Región,4,Margaret Peacock,30,Nord-Ost Matjeshering,8,Seafood,13,Nord-Ost-Fisch Handelsgesellschaft mbH,25.89,20,0.20000000298023224,414.239990234375
10522,1997-04-30,1997,4,1997-04-01,2,Wednesday,LEHMS,Lehmanns Marktstand,Germany,Sin Región,4,Margaret Peacock,40,Boston Crab Meat,8,Seafood,19,New England Seafood Cannery,18.4,25,0.20000000298023224,368.0
10523,1997-05-01,1997,5,1997-05-01,2,Thursday,SEVES,Seven Seas Imports,UK,Sin Región,7,Robert King,17,Alice Mutton,6,Meat/Poultry,7,"Pavlova, Ltd.",39.0,25,0.10000000149011612,877.5
10523,1997-05-01,1997,5,1997-05-01,2,Thursday,SEVES,Seven Seas Imports,UK,Sin Región,7,Robert King,20,Sir Rodney's Marmalade,3,Confections,8,"Specialty Biscuits, Ltd.",81.0,15,0.10000000149011612,1093.5
10523,1997-05-01,1997,5,1997-05-01,2,Thursday,SEVES,Seven Seas Imports,UK,Sin Región,7,Robert King,37,Gravad lax,8,Seafood,17,Svensk Sjöföda AB,26.0,18,0.10000000149011612,421.1999816894531
10523,1997-05-01,1997,5,1997-05-01,2,Thursday,SEVES,Seven Seas Imports,UK,Sin Región,7,Robert King,41,Jack's New England Clam Chowder,8,Seafood,19,New England Seafood Cannery,9.65,6,0.10000000149011612,52.11000061035156
10524,1997-05-01,1997,5,1997-05-01,2,Thursday,BERGS,Berglunds snabbköp,Sweden,Sin Región,1,Nancy Davolio,10,Ikura,8,Seafood,4,Tokyo Traders,31.0,2,0.0,62.0
10524,1997-05-01,1997,5,1997-05-01,2,Thursday,BERGS,Berglunds snabbköp,Sweden,Sin Región,1,Nancy Davolio,30,Nord-Ost Matjeshering,8,Seafood,13,Nord-Ost-Fisch Handelsgesellschaft mbH,25.89,10,0.0,258.8999938964844
10524,1997-05-01,1997,5,1997-05-01,2,Thursday,BERGS,Berglunds snabbköp,Sweden,Sin Región,1,Nancy Davolio,43,Ipoh Coffee,1,Beverages,20,Leka Trading,46.0,60,0.0,2760.0
10524,1997-05-01,1997,5,1997-05-01,2,Thursday,BERGS,Berglunds snabbköp,Sweden,Sin Región,1,Nancy Davolio,54,Tourtière,6,Meat/Poultry,25,Ma Maison,7.45,15,0.0,111.75
10525,1997-05-02,1997,5,1997-05-01,2,Friday,BONAP,Bon app',France,Sin Región,1,Nancy Davolio,36,Inlagd Sill,8,Seafood,17,Svensk Sjöföda AB,19.0,30,0.0,570.0
10525,1997-05-02,1997,5,1997-05-01,2,Friday,BONAP,Bon app',France,Sin Región,1,Nancy Davolio,40,Boston Crab Meat,8,Seafood,19,New England Seafood Cannery,18.4,15,0.10000000149011612,248.39999389648438
10526,1997-05-05,1997,5,1997-05-01,2,Monday,WARTH,Wartian Herkku,Finland,Sin Región,4,Margaret Peacock,1,Chai,1,Beverages,1,Exotic Liquids,18.0,8,0.15000000596046448,122.4000015258789
10526,1997-05-05,1997,5,1997-05-01,2,Monday,WARTH,Wartian Herkku,Finland,Sin Región,4,Margaret Peacock,13,Konbu,8,Seafood,6,Mayumi's,6.0,10,0.0,60.0
10526,1997-05-05,1997,5,1997-05-01,2,Monday,WARTH,Wartian Herkku,Finland,Sin Región,4,Margaret Peacock,56,Gnocchi di nonna Alice,5,Grains/Cereals,26,Pasta Buttini s.r.l.,38.0,30,0.15000000596046448,969.0
10527,1997-05-05,1997,5,1997-05-01,2,Monday,QUICK,QUICK-Stop,Germany,Sin Región,7,Robert King,4,Chef Anton's Cajun Seasoning,2,Condiments,2,New Orleans Cajun Delights,22.0,50,0.10000000149011612,990.0
10527,1997-05-05,1997,5,1997-05-01,2,Monday,QUICK,QUICK-Stop,Germany,Sin Región,7,Robert King,36,Inlagd Sill,8,Seafood,17,Svensk Sjöföda AB,19.0,30,0.10000000149011612,513.0
10528,1997-05-06,1997,5,1997-05-01,2,Tuesday,GREAL,Great Lakes Food Market,USA,OR,6,Michael Suyama,11,Queso Cabrales,4,Dairy Products,5,Cooperativa de Quesos 'Las Cabras',21.0,3,0.0,63.0
10528,1997-05-06,1997,5,1997-05-01,2,Tuesday,GREAL,Great Lakes Food Market,USA,OR,6,Michael Suyama,33,Geitost,4,Dairy Products,15,Norske Meierier,2.5,8,0.20000000298023224,16.0
10528,1997-05-06,1997,5,1997-05-01,2,Tuesday,GREAL,Great Lakes Food Market,USA,OR,6,Michael Suyama,72,Mozzarella di Giovanni,4,Dairy Products,14,Formaggi Fortini s.r.l.,34.8,9,0.0,313.20001220703125
10529,1997-05-07,1997,5,1997-05-01,2,Wednesday,MAISD,Maison Dewey,Belgium,Sin Región,5,Steven Buchanan,55,Pâté chinois,6,Meat/Poultry,25,Ma Maison,24.0,14,0.0,336.0
10529,1997-05-07,1997,5,1997-05-01,2,Wednesday,MAISD,Maison Dewey,Belgium,Sin Región,5,Steven Buchanan,68,Scottish Longbreads,3,Confections,8,"Specialty Biscuits, Ltd.",12.5,20,0.0,250.0
10529,1997-05-07,1997,5,1997-05-01,2,Wednesday,MAISD,Maison Dewey,Belgium,Sin Región,5,Steven Buchanan,69,Gudbrandsdalsost,4,Dairy Products,15,Norske Meierier,36.0,10,0.0,360.0
10530,1997-05-08,1997,5,1997-05-01,2,Thursday,PICCO,Piccolo und mehr,Austria,Sin Región,3,Janet Leverling,17,Alice Mutton,6,Meat/Poultry,7,"Pavlova, Ltd.",39.0,40,0.0,1560.0
10530,1997-05-08,1997,5,1997-05-01,2,Thursday,PICCO,Piccolo und mehr,Austria,Sin Región,3,Janet Leverling,43,Ipoh Coffee,1,Beverages,20,Leka Trading,46.0,25,0.0,1150.0
10530,1997-05-08,1997,5,1997-05-01,2,Thursday,PICCO,Piccolo und mehr,Austria,Sin Región,3,Janet Leverling,61,Sirop d'érable,2,Condiments,29,Forêts d'érables,28.5,20,0.0,570.0
10530,1997-05-08,1997,5,1997-05-01,2,Thursday,PICCO,Piccolo und mehr,Austria,Sin Región,3,Janet Leverling,76,Lakkalikööri,1,Beverages,23,Karkki Oy,18.0,50,0.0,900.0
10531,1997-05-08,1997,5,1997-05-01,2,Thursday,OCEAN,Océano Atlántico Ltda.,Argentina,Sin Región,7,Robert King,59,Raclette Courdavault,4,Dairy Products,28,Gai pâturage,55.0,2,0.0,110.0
10532,1997-05-09,1997,5,1997-05-01,2,Friday,EASTC,Eastern Connection,UK,Sin Región,7,Robert King,30,Nord-Ost Matjeshering,8,Seafood,13,Nord-Ost-Fisch Handelsgesellschaft mbH,25.89,15,0.0,388.3500061035156
10532,1997-05-09,1997,5,1997-05-01,2,Friday,EASTC,Eastern Connection,UK,Sin Región,7,Robert King,66,Louisiana Hot Spiced Okra,2,Condiments,2,New Orleans Cajun Delights,17.0,24,0.0,408.0
10533,1997-05-12,1997,5,1997-05-01,2,Monday,FOLKO,Folk och fä HB,Sweden,Sin Región,8,Laura Callahan,4,Chef Anton's Cajun Seasoning,2,Condiments,2,New Orleans Cajun Delights,22.0,50,0.05000000074505806,1045.0
10533,1997-05-12,1997,5,1997-05-01,2,Monday,FOLKO,Folk och fä HB,Sweden,Sin Región,8,Laura Callahan,72,Mozzarella di Giovanni,4,Dairy Products,14,Formaggi Fortini s.r.l.,34.8,24,0.0,835.2000122070312
10533,1997-05-12,1997,5,1997-05-01,2,Monday,FOLKO,Folk och fä HB,Sweden,Sin Región,8,Laura Callahan,73,Röd Kaviar,8,Seafood,17,Svensk Sjöföda AB,15.0,24,0.05000000074505806,342.0
10534,1997-05-12,1997,5,1997-05-01,2,Monday,LEHMS,Lehmanns Marktstand,Germany,Sin Región,8,Laura Callahan,30,Nord-Ost Matjeshering,8,Seafood,13,Nord-Ost-Fisch Handelsgesellschaft mbH,25.89,10,0.0,258.8999938964844
10534,1997-05-12,1997,5,1997-05-01,2,Monday,LEHMS,Lehmanns Marktstand,Germany,Sin Región,8,Laura Callahan,40,Boston Crab Meat,8,Seafood,19,New England Seafood Cannery,18.4,10,0.20000000298023224,147.1999969482422
10534,1997-05-12,1997,5,1997-05-01,2,Monday,LEHMS,Lehmanns Marktstand,Germany,Sin Región,8,Laura Callahan,54,Tourtière,6,Meat/Poultry,25,Ma Maison,7.45,10,0.20000000298023224,59.60000228881836
10535,1997-05-13,1997,5,1997-05-01,2,Tuesday,ANTON,Antonio Moreno Taquería,Mexico,Sin Región,4,Margaret Peacock,11,Queso Cabrales,4,Dairy Products,5,Cooperativa de Quesos 'Las Cabras',21.0,50,0.10000000149011612,945.0
10535,1997-05-13,1997,5,1997-05-01,2,Tuesday,ANTON,Antonio Moreno Taquería,Mexico,Sin Región,4,Margaret Peacock,40,Boston Crab Meat,8,Seafood,19,New England Seafood Cannery,18.4,10,0.10000000149011612,165.59999084472656
10535,1997-05-13,1997,5,1997-05-01,2,Tuesday,ANTON,Antonio Moreno Taquería,Mexico,Sin Región,4,Margaret Peacock,57,Ravioli Angelo,5,Grains/Cereals,26,Pasta Buttini s.r.l.,19.5,5,0.10000000149011612,87.75
10535,1997-05-13,1997,5,1997-05-01,2,Tuesday,ANTON,Antonio Moreno Taquería,Mexico,Sin Región,4,Margaret Peacock,59,Raclette Courdavault,4,Dairy Products,28,Gai pâturage,55.0,15,0.10000000149011612,742.5
10536,1997-05-14,1997,5,1997-05-01,2,Wednesday,LEHMS,Lehmanns Marktstand,Germany,Sin Región,3,Janet Leverling,12,Queso Manchego La Pastora,4,Dairy Products,5,Cooperativa de Quesos 'Las Cabras',38.0,15,0.25,427.5
10536,1997-05-14,1997,5,1997-05-01,2,Wednesday,LEHMS,Lehmanns Marktstand,Germany,Sin Región,3,Janet Leverling,31,Gorgonzola Telino,4,Dairy Products,14,Formaggi Fortini s.r.l.,12.5,20,0.0,250.0
10536,1997-05-14,1997,5,1997-05-01,2,Wednesday,LEHMS,Lehmanns Marktstand,Germany,Sin Región,3,Janet Leverling,33,Geitost,4,Dairy Products,15,Norske Meierier,2.5,30,0.0,75.0
10536,1997-05-14,1997,5,1997-05-01,2,Wednesday,LEHMS,Lehmanns Marktstand,Germany,Sin Región,3,Janet Leverling,60,Camembert Pierrot,4,Dairy Products,28,Gai pâturage,34.0,35,0.25,892.5
10537,1997-05-14,1997,5,1997-05-01,2,Wednesday,RICSU,Richter Supermarkt,Switzerland,Sin Región,1,Nancy Davolio,31,Gorgonzola Telino,4,Dairy Products,14,Formaggi Fortini s.r.l.,12.5,30,0.0,375.0
10537,1997-05-14,1997,5,1997-05-01,2,Wednesday,RICSU,Richter Supermarkt,Switzerland,Sin Región,1,Nancy Davolio,51,Manjimup Dried Apples,7,Produce,24,"G'day, Mate",53.0,6,0.0,318.0
10537,1997-05-14,1997,5,1997-05-01,2,Wednesday,RICSU,Richter Supermarkt,Switzerland,Sin Región,1,Nancy Davolio,58,Escargots de Bourgogne,8,Seafood,27,Escargots Nouveaux,13.25,20,0.0,265.0
10537,1997-05-14,1997,5,1997-05-01,2,Wednesday,RICSU,Richter Supermarkt,Switzerland,Sin Región,1,Nancy Davolio,72,Mozzarella di Giovanni,4,Dairy Products,14,Formaggi Fortini s.r.l.,34.8,21,0.0,730.7999877929688
10537,1997-05-14,1997,5,1997-05-01,2,Wednesday,RICSU,Richter Supermarkt,Switzerland,Sin Región,1,Nancy Davolio,73,Röd Kaviar,8,Seafood,17,Svensk Sjöföda AB,15.0,9,0.0,135.0
10538,1997-05-15,1997,5,1997-05-01,2,Thursday,BSBEV,B's Beverages,UK,Sin Región,9,Anne Dodsworth,70,Outback Lager,1,Beverages,7,"Pavlova, Ltd.",15.0,7,0.0,105.0
10538,1997-05-15,1997,5,1997-05-01,2,Thursday,BSBEV,B's Beverages,UK,Sin Región,9,Anne Dodsworth,72,Mozzarella di Giovanni,4,Dairy Products,14,Formaggi Fortini s.r.l.,34.8,1,0.0,34.79999923706055
10539,1997-05-16,1997,5,1997-05-01,2,Friday,BSBEV,B's Beverages,UK,Sin Región,6,Michael Suyama,13,Konbu,8,Seafood,6,Mayumi's,6.0,8,0.0,48.0
10539,1997-05-16,1997,5,1997-05-01,2,Friday,BSBEV,B's Beverages,UK,Sin Región,6,Michael Suyama,21,Sir Rodney's Scones,3,Confections,8,"Specialty Biscuits, Ltd.",10.0,15,0.0,150.0
10539,1997-05-16,1997,5,1997-05-01,2,Friday,BSBEV,B's Beverages,UK,Sin Región,6,Michael Suyama,33,Geitost,4,Dairy Products,15,Norske Meierier,2.5,15,0.0,37.5
10539,1997-05-16,1997,5,1997-05-01,2,Friday,BSBEV,B's Beverages,UK,Sin Región,6,Michael Suyama,49,Maxilaku,3,Confections,23,Karkki Oy,20.0,6,0.0,120.0
10540,1997-05-19,1997,5,1997-05-01,2,Monday,QUICK,QUICK-Stop,Germany,Sin Región,3,Janet Leverling,3,Aniseed Syrup,2,Condiments,1,Exotic Liquids,10.0,60,0.0,600.0
10540,1997-05-19,1997,5,1997-05-01,2,Monday,QUICK,QUICK-Stop,Germany,Sin Región,3,Janet Leverling,26,Gumbär Gummibärchen,3,Confections,11,Heli Süßwaren GmbH & Co. KG,31.23,40,0.0,1249.199951171875
10540,1997-05-19,1997,5,1997-05-01,2,Monday,QUICK,QUICK-Stop,Germany,Sin Región,3,Janet Leverling,38,Côte de Blaye,1,Beverages,18,Aux joyeux ecclésiastiques,263.5,30,0.0,7905.0
10540,1997-05-19,1997,5,1997-05-01,2,Monday,QUICK,QUICK-Stop,Germany,Sin Región,3,Janet Leverling,68,Scottish Longbreads,3,Confections,8,"Specialty Biscuits, Ltd.",12.5,35,0.0,437.5
10541,1997-05-19,1997,5,1997-05-01,2,Monday,HANAR,Hanari Carnes,Brazil,RJ,2,Andrew Fuller,24,Guaraná Fantástica,1,Beverages,10,Refrescos Americanas LTDA,4.5,35,0.10000000149011612,141.75
10541,1997-05-19,1997,5,1997-05-01,2,Monday,HANAR,Hanari Carnes,Brazil,RJ,2,Andrew Fuller,38,Côte de Blaye,1,Beverages,18,Aux joyeux ecclésiastiques,263.5,4,0.10000000149011612,948.5999755859375
10541,1997-05-19,1997,5,1997-05-01,2,Monday,HANAR,Hanari Carnes,Brazil,RJ,2,Andrew Fuller,65,Louisiana Fiery Hot Pepper Sauce,2,Condiments,2,New Orleans Cajun Delights,21.05,36,0.10000000149011612,682.0199584960938
10541,1997-05-19,1997,5,1997-05-01,2,Monday,HANAR,Hanari Carnes,Brazil,RJ,2,Andrew Fuller,71,Flotemysost,4,Dairy Products,15,Norske Meierier,21.5,9,0.10000000149011612,174.14999389648438
10542,1997-05-20,1997,5,1997-05-01,2,Tuesday,KOENE,Königlich Essen,Germany,Sin Región,1,Nancy Davolio,11,Queso Cabrales,4,Dairy Products,5,Cooperativa de Quesos 'Las Cabras',21.0,15,0.05000000074505806,299.25
10542,1997-05-20,1997,5,1997-05-01,2,Tuesday,KOENE,Königlich Essen,Germany,Sin Región,1,Nancy Davolio,54,Tourtière,6,Meat/Poultry,25,Ma Maison,7.45,24,0.05000000074505806,169.86000061035156
10543,1997-05-21,1997,5,1997-05-01,2,Wednesday,LILAS,LILA-Supermercado,Venezuela,Lara,8,Laura Callahan,12,Queso Manchego La Pastora,4,Dairy Products,5,Cooperativa de Quesos 'Las Cabras',38.0,30,0.15000000596046448,969.0
10543,1997-05-21,1997,5,1997-05-01,2,Wednesday,LILAS,LILA-Supermercado,Venezuela,Lara,8,Laura Callahan,23,Tunnbröd,5,Grains/Cereals,9,PB Knäckebröd AB,9.0,70,0.15000000596046448,535.5
10544,1997-05-21,1997,5,1997-05-01,2,Wednesday,LONEP,Lonesome Pine Restaurant,USA,OR,4,Margaret Peacock,28,Rössle Sauerkraut,7,Produce,12,Plutzer Lebensmittelgroßmärkte AG,45.6,7,0.0,319.20001220703125
10544,1997-05-21,1997,5,1997-05-01,2,Wednesday,LONEP,Lonesome Pine Restaurant,USA,OR,4,Margaret Peacock,67,Laughing Lumberjack Lager,1,Beverages,16,Bigfoot Breweries,14.0,7,0.0,98.0
10545,1997-05-22,1997,5,1997-05-01,2,Thursday,LAZYK,Lazy K Kountry Store,USA,WA,8,Laura Callahan,11,Queso Cabrales,4,Dairy Products,5,Cooperativa de Quesos 'Las Cabras',21.0,10,0.0,210.0
10546,1997-05-23,1997,5,1997-05-01,2,Friday,VICTE,Victuailles en stock,France,Sin Región,1,Nancy Davolio,7,Uncle Bob's Organic Dried Pears,7,Produce,3,Grandma Kelly's Homestead,30.0,10,0.0,300.0
10546,1997-05-23,1997,5,1997-05-01,2,Friday,VICTE,Victuailles en stock,France,Sin Región,1,Nancy Davolio,35,Steeleye Stout,1,Beverages,16,Bigfoot Breweries,18.0,30,0.0,540.0
10546,1997-05-23,1997,5,1997-05-01,2,Friday,VICTE,Victuailles en stock,France,Sin Región,1,Nancy Davolio,62,Tarte au sucre,3,Confections,29,Forêts d'érables,49.3,40,0.0,1972.0
10547,1997-05-23,1997,5,1997-05-01,2,Friday,SEVES,Seven Seas Imports,UK,Sin Región,3,Janet Leverling,32,Mascarpone Fabioli,4,Dairy Products,14,Formaggi Fortini s.r.l.,32.0,24,0.15000000596046448,652.800048828125
10547,1997-05-23,1997,5,1997-05-01,2,Friday,SEVES,Seven Seas Imports,UK,Sin Región,3,Janet Leverling,36,Inlagd Sill,8,Seafood,17,Svensk Sjöföda AB,19.0,60,0.0,1140.0
10548,1997-05-26,1997,5,1997-05-01,2,Monday,TOMSP,Toms Spezialitäten,Germany,Sin Región,3,Janet Leverling,34,Sasquatch Ale,1,Beverages,16,Bigfoot Breweries,14.0,10,0.25,105.0
10548,1997-05-26,1997,5,1997-05-01,2,Monday,TOMSP,Toms Spezialitäten,Germany,Sin Región,3,Janet Leverling,41,Jack's New England Clam Chowder,8,Seafood,19,New England Seafood Cannery,9.65,14,0.0,135.10000610351562
10549,1997-05-27,1997,5,1997-05-01,2,Tuesday,QUICK,QUICK-Stop,Germany,Sin Región,5,Steven Buchanan,31,Gorgonzola Telino,4,Dairy Products,14,Formaggi Fortini s.r.l.,12.5,55,0.15000000596046448,584.375
10549,1997-05-27,1997,5,1997-05-01,2,Tuesday,QUICK,QUICK-Stop,Germany,Sin Región,5,Steven Buchanan,45,Rogede sild,8,Seafood,21,Lyngbysild,9.5,100,0.15000000596046448,807.5
10549,1997-05-27,1997,5,1997-05-01,2,Tuesday,QUICK,QUICK-Stop,Germany,Sin Región,5,Steven Buchanan,51,Manjimup Dried Apples,7,Produce,24,"G'day, Mate",53.0,48,0.15000000596046448,2162.400146484375
10550,1997-05-28,1997,5,1997-05-01,2,Wednesday,GODOS,Godos Cocina Típica,Spain,Sin Región,7,Robert King,17,Alice Mutton,6,Meat/Poultry,7,"Pavlova, Ltd.",39.0,8,0.10000000149011612,280.79998779296875
10550,1997-05-28,1997,5,1997-05-01,2,Wednesday,GODOS,Godos Cocina Típica,Spain,Sin Región,7,Robert King,19,Teatime Chocolate Biscuits,3,Confections,8,"Specialty Biscuits, Ltd.",9.2,10,0.0,92.0
10550,1997-05-28,1997,5,1997-05-01,2,Wednesday,GODOS,Godos Cocina Típica,Spain,Sin Región,7,Robert King,21,Sir Rodney's Scones,3,Confections,8,"Specialty Biscuits, Ltd.",10.0,6,0.10000000149011612,54.0
10550,1997-05-28,1997,5,1997-05-01,2,Wednesday,GODOS,Godos Cocina Típica,Spain,Sin Región,7,Robert King,61,Sirop d'érable,2,Condiments,29,Forêts d'érables,28.5,10,0.10000000149011612,256.5
10551,1997-05-28,1997,5,1997-05-01,2,Wednesday,FURIB,Furia Bacalhau e Frutos do Mar,Portugal,Sin Región,4,Margaret Peacock,16,Pavlova,3,Confections,7,"Pavlova, Ltd.",17.45,40,0.15000000596046448,593.2999877929688
10551,1997-05-28,1997,5,1997-05-01,2,Wednesday,FURIB,Furia Bacalhau e Frutos do Mar,Portugal,Sin Región,4,Margaret Peacock,35,Steeleye Stout,1,Beverages,16,Bigfoot Breweries,18.0,20,0.15000000596046448,306.0
10551,1997-05-28,1997,5,1997-05-01,2,Wednesday,FURIB,Furia Bacalhau e Frutos do Mar,Portugal,Sin Región,4,Margaret Peacock,44,Gula Malacca,2,Condiments,20,Leka Trading,19.45,40,0.0,778.0
10552,1997-05-29,1997,5,1997-05-01,2,Thursday,HILAA,HILARION-Abastos,Venezuela,Táchira,2,Andrew Fuller,69,Gudbrandsdalsost,4,Dairy Products,15,Norske Meierier,36.0,18,0.0,648.0
10552,1997-05-29,1997,5,1997-05-01,2,Thursday,HILAA,HILARION-Abastos,Venezuela,Táchira,2,Andrew Fuller,75,Rhönbräu Klosterbier,1,Beverages,12,Plutzer Lebensmittelgroßmärkte AG,7.75,30,0.0,232.5
10553,1997-05-30,1997,5,1997-05-01,2,Friday,WARTH,Wartian Herkku,Finland,Sin Región,2,Andrew Fuller,11,Queso Cabrales,4,Dairy Products,5,Cooperativa de Quesos 'Las Cabras',21.0,15,0.0,315.0
10553,1997-05-30,1997,5,1997-05-01,2,Friday,WARTH,Wartian Herkku,Finland,Sin Región,2,Andrew Fuller,16,Pavlova,3,Confections,7,"Pavlova, Ltd.",17.45,14,0.0,244.3000030517578
10553,1997-05-30,1997,5,1997-05-01,2,Friday,WARTH,Wartian Herkku,Finland,Sin Región,2,Andrew Fuller,22,Gustaf's Knäckebröd,5,Grains/Cereals,9,PB Knäckebröd AB,21.0,24,0.0,504.0
10553,1997-05-30,1997,5,1997-05-01,2,Friday,WARTH,Wartian Herkku,Finland,Sin Región,2,Andrew Fuller,31,Gorgonzola Telino,4,Dairy Products,14,Formaggi Fortini s.r.l.,12.5,30,0.0,375.0
10553,1997-05-30,1997,5,1997-05-01,2,Friday,WARTH,Wartian Herkku,Finland,Sin Región,2,Andrew Fuller,35,Steeleye Stout,1,Beverages,16,Bigfoot Breweries,18.0,6,0.0,108.0
10554,1997-05-30,1997,5,1997-05-01,2,Friday,OTTIK,Ottilies Käseladen,Germany,Sin Región,4,Margaret Peacock,16,Pavlova,3,Confections,7,"Pavlova, Ltd.",17.45,30,0.05000000074505806,497.3249816894531
10554,1997-05-30,1997,5,1997-05-01,2,Friday,OTTIK,Ottilies Käseladen,Germany,Sin Región,4,Margaret Peacock,23,Tunnbröd,5,Grains/Cereals,9,PB Knäckebröd AB,9.0,20,0.05000000074505806,171.0
10554,1997-05-30,1997,5,1997-05-01,2,Friday,OTTIK,Ottilies Käseladen,Germany,Sin Región,4,Margaret Peacock,62,Tarte au sucre,3,Confections,29,Forêts d'érables,49.3,20,0.05000000074505806,936.7000122070312
10554,1997-05-30,1997,5,1997-05-01,2,Friday,OTTIK,Ottilies Käseladen,Germany,Sin Región,4,Margaret Peacock,77,Original Frankfurter grüne Soße,2,Condiments,12,Plutzer Lebensmittelgroßmärkte AG,13.0,10,0.05000000074505806,123.5
10555,1997-06-02,1997,6,1997-06-01,2,Monday,SAVEA,Save-a-lot Markets,USA,ID,6,Michael Suyama,14,Tofu,7,Produce,6,Mayumi's,23.25,30,0.20000000298023224,558.0
10555,1997-06-02,1997,6,1997-06-01,2,Monday,SAVEA,Save-a-lot Markets,USA,ID,6,Michael Suyama,19,Teatime Chocolate Biscuits,3,Confections,8,"Specialty Biscuits, Ltd.",9.2,35,0.20000000298023224,257.6000061035156
10555,1997-06-02,1997,6,1997-06-01,2,Monday,SAVEA,Save-a-lot Markets,USA,ID,6,Michael Suyama,24,Guaraná Fantástica,1,Beverages,10,Refrescos Americanas LTDA,4.5,18,0.20000000298023224,64.80000305175781
10555,1997-06-02,1997,6,1997-06-01,2,Monday,SAVEA,Save-a-lot Markets,USA,ID,6,Michael Suyama,51,Manjimup Dried Apples,7,Produce,24,"G'day, Mate",53.0,20,0.20000000298023224,848.0
10555,1997-06-02,1997,6,1997-06-01,2,Monday,SAVEA,Save-a-lot Markets,USA,ID,6,Michael Suyama,56,Gnocchi di nonna Alice,5,Grains/Cereals,26,Pasta Buttini s.r.l.,38.0,40,0.20000000298023224,1216.0
10556,1997-06-03,1997,6,1997-06-01,2,Tuesday,SIMOB,Simons bistro,Denmark,Sin Región,2,Andrew Fuller,72,Mozzarella di Giovanni,4,Dairy Products,14,Formaggi Fortini s.r.l.,34.8,24,0.0,835.2000122070312
10557,1997-06-03,1997,6,1997-06-01,2,Tuesday,LEHMS,Lehmanns Marktstand,Germany,Sin Región,9,Anne Dodsworth,64,Wimmers gute Semmelknödel,5,Grains/Cereals,12,Plutzer Lebensmittelgroßmärkte AG,33.25,30,0.0,997.5
10557,1997-06-03,1997,6,1997-06-01,2,Tuesday,LEHMS,Lehmanns Marktstand,Germany,Sin Región,9,Anne Dodsworth,75,Rhönbräu Klosterbier,1,Beverages,12,Plutzer Lebensmittelgroßmärkte AG,7.75,20,0.0,155.0
10558,1997-06-04,1997,6,1997-06-01,2,Wednesday,AROUT,Around the Horn,UK,Sin Región,1,Nancy Davolio,47,Zaanse koeken,3,Confections,22,Zaanse Snoepfabriek,9.5,25,0.0,237.5
10558,1997-06-04,1997,6,1997-06-01,2,Wednesday,AROUT,Around the Horn,UK,Sin Región,1,Nancy Davolio,51,Manjimup Dried Apples,7,Produce,24,"G'day, Mate",53.0,20,0.0,1060.0
10558,1997-06-04,1997,6,1997-06-01,2,Wednesday,AROUT,Around the Horn,UK,Sin Región,1,Nancy Davolio,52,Filo Mix,5,Grains/Cereals,24,"G'day, Mate",7.0,30,0.0,210.0
10558,1997-06-04,1997,6,1997-06-01,2,Wednesday,AROUT,Around the Horn,UK,Sin Región,1,Nancy Davolio,53,Perth Pasties,6,Meat/Poultry,24,"G'day, Mate",32.8,18,0.0,590.4000244140625
10558,1997-06-04,1997,6,1997-06-01,2,Wednesday,AROUT,Around the Horn,UK,Sin Región,1,Nancy Davolio,73,Röd Kaviar,8,Seafood,17,Svensk Sjöföda AB,15.0,3,0.0,45.0
10559,1997-06-05,1997,6,1997-06-01,2,Thursday,BLONP,Blondesddsl père et fils,France,Sin Región,6,Michael Suyama,41,Jack's New England Clam Chowder,8,Seafood,19,New England Seafood Cannery,9.65,12,0.05000000074505806,110.01000213623047
10559,1997-06-05,1997,6,1997-06-01,2,Thursday,BLONP,Blondesddsl père et fils,France,Sin Región,6,Michael Suyama,55,Pâté chinois,6,Meat/Poultry,25,Ma Maison,24.0,18,0.05000000074505806,410.3999938964844
10560,1997-06-06,1997,6,1997-06-01,2,Friday,FRANK,Frankenversand,Germany,Sin Región,8,Laura Callahan,30,Nord-Ost Matjeshering,8,Seafood,13,Nord-Ost-Fisch Handelsgesellschaft mbH,25.89,20,0.0,517.7999877929688
10560,1997-06-06,1997,6,1997-06-01,2,Friday,FRANK,Frankenversand,Germany,Sin Región,8,Laura Callahan,62,Tarte au sucre,3,Confections,29,Forêts d'érables,49.3,15,0.25,554.625
10561,1997-06-06,1997,6,1997-06-01,2,Friday,FOLKO,Folk och fä HB,Sweden,Sin Región,2,Andrew Fuller,44,Gula Malacca,2,Condiments,20,Leka Trading,19.45,10,0.0,194.5
10561,1997-06-06,1997,6,1997-06-01,2,Friday,FOLKO,Folk och fä HB,Sweden,Sin Región,2,Andrew Fuller,51,Manjimup Dried Apples,7,Produce,24,"G'day, Mate",53.0,50,0.0,2650.0
10562,1997-06-09,1997,6,1997-06-01,2,Monday,REGGC,Reggiani Caseifici,Italy,Sin Región,1,Nancy Davolio,33,Geitost,4,Dairy Products,15,Norske Meierier,2.5,20,0.10000000149011612,45.0
10562,1997-06-09,1997,6,1997-06-01,2,Monday,REGGC,Reggiani Caseifici,Italy,Sin Región,1,Nancy Davolio,62,Tarte au sucre,3,Confections,29,Forêts d'érables,49.3,10,0.10000000149011612,443.6999816894531
10563,1997-06-10,1997,6,1997-06-01,2,Tuesday,RICAR,Ricardo Adocicados,Brazil,RJ,2,Andrew Fuller,36,Inlagd Sill,8,Seafood,17,Svensk Sjöföda AB,19.0,25,0.0,475.0
10563,1997-06-10,1997,6,1997-06-01,2,Tuesday,RICAR,Ricardo Adocicados,Brazil,RJ,2,Andrew Fuller,52,Filo Mix,5,Grains/Cereals,24,"G'day, Mate",7.0,70,0.0,490.0
10564,1997-06-10,1997,6,1997-06-01,2,Tuesday,RATTC,Rattlesnake Canyon Grocery,USA,NM,4,Margaret Peacock,17,Alice Mutton,6,Meat/Poultry,7,"Pavlova, Ltd.",39.0,16,0.05000000074505806,592.7999877929688
10564,1997-06-10,1997,6,1997-06-01,2,Tuesday,RATTC,Rattlesnake Canyon Grocery,USA,NM,4,Margaret Peacock,31,Gorgonzola Telino,4,Dairy Products,14,Formaggi Fortini s.r.l.,12.5,6,0.05000000074505806,71.25
10564,1997-06-10,1997,6,1997-06-01,2,Tuesday,RATTC,Rattlesnake Canyon Grocery,USA,NM,4,Margaret Peacock,55,Pâté chinois,6,Meat/Poultry,25,Ma Maison,24.0,25,0.05000000074505806,570.0
10565,1997-06-11,1997,6,1997-06-01,2,Wednesday,MEREP,Mère Paillarde,Canada,Québec,8,Laura Callahan,24,Guaraná Fantástica,1,Beverages,10,Refrescos Americanas LTDA,4.5,25,0.10000000149011612,101.25
10565,1997-06-11,1997,6,1997-06-01,2,Wednesday,MEREP,Mère Paillarde,Canada,Québec,8,Laura Callahan,64,Wimmers gute Semmelknödel,5,Grains/Cereals,12,Plutzer Lebensmittelgroßmärkte AG,33.25,18,0.10000000149011612,538.6499633789062
10566,1997-06-12,1997,6,1997-06-01,2,Thursday,BLONP,Blondesddsl père et fils,France,Sin Región,9,Anne Dodsworth,11,Queso Cabrales,4,Dairy Products,5,Cooperativa de Quesos 'Las Cabras',21.0,35,0.15000000596046448,624.75
10566,1997-06-12,1997,6,1997-06-01,2,Thursday,BLONP,Blondesddsl père et fils,France,Sin Región,9,Anne Dodsworth,18,Carnarvon Tigers,8,Seafood,7,"Pavlova, Ltd.",62.5,18,0.15000000596046448,956.25
10566,1997-06-12,1997,6,1997-06-01,2,Thursday,BLONP,Blondesddsl père et fils,France,Sin Región,9,Anne Dodsworth,76,Lakkalikööri,1,Beverages,23,Karkki Oy,18.0,10,0.0,180.0
10567,1997-06-12,1997,6,1997-06-01,2,Thursday,HUNGO,Hungry Owl All-Night Grocers,Ireland,Co. Cork,1,Nancy Davolio,31,Gorgonzola Telino,4,Dairy Products,14,Formaggi Fortini s.r.l.,12.5,60,0.20000000298023224,600.0
10567,1997-06-12,1997,6,1997-06-01,2,Thursday,HUNGO,Hungry Owl All-Night Grocers,Ireland,Co. Cork,1,Nancy Davolio,51,Manjimup Dried Apples,7,Produce,24,"G'day, Mate",53.0,3,0.0,159.0
10567,1997-06-12,1997,6,1997-06-01,2,Thursday,HUNGO,Hungry Owl All-Night Grocers,Ireland,Co. Cork,1,Nancy Davolio,59,Raclette Courdavault,4,Dairy Products,28,Gai pâturage,55.0,40,0.20000000298023224,1760.0
10568,1997-06-13,1997,6,1997-06-01,2,Friday,GALED,Galería del gastrónomo,Spain,Sin Región,3,Janet Leverling,10,Ikura,8,Seafood,4,Tokyo Traders,31.0,5,0.0,155.0
10569,1997-06-16,1997,6,1997-06-01,2,Monday,RATTC,Rattlesnake Canyon Grocery,USA,NM,5,Steven Buchanan,31,Gorgonzola Telino,4,Dairy Products,14,Formaggi Fortini s.r.l.,12.5,35,0.20000000298023224,350.0
10569,1997-06-16,1997,6,1997-06-01,2,Monday,RATTC,Rattlesnake Canyon Grocery,USA,NM,5,Steven Buchanan,76,Lakkalikööri,1,Beverages,23,Karkki Oy,18.0,30,0.0,540.0
10570,1997-06-17,1997,6,1997-06-01,2,Tuesday,MEREP,Mère Paillarde,Canada,Québec,3,Janet Leverling,11,Queso Cabrales,4,Dairy Products,5,Cooperativa de Quesos 'Las Cabras',21.0,15,0.05000000074505806,299.25
10570,1997-06-17,1997,6,1997-06-01,2,Tuesday,MEREP,Mère Paillarde,Canada,Québec,3,Janet Leverling,56,Gnocchi di nonna Alice,5,Grains/Cereals,26,Pasta Buttini s.r.l.,38.0,60,0.05000000074505806,2166.0
10571,1997-06-17,1997,6,1997-06-01,2,Tuesday,ERNSH,Ernst Handel,Austria,Sin Región,8,Laura Callahan,14,Tofu,7,Produce,6,Mayumi's,23.25,11,0.15000000596046448,217.38751220703125
10571,1997-06-17,1997,6,1997-06-01,2,Tuesday,ERNSH,Ernst Handel,Austria,Sin Región,8,Laura Callahan,42,Singaporean Hokkien Fried Mee,5,Grains/Cereals,20,Leka Trading,14.0,28,0.15000000596046448,333.20001220703125
10572,1997-06-18,1997,6,1997-06-01,2,Wednesday,BERGS,Berglunds snabbköp,Sweden,Sin Región,3,Janet Leverling,16,Pavlova,3,Confections,7,"Pavlova, Ltd.",17.45,12,0.10000000149011612,188.45999145507812
10572,1997-06-18,1997,6,1997-06-01,2,Wednesday,BERGS,Berglunds snabbköp,Sweden,Sin Región,3,Janet Leverling,32,Mascarpone Fabioli,4,Dairy Products,14,Formaggi Fortini s.r.l.,32.0,10,0.10000000149011612,288.0
10572,1997-06-18,1997,6,1997-06-01,2,Wednesday,BERGS,Berglunds snabbköp,Sweden,Sin Región,3,Janet Leverling,40,Boston Crab Meat,8,Seafood,19,New England Seafood Cannery,18.4,50,0.0,920.0
10572,1997-06-18,1997,6,1997-06-01,2,Wednesday,BERGS,Berglunds snabbköp,Sweden,Sin Región,3,Janet Leverling,75,Rhönbräu Klosterbier,1,Beverages,12,Plutzer Lebensmittelgroßmärkte AG,7.75,15,0.10000000149011612,104.625
10573,1997-06-19,1997,6,1997-06-01,2,Thursday,ANTON,Antonio Moreno Taquería,Mexico,Sin Región,7,Robert King,17,Alice Mutton,6,Meat/Poultry,7,"Pavlova, Ltd.",39.0,18,0.0,702.0
10573,1997-06-19,1997,6,1997-06-01,2,Thursday,ANTON,Antonio Moreno Taquería,Mexico,Sin Región,7,Robert King,34,Sasquatch Ale,1,Beverages,16,Bigfoot Breweries,14.0,40,0.0,560.0
10573,1997-06-19,1997,6,1997-06-01,2,Thursday,ANTON,Antonio Moreno Taquería,Mexico,Sin Región,7,Robert King,53,Perth Pasties,6,Meat/Poultry,24,"G'day, Mate",32.8,25,0.0,820.0
10574,1997-06-19,1997,6,1997-06-01,2,Thursday,TRAIH,Trail's Head Gourmet Provisioners,USA,WA,4,Margaret Peacock,33,Geitost,4,Dairy Products,15,Norske Meierier,2.5,14,0.0,35.0
10574,1997-06-19,1997,6,1997-06-01,2,Thursday,TRAIH,Trail's Head Gourmet Provisioners,USA,WA,4,Margaret Peacock,40,Boston Crab Meat,8,Seafood,19,New England Seafood Cannery,18.4,2,0.0,36.79999923706055
10574,1997-06-19,1997,6,1997-06-01,2,Thursday,TRAIH,Trail's Head Gourmet Provisioners,USA,WA,4,Margaret Peacock,62,Tarte au sucre,3,Confections,29,Forêts d'érables,49.3,10,0.0,493.0
10574,1997-06-19,1997,6,1997-06-01,2,Thursday,TRAIH,Trail's Head Gourmet Provisioners,USA,WA,4,Margaret Peacock,64,Wimmers gute Semmelknödel,5,Grains/Cereals,12,Plutzer Lebensmittelgroßmärkte AG,33.25,6,0.0,199.5
10575,1997-06-20,1997,6,1997-06-01,2,Friday,MORGK,Morgenstern Gesundkost,Germany,Sin Región,5,Steven Buchanan,59,Raclette Courdavault,4,Dairy Products,28,Gai pâturage,55.0,12,0.0,660.0
10575,1997-06-20,1997,6,1997-06-01,2,Friday,MORGK,Morgenstern Gesundkost,Germany,Sin Región,5,Steven Buchanan,63,Vegie-spread,2,Condiments,7,"Pavlova, Ltd.",43.9,6,0.0,263.3999938964844
10575,1997-06-20,1997,6,1997-06-01,2,Friday,MORGK,Morgenstern Gesundkost,Germany,Sin Región,5,Steven Buchanan,72,Mozzarella di Giovanni,4,Dairy Products,14,Formaggi Fortini s.r.l.,34.8,30,0.0,1044.0
10575,1997-06-20,1997,6,1997-06-01,2,Friday,MORGK,Morgenstern Gesundkost,Germany,Sin Región,5,Steven Buchanan,76,Lakkalikööri,1,Beverages,23,Karkki Oy,18.0,10,0.0,180.0
10576,1997-06-23,1997,6,1997-06-01,2,Monday,TORTU,Tortuga Restaurante,Mexico,Sin Región,3,Janet Leverling,1,Chai,1,Beverages,1,Exotic Liquids,18.0,10,0.0,180.0
10576,1997-06-23,1997,6,1997-06-01,2,Monday,TORTU,Tortuga Restaurante,Mexico,Sin Región,3,Janet Leverling,31,Gorgonzola Telino,4,Dairy Products,14,Formaggi Fortini s.r.l.,12.5,20,0.0,250.0
10576,1997-06-23,1997,6,1997-06-01,2,Monday,TORTU,Tortuga Restaurante,Mexico,Sin Región,3,Janet Leverling,44,Gula Malacca,2,Condiments,20,Leka Trading,19.45,21,0.0,408.45001220703125
10577,1997-06-23,1997,6,1997-06-01,2,Monday,TRAIH,Trail's Head Gourmet Provisioners,USA,WA,9,Anne Dodsworth,39,Chartreuse verte,1,Beverages,18,Aux joyeux ecclésiastiques,18.0,10,0.0,180.0
10577,1997-06-23,1997,6,1997-06-01,2,Monday,TRAIH,Trail's Head Gourmet Provisioners,USA,WA,9,Anne Dodsworth,75,Rhönbräu Klosterbier,1,Beverages,12,Plutzer Lebensmittelgroßmärkte AG,7.75,20,0.0,155.0
10577,1997-06-23,1997,6,1997-06-01,2,Monday,TRAIH,Trail's Head Gourmet Provisioners,USA,WA,9,Anne Dodsworth,77,Original Frankfurter grüne Soße,2,Condiments,12,Plutzer Lebensmittelgroßmärkte AG,13.0,18,0.0,234.0
10578,1997-06-24,1997,6,1997-06-01,2,Tuesday,BSBEV,B's Beverages,UK,Sin Región,4,Margaret Peacock,35,Steeleye Stout,1,Beverages,16,Bigfoot Breweries,18.0,20,0.0,360.0
10578,1997-06-24,1997,6,1997-06-01,2,Tuesday,BSBEV,B's Beverages,UK,Sin Región,4,Margaret Peacock,57,Ravioli Angelo,5,Grains/Cereals,26,Pasta Buttini s.r.l.,19.5,6,0.0,117.0
10579,1997-06-25,1997,6,1997-06-01,2,Wednesday,LETSS,Let's Stop N Shop,USA,CA,1,Nancy Davolio,15,Genen Shouyu,2,Condiments,6,Mayumi's,15.5,10,0.0,155.0
10579,1997-06-25,1997,6,1997-06-01,2,Wednesday,LETSS,Let's Stop N Shop,USA,CA,1,Nancy Davolio,75,Rhönbräu Klosterbier,1,Beverages,12,Plutzer Lebensmittelgroßmärkte AG,7.75,21,0.0,162.75
10580,1997-06-26,1997,6,1997-06-01,2,Thursday,OTTIK,Ottilies Käseladen,Germany,Sin Región,4,Margaret Peacock,14,Tofu,7,Produce,6,Mayumi's,23.25,15,0.05000000074505806,331.3125
10580,1997-06-26,1997,6,1997-06-01,2,Thursday,OTTIK,Ottilies Käseladen,Germany,Sin Región,4,Margaret Peacock,41,Jack's New England Clam Chowder,8,Seafood,19,New England Seafood Cannery,9.65,9,0.05000000074505806,82.50749969482422
10580,1997-06-26,1997,6,1997-06-01,2,Thursday,OTTIK,Ottilies Käseladen,Germany,Sin Región,4,Margaret Peacock,65,Louisiana Fiery Hot Pepper Sauce,2,Condiments,2,New Orleans Cajun Delights,21.05,30,0.05000000074505806,599.9249877929688
10581,1997-06-26,1997,6,1997-06-01,2,Thursday,FAMIA,Familia Arquibaldo,Brazil,SP,3,Janet Leverling,75,Rhönbräu Klosterbier,1,Beverages,12,Plutzer Lebensmittelgroßmärkte AG,7.75,50,0.20000000298023224,310.0
10582,1997-06-27,1997,6,1997-06-01,2,Friday,BLAUS,Blauer See Delikatessen,Germany,Sin Región,3,Janet Leverling,57,Ravioli Angelo,5,Grains/Cereals,26,Pasta Buttini s.r.l.,19.5,4,0.0,78.0
10582,1997-06-27,1997,6,1997-06-01,2,Friday,BLAUS,Blauer See Delikatessen,Germany,Sin Región,3,Janet Leverling,76,Lakkalikööri,1,Beverages,23,Karkki Oy,18.0,14,0.0,252.0
10583,1997-06-30,1997,6,1997-06-01,2,Monday,WARTH,Wartian Herkku,Finland,Sin Región,2,Andrew Fuller,29,Thüringer Rostbratwurst,6,Meat/Poultry,12,Plutzer Lebensmittelgroßmärkte AG,123.79,10,0.0,1237.9000244140625
10583,1997-06-30,1997,6,1997-06-01,2,Monday,WARTH,Wartian Herkku,Finland,Sin Región,2,Andrew Fuller,60,Camembert Pierrot,4,Dairy Products,28,Gai pâturage,34.0,24,0.15000000596046448,693.6000366210938
10583,1997-06-30,1997,6,1997-06-01,2,Monday,WARTH,Wartian Herkku,Finland,Sin Región,2,Andrew Fuller,69,Gudbrandsdalsost,4,Dairy Products,15,Norske Meierier,36.0,10,0.15000000596046448,306.0
10584,1997-06-30,1997,6,1997-06-01,2,Monday,BLONP,Blondesddsl père et fils,France,Sin Región,4,Margaret Peacock,31,Gorgonzola Telino,4,Dairy Products,14,Formaggi Fortini s.r.l.,12.5,50,0.05000000074505806,593.75
10585,1997-07-01,1997,7,1997-07-01,3,Tuesday,WELLI,Wellington Importadora,Brazil,SP,7,Robert King,47,Zaanse koeken,3,Confections,22,Zaanse Snoepfabriek,9.5,15,0.0,142.5
10586,1997-07-02,1997,7,1997-07-01,3,Wednesday,REGGC,Reggiani Caseifici,Italy,Sin Región,9,Anne Dodsworth,52,Filo Mix,5,Grains/Cereals,24,"G'day, Mate",7.0,4,0.15000000596046448,23.80000114440918
10587,1997-07-02,1997,7,1997-07-01,3,Wednesday,QUEDE,Que Delícia,Brazil,RJ,1,Nancy Davolio,26,Gumbär Gummibärchen,3,Confections,11,Heli Süßwaren GmbH & Co. KG,31.23,6,0.0,187.3800048828125
10587,1997-07-02,1997,7,1997-07-01,3,Wednesday,QUEDE,Que Delícia,Brazil,RJ,1,Nancy Davolio,35,Steeleye Stout,1,Beverages,16,Bigfoot Breweries,18.0,20,0.0,360.0
10587,1997-07-02,1997,7,1997-07-01,3,Wednesday,QUEDE,Que Delícia,Brazil,RJ,1,Nancy Davolio,77,Original Frankfurter grüne Soße,2,Condiments,12,Plutzer Lebensmittelgroßmärkte AG,13.0,20,0.0,260.0
10588,1997-07-03,1997,7,1997-07-01,3,Thursday,QUICK,QUICK-Stop,Germany,Sin Región,2,Andrew Fuller,18,Carnarvon Tigers,8,Seafood,7,"Pavlova, Ltd.",62.5,40,0.20000000298023224,2000.0
10588,1997-07-03,1997,7,1997-07-01,3,Thursday,QUICK,QUICK-Stop,Germany,Sin Región,2,Andrew Fuller,42,Singaporean Hokkien Fried Mee,5,Grains/Cereals,20,Leka Trading,14.0,100,0.20000000298023224,1120.0
10589,1997-07-04,1997,7,1997-07-01,3,Friday,GREAL,Great Lakes Food Market,USA,OR,8,Laura Callahan,35,Steeleye Stout,1,Beverages,16,Bigfoot Breweries,18.0,4,0.0,72.0
10590,1997-07-07,1997,7,1997-07-01,3,Monday,MEREP,Mère Paillarde,Canada,Québec,4,Margaret Peacock,1,Chai,1,Beverages,1,Exotic Liquids,18.0,20,0.0,360.0
10590,1997-07-07,1997,7,1997-07-01,3,Monday,MEREP,Mère Paillarde,Canada,Québec,4,Margaret Peacock,77,Original Frankfurter grüne Soße,2,Condiments,12,Plutzer Lebensmittelgroßmärkte AG,13.0,60,0.05000000074505806,741.0
10591,1997-07-07,1997,7,1997-07-01,3,Monday,VAFFE,Vaffeljernet,Denmark,Sin Región,1,Nancy Davolio,3,Aniseed Syrup,2,Condiments,1,Exotic Liquids,10.0,14,0.0,140.0
10591,1997-07-07,1997,7,1997-07-01,3,Monday,VAFFE,Vaffeljernet,Denmark,Sin Región,1,Nancy Davolio,7,Uncle Bob's Organic Dried Pears,7,Produce,3,Grandma Kelly's Homestead,30.0,10,0.0,300.0
10591,1997-07-07,1997,7,1997-07-01,3,Monday,VAFFE,Vaffeljernet,Denmark,Sin Región,1,Nancy Davolio,54,Tourtière,6,Meat/Poultry,25,Ma Maison,7.45,50,0.0,372.5
10592,1997-07-08,1997,7,1997-07-01,3,Tuesday,LEHMS,Lehmanns Marktstand,Germany,Sin Región,3,Janet Leverling,15,Genen Shouyu,2,Condiments,6,Mayumi's,15.5,25,0.05000000074505806,368.125
10592,1997-07-08,1997,7,1997-07-01,3,Tuesday,LEHMS,Lehmanns Marktstand,Germany,Sin Región,3,Janet Leverling,26,Gumbär Gummibärchen,3,Confections,11,Heli Süßwaren GmbH & Co. KG,31.23,5,0.05000000074505806,148.34249877929688
10593,1997-07-09,1997,7,1997-07-01,3,Wednesday,LEHMS,Lehmanns Marktstand,Germany,Sin Región,7,Robert King,20,Sir Rodney's Marmalade,3,Confections,8,"Specialty Biscuits, Ltd.",81.0,21,0.20000000298023224,1360.800048828125
10593,1997-07-09,1997,7,1997-07-01,3,Wednesday,LEHMS,Lehmanns Marktstand,Germany,Sin Región,7,Robert King,69,Gudbrandsdalsost,4,Dairy Products,15,Norske Meierier,36.0,20,0.20000000298023224,576.0
10593,1997-07-09,1997,7,1997-07-01,3,Wednesday,LEHMS,Lehmanns Marktstand,Germany,Sin Región,7,Robert King,76,Lakkalikööri,1,Beverages,23,Karkki Oy,18.0,4,0.20000000298023224,57.60000228881836
10594,1997-07-09,1997,7,1997-07-01,3,Wednesday,OLDWO,Old World Delicatessen,USA,AK,3,Janet Leverling,52,Filo Mix,5,Grains/Cereals,24,"G'day, Mate",7.0,24,0.0,168.0
10594,1997-07-09,1997,7,1997-07-01,3,Wednesday,OLDWO,Old World Delicatessen,USA,AK,3,Janet Leverling,58,Escargots de Bourgogne,8,Seafood,27,Escargots Nouveaux,13.25,30,0.0,397.5
10595,1997-07-10,1997,7,1997-07-01,3,Thursday,ERNSH,Ernst Handel,Austria,Sin Región,2,Andrew Fuller,35,Steeleye Stout,1,Beverages,16,Bigfoot Breweries,18.0,30,0.25,405.0
10595,1997-07-10,1997,7,1997-07-01,3,Thursday,ERNSH,Ernst Handel,Austria,Sin Región,2,Andrew Fuller,61,Sirop d'érable,2,Condiments,29,Forêts d'érables,28.5,120,0.25,2565.0
10595,1997-07-10,1997,7,1997-07-01,3,Thursday,ERNSH,Ernst Handel,Austria,Sin Región,2,Andrew Fuller,69,Gudbrandsdalsost,4,Dairy Products,15,Norske Meierier,36.0,65,0.25,1755.0
10596,1997-07-11,1997,7,1997-07-01,3,Friday,WHITC,White Clover Markets,USA,WA,8,Laura Callahan,56,Gnocchi di nonna Alice,5,Grains/Cereals,26,Pasta Buttini s.r.l.,38.0,5,0.20000000298023224,152.0
10596,1997-07-11,1997,7,1997-07-01,3,Friday,WHITC,White Clover Markets,USA,WA,8,Laura Callahan,63,Vegie-spread,2,Condiments,7,"Pavlova, Ltd.",43.9,24,0.20000000298023224,842.8800048828125
10596,1997-07-11,1997,7,1997-07-01,3,Friday,WHITC,White Clover Markets,USA,WA,8,Laura Callahan,75,Rhönbräu Klosterbier,1,Beverages,12,Plutzer Lebensmittelgroßmärkte AG,7.75,30,0.20000000298023224,186.0
10597,1997-07-11,1997,7,1997-07-01,3,Friday,PICCO,Piccolo und mehr,Austria,Sin Región,7,Robert King,24,Guaraná Fantástica,1,Beverages,10,Refrescos Americanas LTDA,4.5,35,0.20000000298023224,126.0
10597,1997-07-11,1997,7,1997-07-01,3,Friday,PICCO,Piccolo und mehr,Austria,Sin Región,7,Robert King,57,Ravioli Angelo,5,Grains/Cereals,26,Pasta Buttini s.r.l.,19.5,20,0.0,390.0
10597,1997-07-11,1997,7,1997-07-01,3,Friday,PICCO,Piccolo und mehr,Austria,Sin Región,7,Robert King,65,Louisiana Fiery Hot Pepper Sauce,2,Condiments,2,New Orleans Cajun Delights,21.05,12,0.20000000298023224,202.0800018310547
10598,1997-07-14,1997,7,1997-07-01,3,Monday,RATTC,Rattlesnake Canyon Grocery,USA,NM,1,Nancy Davolio,27,Schoggi Schokolade,3,Confections,11,Heli Süßwaren GmbH & Co. KG,43.9,50,0.0,2195.0
10598,1997-07-14,1997,7,1997-07-01,3,Monday,RATTC,Rattlesnake Canyon Grocery,USA,NM,1,Nancy Davolio,71,Flotemysost,4,Dairy Products,15,Norske Meierier,21.5,9,0.0,193.5
10599,1997-07-15,1997,7,1997-07-01,3,Tuesday,BSBEV,B's Beverages,UK,Sin Región,6,Michael Suyama,62,Tarte au sucre,3,Confections,29,Forêts d'érables,49.3,10,0.0,493.0
10600,1997-07-16,1997,7,1997-07-01,3,Wednesday,HUNGC,Hungry Coyote Import Store,USA,OR,4,Margaret Peacock,54,Tourtière,6,Meat/Poultry,25,Ma Maison,7.45,4,0.0,29.799999237060547
10600,1997-07-16,1997,7,1997-07-01,3,Wednesday,HUNGC,Hungry Coyote Import Store,USA,OR,4,Margaret Peacock,73,Röd Kaviar,8,Seafood,17,Svensk Sjöföda AB,15.0,30,0.0,450.0
10601,1997-07-16,1997,7,1997-07-01,3,Wednesday,HILAA,HILARION-Abastos,Venezuela,Táchira,7,Robert King,13,Konbu,8,Seafood,6,Mayumi's,6.0,60,0.0,360.0
10601,1997-07-16,1997,7,1997-07-01,3,Wednesday,HILAA,HILARION-Abastos,Venezuela,Táchira,7,Robert King,59,Raclette Courdavault,4,Dairy Products,28,Gai pâturage,55.0,35,0.0,1925.0
10602,1997-07-17,1997,7,1997-07-01,3,Thursday,VAFFE,Vaffeljernet,Denmark,Sin Región,8,Laura Callahan,77,Original Frankfurter grüne Soße,2,Condiments,12,Plutzer Lebensmittelgroßmärkte AG,13.0,5,0.25,48.75
10603,1997-07-18,1997,7,1997-07-01,3,Friday,SAVEA,Save-a-lot Markets,USA,ID,8,Laura Callahan,22,Gustaf's Knäckebröd,5,Grains/Cereals,9,PB Knäckebröd AB,21.0,48,0.0,1008.0
10603,1997-07-18,1997,7,1997-07-01,3,Friday,SAVEA,Save-a-lot Markets,USA,ID,8,Laura Callahan,49,Maxilaku,3,Confections,23,Karkki Oy,20.0,25,0.05000000074505806,475.0
10604,1997-07-18,1997,7,1997-07-01,3,Friday,FURIB,Furia Bacalhau e Frutos do Mar,Portugal,Sin Región,1,Nancy Davolio,48,Chocolade,3,Confections,22,Zaanse Snoepfabriek,12.75,6,0.10000000149011612,68.8499984741211
10604,1997-07-18,1997,7,1997-07-01,3,Friday,FURIB,Furia Bacalhau e Frutos do Mar,Portugal,Sin Región,1,Nancy Davolio,76,Lakkalikööri,1,Beverages,23,Karkki Oy,18.0,10,0.10000000149011612,162.0
10605,1997-07-21,1997,7,1997-07-01,3,Monday,MEREP,Mère Paillarde,Canada,Québec,1,Nancy Davolio,16,Pavlova,3,Confections,7,"Pavlova, Ltd.",17.45,30,0.05000000074505806,497.3249816894531
10605,1997-07-21,1997,7,1997-07-01,3,Monday,MEREP,Mère Paillarde,Canada,Québec,1,Nancy Davolio,59,Raclette Courdavault,4,Dairy Products,28,Gai pâturage,55.0,20,0.05000000074505806,1045.0
10605,1997-07-21,1997,7,1997-07-01,3,Monday,MEREP,Mère Paillarde,Canada,Québec,1,Nancy Davolio,60,Camembert Pierrot,4,Dairy Products,28,Gai pâturage,34.0,70,0.05000000074505806,2261.0
10605,1997-07-21,1997,7,1997-07-01,3,Monday,MEREP,Mère Paillarde,Canada,Québec,1,Nancy Davolio,71,Flotemysost,4,Dairy Products,15,Norske Meierier,21.5,15,0.05000000074505806,306.375
10606,1997-07-22,1997,7,1997-07-01,3,Tuesday,TRADH,Tradição Hipermercados,Brazil,SP,4,Margaret Peacock,4,Chef Anton's Cajun Seasoning,2,Condiments,2,New Orleans Cajun Delights,22.0,20,0.20000000298023224,352.0
10606,1997-07-22,1997,7,1997-07-01,3,Tuesday,TRADH,Tradição Hipermercados,Brazil,SP,4,Margaret Peacock,55,Pâté chinois,6,Meat/Poultry,25,Ma Maison,24.0,20,0.20000000298023224,384.0
10606,1997-07-22,1997,7,1997-07-01,3,Tuesday,TRADH,Tradição Hipermercados,Brazil,SP,4,Margaret Peacock,62,Tarte au sucre,3,Confections,29,Forêts d'érables,49.3,10,0.20000000298023224,394.3999938964844
10607,1997-07-22,1997,7,1997-07-01,3,Tuesday,SAVEA,Save-a-lot Markets,USA,ID,5,Steven Buchanan,7,Uncle Bob's Organic Dried Pears,7,Produce,3,Grandma Kelly's Homestead,30.0,45,0.0,1350.0
10607,1997-07-22,1997,7,1997-07-01,3,Tuesday,SAVEA,Save-a-lot Markets,USA,ID,5,Steven Buchanan,17,Alice Mutton,6,Meat/Poultry,7,"Pavlova, Ltd.",39.0,100,0.0,3900.0
10607,1997-07-22,1997,7,1997-07-01,3,Tuesday,SAVEA,Save-a-lot Markets,USA,ID,5,Steven Buchanan,33,Geitost,4,Dairy Products,15,Norske Meierier,2.5,14,0.0,35.0
10607,1997-07-22,1997,7,1997-07-01,3,Tuesday,SAVEA,Save-a-lot Markets,USA,ID,5,Steven Buchanan,40,Boston Crab Meat,8,Seafood,19,New England Seafood Cannery,18.4,42,0.0,772.7999877929688
10607,1997-07-22,1997,7,1997-07-01,3,Tuesday,SAVEA,Save-a-lot Markets,USA,ID,5,Steven Buchanan,72,Mozzarella di Giovanni,4,Dairy Products,14,Formaggi Fortini s.r.l.,34.8,12,0.0,417.6000061035156
10608,1997-07-23,1997,7,1997-07-01,3,Wednesday,TOMSP,Toms Spezialitäten,Germany,Sin Región,4,Margaret Peacock,56,Gnocchi di nonna Alice,5,Grains/Cereals,26,Pasta Buttini s.r.l.,38.0,28,0.0,1064.0
10609,1997-07-24,1997,7,1997-07-01,3,Thursday,DUMON,Du monde entier,France,Sin Región,7,Robert King,1,Chai,1,Beverages,1,Exotic Liquids,18.0,3,0.0,54.0
10609,1997-07-24,1997,7,1997-07-01,3,Thursday,DUMON,Du monde entier,France,Sin Región,7,Robert King,10,Ikura,8,Seafood,4,Tokyo Traders,31.0,10,0.0,310.0
10609,1997-07-24,1997,7,1997-07-01,3,Thursday,DUMON,Du monde entier,France,Sin Región,7,Robert King,21,Sir Rodney's Scones,3,Confections,8,"Specialty Biscuits, Ltd.",10.0,6,0.0,60.0
10610,1997-07-25,1997,7,1997-07-01,3,Friday,LAMAI,La maison d'Asie,France,Sin Región,8,Laura Callahan,36,Inlagd Sill,8,Seafood,17,Svensk Sjöföda AB,19.0,21,0.25,299.25
10611,1997-07-25,1997,7,1997-07-01,3,Friday,WOLZA,Wolski  Zajazd,Poland,Sin Región,6,Michael Suyama,1,Chai,1,Beverages,1,Exotic Liquids,18.0,6,0.0,108.0
10611,1997-07-25,1997,7,1997-07-01,3,Friday,WOLZA,Wolski  Zajazd,Poland,Sin Región,6,Michael Suyama,2,Chang,1,Beverages,1,Exotic Liquids,19.0,10,0.0,190.0
10611,1997-07-25,1997,7,1997-07-01,3,Friday,WOLZA,Wolski  Zajazd,Poland,Sin Región,6,Michael Suyama,60,Camembert Pierrot,4,Dairy Products,28,Gai pâturage,34.0,15,0.0,510.0
10612,1997-07-28,1997,7,1997-07-01,3,Monday,SAVEA,Save-a-lot Markets,USA,ID,1,Nancy Davolio,10,Ikura,8,Seafood,4,Tokyo Traders,31.0,70,0.0,2170.0
10612,1997-07-28,1997,7,1997-07-01,3,Monday,SAVEA,Save-a-lot Markets,USA,ID,1,Nancy Davolio,36,Inlagd Sill,8,Seafood,17,Svensk Sjöföda AB,19.0,55,0.0,1045.0
10612,1997-07-28,1997,7,1997-07-01,3,Monday,SAVEA,Save-a-lot Markets,USA,ID,1,Nancy Davolio,49,Maxilaku,3,Confections,23,Karkki Oy,20.0,18,0.0,360.0
10612,1997-07-28,1997,7,1997-07-01,3,Monday,SAVEA,Save-a-lot Markets,USA,ID,1,Nancy Davolio,60,Camembert Pierrot,4,Dairy Products,28,Gai pâturage,34.0,40,0.0,1360.0
10612,1997-07-28,1997,7,1997-07-01,3,Monday,SAVEA,Save-a-lot Markets,USA,ID,1,Nancy Davolio,76,Lakkalikööri,1,Beverages,23,Karkki Oy,18.0,80,0.0,1440.0
10613,1997-07-29,1997,7,1997-07-01,3,Tuesday,HILAA,HILARION-Abastos,Venezuela,Táchira,4,Margaret Peacock,13,Konbu,8,Seafood,6,Mayumi's,6.0,8,0.10000000149011612,43.19999694824219
10613,1997-07-29,1997,7,1997-07-01,3,Tuesday,HILAA,HILARION-Abastos,Venezuela,Táchira,4,Margaret Peacock,75,Rhönbräu Klosterbier,1,Beverages,12,Plutzer Lebensmittelgroßmärkte AG,7.75,40,0.0,310.0
10614,1997-07-29,1997,7,1997-07-01,3,Tuesday,BLAUS,Blauer See Delikatessen,Germany,Sin Región,8,Laura Callahan,11,Queso Cabrales,4,Dairy Products,5,Cooperativa de Quesos 'Las Cabras',21.0,14,0.0,294.0
10614,1997-07-29,1997,7,1997-07-01,3,Tuesday,BLAUS,Blauer See Delikatessen,Germany,Sin Región,8,Laura Callahan,21,Sir Rodney's Scones,3,Confections,8,"Specialty Biscuits, Ltd.",10.0,8,0.0,80.0
10614,1997-07-29,1997,7,1997-07-01,3,Tuesday,BLAUS,Blauer See Delikatessen,Germany,Sin Región,8,Laura Callahan,39,Chartreuse verte,1,Beverages,18,Aux joyeux ecclésiastiques,18.0,5,0.0,90.0
10615,1997-07-30,1997,7,1997-07-01,3,Wednesday,WILMK,Wilman Kala,Finland,Sin Región,2,Andrew Fuller,55,Pâté chinois,6,Meat/Poultry,25,Ma Maison,24.0,5,0.0,120.0
10616,1997-07-31,1997,7,1997-07-01,3,Thursday,GREAL,Great Lakes Food Market,USA,OR,1,Nancy Davolio,38,Côte de Blaye,1,Beverages,18,Aux joyeux ecclésiastiques,263.5,15,0.05000000074505806,3754.875
10616,1997-07-31,1997,7,1997-07-01,3,Thursday,GREAL,Great Lakes Food Market,USA,OR,1,Nancy Davolio,56,Gnocchi di nonna Alice,5,Grains/Cereals,26,Pasta Buttini s.r.l.,38.0,14,0.0,532.0
10616,1997-07-31,1997,7,1997-07-01,3,Thursday,GREAL,Great Lakes Food Market,USA,OR,1,Nancy Davolio,70,Outback Lager,1,Beverages,7,"Pavlova, Ltd.",15.0,15,0.05000000074505806,213.75
10616,1997-07-31,1997,7,1997-07-01,3,Thursday,GREAL,Great Lakes Food Market,USA,OR,1,Nancy Davolio,71,Flotemysost,4,Dairy Products,15,Norske Meierier,21.5,15,0.05000000074505806,306.375
10617,1997-07-31,1997,7,1997-07-01,3,Thursday,GREAL,Great Lakes Food Market,USA,OR,4,Margaret Peacock,59,Raclette Courdavault,4,Dairy Products,28,Gai pâturage,55.0,30,0.15000000596046448,1402.5
10618,1997-08-01,1997,8,1997-08-01,3,Friday,MEREP,Mère Paillarde,Canada,Québec,1,Nancy Davolio,6,Grandma's Boysenberry Spread,2,Condiments,3,Grandma Kelly's Homestead,25.0,70,0.0,1750.0
10618,1997-08-01,1997,8,1997-08-01,3,Friday,MEREP,Mère Paillarde,Canada,Québec,1,Nancy Davolio,56,Gnocchi di nonna Alice,5,Grains/Cereals,26,Pasta Buttini s.r.l.,38.0,20,0.0,760.0
10618,1997-08-01,1997,8,1997-08-01,3,Friday,MEREP,Mère Paillarde,Canada,Québec,1,Nancy Davolio,68,Scottish Longbreads,3,Confections,8,"Specialty Biscuits, Ltd.",12.5,15,0.0,187.5
10619,1997-08-04,1997,8,1997-08-01,3,Monday,MEREP,Mère Paillarde,Canada,Québec,3,Janet Leverling,21,Sir Rodney's Scones,3,Confections,8,"Specialty Biscuits, Ltd.",10.0,42,0.0,420.0
10619,1997-08-04,1997,8,1997-08-01,3,Monday,MEREP,Mère Paillarde,Canada,Québec,3,Janet Leverling,22,Gustaf's Knäckebröd,5,Grains/Cereals,9,PB Knäckebröd AB,21.0,40,0.0,840.0
10620,1997-08-05,1997,8,1997-08-01,3,Tuesday,LAUGB,Laughing Bacchus Wine Cellars,Canada,BC,2,Andrew Fuller,24,Guaraná Fantástica,1,Beverages,10,Refrescos Americanas LTDA,4.5,5,0.0,22.5
10620,1997-08-05,1997,8,1997-08-01,3,Tuesday,LAUGB,Laughing Bacchus Wine Cellars,Canada,BC,2,Andrew Fuller,52,Filo Mix,5,Grains/Cereals,24,"G'day, Mate",7.0,5,0.0,35.0
10621,1997-08-05,1997,8,1997-08-01,3,Tuesday,ISLAT,Island Trading,UK,Isle of Wight,4,Margaret Peacock,19,Teatime Chocolate Biscuits,3,Confections,8,"Specialty Biscuits, Ltd.",9.2,5,0.0,46.0
10621,1997-08-05,1997,8,1997-08-01,3,Tuesday,ISLAT,Island Trading,UK,Isle of Wight,4,Margaret Peacock,23,Tunnbröd,5,Grains/Cereals,9,PB Knäckebröd AB,9.0,10,0.0,90.0
10621,1997-08-05,1997,8,1997-08-01,3,Tuesday,ISLAT,Island Trading,UK,Isle of Wight,4,Margaret Peacock,70,Outback Lager,1,Beverages,7,"Pavlova, Ltd.",15.0,20,0.0,300.0
10621,1997-08-05,1997,8,1997-08-01,3,Tuesday,ISLAT,Island Trading,UK,Isle of Wight,4,Margaret Peacock,71,Flotemysost,4,Dairy Products,15,Norske Meierier,21.5,15,0.0,322.5
10622,1997-08-06,1997,8,1997-08-01,3,Wednesday,RICAR,Ricardo Adocicados,Brazil,RJ,4,Margaret Peacock,2,Chang,1,Beverages,1,Exotic Liquids,19.0,20,0.0,380.0
10622,1997-08-06,1997,8,1997-08-01,3,Wednesday,RICAR,Ricardo Adocicados,Brazil,RJ,4,Margaret Peacock,68,Scottish Longbreads,3,Confections,8,"Specialty Biscuits, Ltd.",12.5,18,0.20000000298023224,180.0
10623,1997-08-07,1997,8,1997-08-01,3,Thursday,FRANK,Frankenversand,Germany,Sin Región,8,Laura Callahan,14,Tofu,7,Produce,6,Mayumi's,23.25,21,0.0,488.25
10623,1997-08-07,1997,8,1997-08-01,3,Thursday,FRANK,Frankenversand,Germany,Sin Región,8,Laura Callahan,19,Teatime Chocolate Biscuits,3,Confections,8,"Specialty Biscuits, Ltd.",9.2,15,0.10000000149011612,124.19999694824219
10623,1997-08-07,1997,8,1997-08-01,3,Thursday,FRANK,Frankenversand,Germany,Sin Región,8,Laura Callahan,21,Sir Rodney's Scones,3,Confections,8,"Specialty Biscuits, Ltd.",10.0,25,0.10000000149011612,225.0
10623,1997-08-07,1997,8,1997-08-01,3,Thursday,FRANK,Frankenversand,Germany,Sin Región,8,Laura Callahan,24,Guaraná Fantástica,1,Beverages,10,Refrescos Americanas LTDA,4.5,3,0.0,13.5
10623,1997-08-07,1997,8,1997-08-01,3,Thursday,FRANK,Frankenversand,Germany,Sin Región,8,Laura Callahan,35,Steeleye Stout,1,Beverages,16,Bigfoot Breweries,18.0,30,0.10000000149011612,486.0
10624,1997-08-07,1997,8,1997-08-01,3,Thursday,THECR,The Cracker Box,USA,MT,4,Margaret Peacock,28,Rössle Sauerkraut,7,Produce,12,Plutzer Lebensmittelgroßmärkte AG,45.6,10,0.0,456.0
10624,1997-08-07,1997,8,1997-08-01,3,Thursday,THECR,The Cracker Box,USA,MT,4,Margaret Peacock,29,Thüringer Rostbratwurst,6,Meat/Poultry,12,Plutzer Lebensmittelgroßmärkte AG,123.79,6,0.0,742.739990234375
10624,1997-08-07,1997,8,1997-08-01,3,Thursday,THECR,The Cracker Box,USA,MT,4,Margaret Peacock,44,Gula Malacca,2,Condiments,20,Leka Trading,19.45,10,0.0,194.5
10625,1997-08-08,1997,8,1997-08-01,3,Friday,ANATR,Ana Trujillo Emparedados y helados,Mexico,Sin Región,3,Janet Leverling,14,Tofu,7,Produce,6,Mayumi's,23.25,3,0.0,69.75
10625,1997-08-08,1997,8,1997-08-01,3,Friday,ANATR,Ana Trujillo Emparedados y helados,Mexico,Sin Región,3,Janet Leverling,42,Singaporean Hokkien Fried Mee,5,Grains/Cereals,20,Leka Trading,14.0,5,0.0,70.0
10625,1997-08-08,1997,8,1997-08-01,3,Friday,ANATR,Ana Trujillo Emparedados y helados,Mexico,Sin Región,3,Janet Leverling,60,Camembert Pierrot,4,Dairy Products,28,Gai pâturage,34.0,10,0.0,340.0
10626,1997-08-11,1997,8,1997-08-01,3,Monday,BERGS,Berglunds snabbköp,Sweden,Sin Región,1,Nancy Davolio,53,Perth Pasties,6,Meat/Poultry,24,"G'day, Mate",32.8,12,0.0,393.6000061035156
10626,1997-08-11,1997,8,1997-08-01,3,Monday,BERGS,Berglunds snabbköp,Sweden,Sin Región,1,Nancy Davolio,60,Camembert Pierrot,4,Dairy Products,28,Gai pâturage,34.0,20,0.0,680.0
10626,1997-08-11,1997,8,1997-08-01,3,Monday,BERGS,Berglunds snabbköp,Sweden,Sin Región,1,Nancy Davolio,71,Flotemysost,4,Dairy Products,15,Norske Meierier,21.5,20,0.0,430.0
10627,1997-08-11,1997,8,1997-08-01,3,Monday,SAVEA,Save-a-lot Markets,USA,ID,8,Laura Callahan,62,Tarte au sucre,3,Confections,29,Forêts d'érables,49.3,15,0.0,739.5
10627,1997-08-11,1997,8,1997-08-01,3,Monday,SAVEA,Save-a-lot Markets,USA,ID,8,Laura Callahan,73,Röd Kaviar,8,Seafood,17,Svensk Sjöföda AB,15.0,35,0.15000000596046448,446.25
10628,1997-08-12,1997,8,1997-08-01,3,Tuesday,BLONP,Blondesddsl père et fils,France,Sin Región,4,Margaret Peacock,1,Chai,1,Beverages,1,Exotic Liquids,18.0,25,0.0,450.0
10629,1997-08-12,1997,8,1997-08-01,3,Tuesday,GODOS,Godos Cocina Típica,Spain,Sin Región,4,Margaret Peacock,29,Thüringer Rostbratwurst,6,Meat/Poultry,12,Plutzer Lebensmittelgroßmärkte AG,123.79,20,0.0,2475.800048828125
10629,1997-08-12,1997,8,1997-08-01,3,Tuesday,GODOS,Godos Cocina Típica,Spain,Sin Región,4,Margaret Peacock,64,Wimmers gute Semmelknödel,5,Grains/Cereals,12,Plutzer Lebensmittelgroßmärkte AG,33.25,9,0.0,299.25
10630,1997-08-13,1997,8,1997-08-01,3,Wednesday,KOENE,Königlich Essen,Germany,Sin Región,1,Nancy Davolio,55,Pâté chinois,6,Meat/Poultry,25,Ma Maison,24.0,12,0.05000000074505806,273.6000061035156
10630,1997-08-13,1997,8,1997-08-01,3,Wednesday,KOENE,Königlich Essen,Germany,Sin Región,1,Nancy Davolio,76,Lakkalikööri,1,Beverages,23,Karkki Oy,18.0,35,0.0,630.0
10631,1997-08-14,1997,8,1997-08-01,3,Thursday,LAMAI,La maison d'Asie,France,Sin Región,8,Laura Callahan,75,Rhönbräu Klosterbier,1,Beverages,12,Plutzer Lebensmittelgroßmärkte AG,7.75,8,0.10000000149011612,55.79999923706055
10632,1997-08-14,1997,8,1997-08-01,3,Thursday,WANDK,Die Wandernde Kuh,Germany,Sin Región,8,Laura Callahan,2,Chang,1,Beverages,1,Exotic Liquids,19.0,30,0.05000000074505806,541.5
10632,1997-08-14,1997,8,1997-08-01,3,Thursday,WANDK,Die Wandernde Kuh,Germany,Sin Región,8,Laura Callahan,33,Geitost,4,Dairy Products,15,Norske Meierier,2.5,20,0.05000000074505806,47.5
10633,1997-08-15,1997,8,1997-08-01,3,Friday,ERNSH,Ernst Handel,Austria,Sin Región,7,Robert King,12,Queso Manchego La Pastora,4,Dairy Products,5,Cooperativa de Quesos 'Las Cabras',38.0,36,0.15000000596046448,1162.800048828125
10633,1997-08-15,1997,8,1997-08-01,3,Friday,ERNSH,Ernst Handel,Austria,Sin Región,7,Robert King,13,Konbu,8,Seafood,6,Mayumi's,6.0,13,0.15000000596046448,66.30000305175781
10633,1997-08-15,1997,8,1997-08-01,3,Friday,ERNSH,Ernst Handel,Austria,Sin Región,7,Robert King,26,Gumbär Gummibärchen,3,Confections,11,Heli Süßwaren GmbH & Co. KG,31.23,35,0.15000000596046448,929.0925903320312
10633,1997-08-15,1997,8,1997-08-01,3,Friday,ERNSH,Ernst Handel,Austria,Sin Región,7,Robert King,62,Tarte au sucre,3,Confections,29,Forêts d'érables,49.3,80,0.15000000596046448,3352.400146484375
10634,1997-08-15,1997,8,1997-08-01,3,Friday,FOLIG,Folies gourmandes,France,Sin Región,4,Margaret Peacock,7,Uncle Bob's Organic Dried Pears,7,Produce,3,Grandma Kelly's Homestead,30.0,35,0.0,1050.0
10634,1997-08-15,1997,8,1997-08-01,3,Friday,FOLIG,Folies gourmandes,France,Sin Región,4,Margaret Peacock,18,Carnarvon Tigers,8,Seafood,7,"Pavlova, Ltd.",62.5,50,0.0,3125.0
10634,1997-08-15,1997,8,1997-08-01,3,Friday,FOLIG,Folies gourmandes,France,Sin Región,4,Margaret Peacock,51,Manjimup Dried Apples,7,Produce,24,"G'day, Mate",53.0,15,0.0,795.0
10634,1997-08-15,1997,8,1997-08-01,3,Friday,FOLIG,Folies gourmandes,France,Sin Región,4,Margaret Peacock,75,Rhönbräu Klosterbier,1,Beverages,12,Plutzer Lebensmittelgroßmärkte AG,7.75,2,0.0,15.5
10635,1997-08-18,1997,8,1997-08-01,3,Monday,MAGAA,Magazzini Alimentari Riuniti,Italy,Sin Región,8,Laura Callahan,4,Chef Anton's Cajun Seasoning,2,Condiments,2,New Orleans Cajun Delights,22.0,10,0.10000000149011612,198.0
10635,1997-08-18,1997,8,1997-08-01,3,Monday,MAGAA,Magazzini Alimentari Riuniti,Italy,Sin Región,8,Laura Callahan,5,Chef Anton's Gumbo Mix,2,Condiments,2,New Orleans Cajun Delights,21.35,15,0.10000000149011612,288.2250061035156
10635,1997-08-18,1997,8,1997-08-01,3,Monday,MAGAA,Magazzini Alimentari Riuniti,Italy,Sin Región,8,Laura Callahan,22,Gustaf's Knäckebröd,5,Grains/Cereals,9,PB Knäckebröd AB,21.0,40,0.0,840.0
10636,1997-08-19,1997,8,1997-08-01,3,Tuesday,WARTH,Wartian Herkku,Finland,Sin Región,4,Margaret Peacock,4,Chef Anton's Cajun Seasoning,2,Condiments,2,New Orleans Cajun Delights,22.0,25,0.0,550.0
10636,1997-08-19,1997,8,1997-08-01,3,Tuesday,WARTH,Wartian Herkku,Finland,Sin Región,4,Margaret Peacock,58,Escargots de Bourgogne,8,Seafood,27,Escargots Nouveaux,13.25,6,0.0,79.5
10637,1997-08-19,1997,8,1997-08-01,3,Tuesday,QUEEN,Queen Cozinha,Brazil,SP,6,Michael Suyama,11,Queso Cabrales,4,Dairy Products,5,Cooperativa de Quesos 'Las Cabras',21.0,10,0.0,210.0
10637,1997-08-19,1997,8,1997-08-01,3,Tuesday,QUEEN,Queen Cozinha,Brazil,SP,6,Michael Suyama,50,Valkoinen suklaa,3,Confections,23,Karkki Oy,16.25,25,0.05000000074505806,385.9375
10637,1997-08-19,1997,8,1997-08-01,3,Tuesday,QUEEN,Queen Cozinha,Brazil,SP,6,Michael Suyama,56,Gnocchi di nonna Alice,5,Grains/Cereals,26,Pasta Buttini s.r.l.,38.0,60,0.05000000074505806,2166.0
10638,1997-08-20,1997,8,1997-08-01,3,Wednesday,LINOD,LINO-Delicateses,Venezuela,Nueva Esparta,3,Janet Leverling,45,Rogede sild,8,Seafood,21,Lyngbysild,9.5,20,0.0,190.0
10638,1997-08-20,1997,8,1997-08-01,3,Wednesday,LINOD,LINO-Delicateses,Venezuela,Nueva Esparta,3,Janet Leverling,65,Louisiana Fiery Hot Pepper Sauce,2,Condiments,2,New Orleans Cajun Delights,21.05,21,0.0,442.04998779296875
10638,1997-08-20,1997,8,1997-08-01,3,Wednesday,LINOD,LINO-Delicateses,Venezuela,Nueva Esparta,3,Janet Leverling,72,Mozzarella di Giovanni,4,Dairy Products,14,Formaggi Fortini s.r.l.,34.8,60,0.0,2088.0
10639,1997-08-20,1997,8,1997-08-01,3,Wednesday,SANTG,Santé Gourmet,Norway,Sin Región,7,Robert King,18,Carnarvon Tigers,8,Seafood,7,"Pavlova, Ltd.",62.5,8,0.0,500.0
10640,1997-08-21,1997,8,1997-08-01,3,Thursday,WANDK,Die Wandernde Kuh,Germany,Sin Región,4,Margaret Peacock,69,Gudbrandsdalsost,4,Dairy Products,15,Norske Meierier,36.0,20,0.25,540.0
10640,1997-08-21,1997,8,1997-08-01,3,Thursday,WANDK,Die Wandernde Kuh,Germany,Sin Región,4,Margaret Peacock,70,Outback Lager,1,Beverages,7,"Pavlova, Ltd.",15.0,15,0.25,168.75
10641,1997-08-22,1997,8,1997-08-01,3,Friday,HILAA,HILARION-Abastos,Venezuela,Táchira,4,Margaret Peacock,2,Chang,1,Beverages,1,Exotic Liquids,19.0,50,0.0,950.0
10641,1997-08-22,1997,8,1997-08-01,3,Friday,HILAA,HILARION-Abastos,Venezuela,Táchira,4,Margaret Peacock,40,Boston Crab Meat,8,Seafood,19,New England Seafood Cannery,18.4,60,0.0,1104.0
10642,1997-08-22,1997,8,1997-08-01,3,Friday,SIMOB,Simons bistro,Denmark,Sin Región,7,Robert King,21,Sir Rodney's Scones,3,Confections,8,"Specialty Biscuits, Ltd.",10.0,30,0.20000000298023224,240.0
10642,1997-08-22,1997,8,1997-08-01,3,Friday,SIMOB,Simons bistro,Denmark,Sin Región,7,Robert King,61,Sirop d'érable,2,Condiments,29,Forêts d'érables,28.5,20,0.20000000298023224,456.0
10643,1997-08-25,1997,8,1997-08-01,3,Monday,ALFKI,Alfreds Futterkiste,Germany,Sin Región,6,Michael Suyama,28,Rössle Sauerkraut,7,Produce,12,Plutzer Lebensmittelgroßmärkte AG,45.6,15,0.25,513.0
10643,1997-08-25,1997,8,1997-08-01,3,Monday,ALFKI,Alfreds Futterkiste,Germany,Sin Región,6,Michael Suyama,39,Chartreuse verte,1,Beverages,18,Aux joyeux ecclésiastiques,18.0,21,0.25,283.5
10643,1997-08-25,1997,8,1997-08-01,3,Monday,ALFKI,Alfreds Futterkiste,Germany,Sin Región,6,Michael Suyama,46,Spegesild,8,Seafood,21,Lyngbysild,12.0,2,0.25,18.0
10644,1997-08-25,1997,8,1997-08-01,3,Monday,WELLI,Wellington Importadora,Brazil,SP,3,Janet Leverling,18,Carnarvon Tigers,8,Seafood,7,"Pavlova, Ltd.",62.5,4,0.10000000149011612,225.0
10644,1997-08-25,1997,8,1997-08-01,3,Monday,WELLI,Wellington Importadora,Brazil,SP,3,Janet Leverling,43,Ipoh Coffee,1,Beverages,20,Leka Trading,46.0,20,0.0,920.0
10644,1997-08-25,1997,8,1997-08-01,3,Monday,WELLI,Wellington Importadora,Brazil,SP,3,Janet Leverling,46,Spegesild,8,Seafood,21,Lyngbysild,12.0,21,0.10000000149011612,226.79998779296875
10645,1997-08-26,1997,8,1997-08-01,3,Tuesday,HANAR,Hanari Carnes,Brazil,RJ,4,Margaret Peacock,18,Carnarvon Tigers,8,Seafood,7,"Pavlova, Ltd.",62.5,20,0.0,1250.0
10645,1997-08-26,1997,8,1997-08-01,3,Tuesday,HANAR,Hanari Carnes,Brazil,RJ,4,Margaret Peacock,36,Inlagd Sill,8,Seafood,17,Svensk Sjöföda AB,19.0,15,0.0,285.0
10646,1997-08-27,1997,8,1997-08-01,3,Wednesday,HUNGO,Hungry Owl All-Night Grocers,Ireland,Co. Cork,9,Anne Dodsworth,1,Chai,1,Beverages,1,Exotic Liquids,18.0,15,0.25,202.5
10646,1997-08-27,1997,8,1997-08-01,3,Wednesday,HUNGO,Hungry Owl All-Night Grocers,Ireland,Co. Cork,9,Anne Dodsworth,10,Ikura,8,Seafood,4,Tokyo Traders,31.0,18,0.25,418.5
10646,1997-08-27,1997,8,1997-08-01,3,Wednesday,HUNGO,Hungry Owl All-Night Grocers,Ireland,Co. Cork,9,Anne Dodsworth,71,Flotemysost,4,Dairy Products,15,Norske Meierier,21.5,30,0.25,483.75
10646,1997-08-27,1997,8,1997-08-01,3,Wednesday,HUNGO,Hungry Owl All-Night Grocers,Ireland,Co. Cork,9,Anne Dodsworth,77,Original Frankfurter grüne Soße,2,Condiments,12,Plutzer Lebensmittelgroßmärkte AG,13.0,35,0.25,341.25
10647,1997-08-27,1997,8,1997-08-01,3,Wednesday,QUEDE,Que Delícia,Brazil,RJ,4,Margaret Peacock,19,Teatime Chocolate Biscuits,3,Confections,8,"Specialty Biscuits, Ltd.",9.2,30,0.0,276.0
10647,1997-08-27,1997,8,1997-08-01,3,Wednesday,QUEDE,Que Delícia,Brazil,RJ,4,Margaret Peacock,39,Chartreuse verte,1,Beverages,18,Aux joyeux ecclésiastiques,18.0,20,0.0,360.0
10648,1997-08-28,1997,8,1997-08-01,3,Thursday,RICAR,Ricardo Adocicados,Brazil,RJ,5,Steven Buchanan,22,Gustaf's Knäckebröd,5,Grains/Cereals,9,PB Knäckebröd AB,21.0,15,0.0,315.0
10648,1997-08-28,1997,8,1997-08-01,3,Thursday,RICAR,Ricardo Adocicados,Brazil,RJ,5,Steven Buchanan,24,Guaraná Fantástica,1,Beverages,10,Refrescos Americanas LTDA,4.5,15,0.15000000596046448,57.375
10649,1997-08-28,1997,8,1997-08-01,3,Thursday,MAISD,Maison Dewey,Belgium,Sin Región,5,Steven Buchanan,28,Rössle Sauerkraut,7,Produce,12,Plutzer Lebensmittelgroßmärkte AG,45.6,20,0.0,912.0
10649,1997-08-28,1997,8,1997-08-01,3,Thursday,MAISD,Maison Dewey,Belgium,Sin Región,5,Steven Buchanan,72,Mozzarella di Giovanni,4,Dairy Products,14,Formaggi Fortini s.r.l.,34.8,15,0.0,522.0
10650,1997-08-29,1997,8,1997-08-01,3,Friday,FAMIA,Familia Arquibaldo,Brazil,SP,5,Steven Buchanan,30,Nord-Ost Matjeshering,8,Seafood,13,Nord-Ost-Fisch Handelsgesellschaft mbH,25.89,30,0.0,776.7000122070312
10650,1997-08-29,1997,8,1997-08-01,3,Friday,FAMIA,Familia Arquibaldo,Brazil,SP,5,Steven Buchanan,53,Perth Pasties,6,Meat/Poultry,24,"G'day, Mate",32.8,25,0.05000000074505806,779.0
10650,1997-08-29,1997,8,1997-08-01,3,Friday,FAMIA,Familia Arquibaldo,Brazil,SP,5,Steven Buchanan,54,Tourtière,6,Meat/Poultry,25,Ma Maison,7.45,30,0.0,223.5
10651,1997-09-01,1997,9,1997-09-01,3,Monday,WANDK,Die Wandernde Kuh,Germany,Sin Región,8,Laura Callahan,19,Teatime Chocolate Biscuits,3,Confections,8,"Specialty Biscuits, Ltd.",9.2,12,0.25,82.80000305175781
10651,1997-09-01,1997,9,1997-09-01,3,Monday,WANDK,Die Wandernde Kuh,Germany,Sin Región,8,Laura Callahan,22,Gustaf's Knäckebröd,5,Grains/Cereals,9,PB Knäckebröd AB,21.0,20,0.25,315.0
10652,1997-09-01,1997,9,1997-09-01,3,Monday,GOURL,Gourmet Lanchonetes,Brazil,SP,4,Margaret Peacock,30,Nord-Ost Matjeshering,8,Seafood,13,Nord-Ost-Fisch Handelsgesellschaft mbH,25.89,2,0.25,38.834999084472656
10652,1997-09-01,1997,9,1997-09-01,3,Monday,GOURL,Gourmet Lanchonetes,Brazil,SP,4,Margaret Peacock,42,Singaporean Hokkien Fried Mee,5,Grains/Cereals,20,Leka Trading,14.0,20,0.0,280.0
10653,1997-09-02,1997,9,1997-09-01,3,Tuesday,FRANK,Frankenversand,Germany,Sin Región,1,Nancy Davolio,16,Pavlova,3,Confections,7,"Pavlova, Ltd.",17.45,30,0.10000000149011612,471.1499938964844
10653,1997-09-02,1997,9,1997-09-01,3,Tuesday,FRANK,Frankenversand,Germany,Sin Región,1,Nancy Davolio,60,Camembert Pierrot,4,Dairy Products,28,Gai pâturage,34.0,20,0.10000000149011612,612.0
10654,1997-09-02,1997,9,1997-09-01,3,Tuesday,BERGS,Berglunds snabbköp,Sweden,Sin Región,5,Steven Buchanan,4,Chef Anton's Cajun Seasoning,2,Condiments,2,New Orleans Cajun Delights,22.0,12,0.10000000149011612,237.59999084472656
10654,1997-09-02,1997,9,1997-09-01,3,Tuesday,BERGS,Berglunds snabbköp,Sweden,Sin Región,5,Steven Buchanan,39,Chartreuse verte,1,Beverages,18,Aux joyeux ecclésiastiques,18.0,20,0.10000000149011612,324.0
10654,1997-09-02,1997,9,1997-09-01,3,Tuesday,BERGS,Berglunds snabbköp,Sweden,Sin Región,5,Steven Buchanan,54,Tourtière,6,Meat/Poultry,25,Ma Maison,7.45,6,0.10000000149011612,40.22999954223633
10655,1997-09-03,1997,9,1997-09-01,3,Wednesday,REGGC,Reggiani Caseifici,Italy,Sin Región,1,Nancy Davolio,41,Jack's New England Clam Chowder,8,Seafood,19,New England Seafood Cannery,9.65,20,0.20000000298023224,154.40000915527344
10656,1997-09-04,1997,9,1997-09-01,3,Thursday,GREAL,Great Lakes Food Market,USA,OR,6,Michael Suyama,14,Tofu,7,Produce,6,Mayumi's,23.25,3,0.10000000149011612,62.77499771118164
10656,1997-09-04,1997,9,1997-09-01,3,Thursday,GREAL,Great Lakes Food Market,USA,OR,6,Michael Suyama,44,Gula Malacca,2,Condiments,20,Leka Trading,19.45,28,0.10000000149011612,490.13995361328125
10656,1997-09-04,1997,9,1997-09-01,3,Thursday,GREAL,Great Lakes Food Market,USA,OR,6,Michael Suyama,47,Zaanse koeken,3,Confections,22,Zaanse Snoepfabriek,9.5,6,0.10000000149011612,51.29999923706055
10657,1997-09-04,1997,9,1997-09-01,3,Thursday,SAVEA,Save-a-lot Markets,USA,ID,2,Andrew Fuller,15,Genen Shouyu,2,Condiments,6,Mayumi's,15.5,50,0.0,775.0
10657,1997-09-04,1997,9,1997-09-01,3,Thursday,SAVEA,Save-a-lot Markets,USA,ID,2,Andrew Fuller,41,Jack's New England Clam Chowder,8,Seafood,19,New England Seafood Cannery,9.65,24,0.0,231.60000610351562
10657,1997-09-04,1997,9,1997-09-01,3,Thursday,SAVEA,Save-a-lot Markets,USA,ID,2,Andrew Fuller,46,Spegesild,8,Seafood,21,Lyngbysild,12.0,45,0.0,540.0
10657,1997-09-04,1997,9,1997-09-01,3,Thursday,SAVEA,Save-a-lot Markets,USA,ID,2,Andrew Fuller,47,Zaanse koeken,3,Confections,22,Zaanse Snoepfabriek,9.5,10,0.0,95.0
10657,1997-09-04,1997,9,1997-09-01,3,Thursday,SAVEA,Save-a-lot Markets,USA,ID,2,Andrew Fuller,56,Gnocchi di nonna Alice,5,Grains/Cereals,26,Pasta Buttini s.r.l.,38.0,45,0.0,1710.0
10657,1997-09-04,1997,9,1997-09-01,3,Thursday,SAVEA,Save-a-lot Markets,USA,ID,2,Andrew Fuller,60,Camembert Pierrot,4,Dairy Products,28,Gai pâturage,34.0,30,0.0,1020.0
10658,1997-09-05,1997,9,1997-09-01,3,Friday,QUICK,QUICK-Stop,Germany,Sin Región,4,Margaret Peacock,21,Sir Rodney's Scones,3,Confections,8,"Specialty Biscuits, Ltd.",10.0,60,0.0,600.0
10658,1997-09-05,1997,9,1997-09-01,3,Friday,QUICK,QUICK-Stop,Germany,Sin Región,4,Margaret Peacock,40,Boston Crab Meat,8,Seafood,19,New England Seafood Cannery,18.4,70,0.05000000074505806,1223.5999755859375
10658,1997-09-05,1997,9,1997-09-01,3,Friday,QUICK,QUICK-Stop,Germany,Sin Región,4,Margaret Peacock,60,Camembert Pierrot,4,Dairy Products,28,Gai pâturage,34.0,55,0.05000000074505806,1776.5
10658,1997-09-05,1997,9,1997-09-01,3,Friday,QUICK,QUICK-Stop,Germany,Sin Región,4,Margaret Peacock,77,Original Frankfurter grüne Soße,2,Condiments,12,Plutzer Lebensmittelgroßmärkte AG,13.0,70,0.05000000074505806,864.5
10659,1997-09-05,1997,9,1997-09-01,3,Friday,QUEEN,Queen Cozinha,Brazil,SP,7,Robert King,31,Gorgonzola Telino,4,Dairy Products,14,Formaggi Fortini s.r.l.,12.5,20,0.05000000074505806,237.5
10659,1997-09-05,1997,9,1997-09-01,3,Friday,QUEEN,Queen Cozinha,Brazil,SP,7,Robert King,40,Boston Crab Meat,8,Seafood,19,New England Seafood Cannery,18.4,24,0.05000000074505806,419.5199890136719
10659,1997-09-05,1997,9,1997-09-01,3,Friday,QUEEN,Queen Cozinha,Brazil,SP,7,Robert King,70,Outback Lager,1,Beverages,7,"Pavlova, Ltd.",15.0,40,0.05000000074505806,570.0
10660,1997-09-08,1997,9,1997-09-01,3,Monday,HUNGC,Hungry Coyote Import Store,USA,OR,8,Laura Callahan,20,Sir Rodney's Marmalade,3,Confections,8,"Specialty Biscuits, Ltd.",81.0,21,0.0,1701.0
10661,1997-09-09,1997,9,1997-09-01,3,Tuesday,HUNGO,Hungry Owl All-Night Grocers,Ireland,Co. Cork,7,Robert King,39,Chartreuse verte,1,Beverages,18,Aux joyeux ecclésiastiques,18.0,3,0.20000000298023224,43.20000076293945
10661,1997-09-09,1997,9,1997-09-01,3,Tuesday,HUNGO,Hungry Owl All-Night Grocers,Ireland,Co. Cork,7,Robert King,58,Escargots de Bourgogne,8,Seafood,27,Escargots Nouveaux,13.25,49,0.20000000298023224,519.4000244140625
10662,1997-09-09,1997,9,1997-09-01,3,Tuesday,LONEP,Lonesome Pine Restaurant,USA,OR,3,Janet Leverling,68,Scottish Longbreads,3,Confections,8,"Specialty Biscuits, Ltd.",12.5,10,0.0,125.0
10663,1997-09-10,1997,9,1997-09-01,3,Wednesday,BONAP,Bon app',France,Sin Región,2,Andrew Fuller,40,Boston Crab Meat,8,Seafood,19,New England Seafood Cannery,18.4,30,0.05000000074505806,524.3999633789062
10663,1997-09-10,1997,9,1997-09-01,3,Wednesday,BONAP,Bon app',France,Sin Región,2,Andrew Fuller,42,Singaporean Hokkien Fried Mee,5,Grains/Cereals,20,Leka Trading,14.0,30,0.05000000074505806,399.0
10663,1997-09-10,1997,9,1997-09-01,3,Wednesday,BONAP,Bon app',France,Sin Región,2,Andrew Fuller,51,Manjimup Dried Apples,7,Produce,24,"G'day, Mate",53.0,20,0.05000000074505806,1007.0
10664,1997-09-10,1997,9,1997-09-01,3,Wednesday,FURIB,Furia Bacalhau e Frutos do Mar,Portugal,Sin Región,1,Nancy Davolio,10,Ikura,8,Seafood,4,Tokyo Traders,31.0,24,0.15000000596046448,632.4000244140625
10664,1997-09-10,1997,9,1997-09-01,3,Wednesday,FURIB,Furia Bacalhau e Frutos do Mar,Portugal,Sin Región,1,Nancy Davolio,56,Gnocchi di nonna Alice,5,Grains/Cereals,26,Pasta Buttini s.r.l.,38.0,12,0.15000000596046448,387.6000061035156
10664,1997-09-10,1997,9,1997-09-01,3,Wednesday,FURIB,Furia Bacalhau e Frutos do Mar,Portugal,Sin Región,1,Nancy Davolio,65,Louisiana Fiery Hot Pepper Sauce,2,Condiments,2,New Orleans Cajun Delights,21.05,15,0.15000000596046448,268.38751220703125
10665,1997-09-11,1997,9,1997-09-01,3,Thursday,LONEP,Lonesome Pine Restaurant,USA,OR,1,Nancy Davolio,51,Manjimup Dried Apples,7,Produce,24,"G'day, Mate",53.0,20,0.0,1060.0
10665,1997-09-11,1997,9,1997-09-01,3,Thursday,LONEP,Lonesome Pine Restaurant,USA,OR,1,Nancy Davolio,59,Raclette Courdavault,4,Dairy Products,28,Gai pâturage,55.0,1,0.0,55.0
10665,1997-09-11,1997,9,1997-09-01,3,Thursday,LONEP,Lonesome Pine Restaurant,USA,OR,1,Nancy Davolio,76,Lakkalikööri,1,Beverages,23,Karkki Oy,18.0,10,0.0,180.0
10666,1997-09-12,1997,9,1997-09-01,3,Friday,RICSU,Richter Supermarkt,Switzerland,Sin Región,7,Robert King,29,Thüringer Rostbratwurst,6,Meat/Poultry,12,Plutzer Lebensmittelgroßmärkte AG,123.79,36,0.0,4456.43994140625
10666,1997-09-12,1997,9,1997-09-01,3,Friday,RICSU,Richter Supermarkt,Switzerland,Sin Región,7,Robert King,65,Louisiana Fiery Hot Pepper Sauce,2,Condiments,2,New Orleans Cajun Delights,21.05,10,0.0,210.5
10667,1997-09-12,1997,9,1997-09-01,3,Friday,ERNSH,Ernst Handel,Austria,Sin Región,7,Robert King,69,Gudbrandsdalsost,4,Dairy Products,15,Norske Meierier,36.0,45,0.20000000298023224,1296.0
10667,1997-09-12,1997,9,1997-09-01,3,Friday,ERNSH,Ernst Handel,Austria,Sin Región,7,Robert King,71,Flotemysost,4,Dairy Products,15,Norske Meierier,21.5,14,0.20000000298023224,240.8000030517578
10668,1997-09-15,1997,9,1997-09-01,3,Monday,WANDK,Die Wandernde Kuh,Germany,Sin Región,1,Nancy Davolio,31,Gorgonzola Telino,4,Dairy Products,14,Formaggi Fortini s.r.l.,12.5,8,0.10000000149011612,90.0
10668,1997-09-15,1997,9,1997-09-01,3,Monday,WANDK,Die Wandernde Kuh,Germany,Sin Región,1,Nancy Davolio,55,Pâté chinois,6,Meat/Poultry,25,Ma Maison,24.0,4,0.10000000149011612,86.39999389648438
10668,1997-09-15,1997,9,1997-09-01,3,Monday,WANDK,Die Wandernde Kuh,Germany,Sin Región,1,Nancy Davolio,64,Wimmers gute Semmelknödel,5,Grains/Cereals,12,Plutzer Lebensmittelgroßmärkte AG,33.25,15,0.10000000149011612,448.875
10669,1997-09-15,1997,9,1997-09-01,3,Monday,SIMOB,Simons bistro,Denmark,Sin Región,2,Andrew Fuller,36,Inlagd Sill,8,Seafood,17,Svensk Sjöföda AB,19.0,30,0.0,570.0
10670,1997-09-16,1997,9,1997-09-01,3,Tuesday,FRANK,Frankenversand,Germany,Sin Región,4,Margaret Peacock,23,Tunnbröd,5,Grains/Cereals,9,PB Knäckebröd AB,9.0,32,0.0,288.0
10670,1997-09-16,1997,9,1997-09-01,3,Tuesday,FRANK,Frankenversand,Germany,Sin Región,4,Margaret Peacock,46,Spegesild,8,Seafood,21,Lyngbysild,12.0,60,0.0,720.0
10670,1997-09-16,1997,9,1997-09-01,3,Tuesday,FRANK,Frankenversand,Germany,Sin Región,4,Margaret Peacock,67,Laughing Lumberjack Lager,1,Beverages,16,Bigfoot Breweries,14.0,25,0.0,350.0
10670,1997-09-16,1997,9,1997-09-01,3,Tuesday,FRANK,Frankenversand,Germany,Sin Región,4,Margaret Peacock,73,Röd Kaviar,8,Seafood,17,Svensk Sjöföda AB,15.0,50,0.0,750.0
10670,1997-09-16,1997,9,1997-09-01,3,Tuesday,FRANK,Frankenversand,Germany,Sin Región,4,Margaret Peacock,75,Rhönbräu Klosterbier,1,Beverages,12,Plutzer Lebensmittelgroßmärkte AG,7.75,25,0.0,193.75
10671,1997-09-17,1997,9,1997-09-01,3,Wednesday,FRANR,France restauration,France,Sin Región,1,Nancy Davolio,16,Pavlova,3,Confections,7,"Pavlova, Ltd.",17.45,10,0.0,174.5
10671,1997-09-17,1997,9,1997-09-01,3,Wednesday,FRANR,France restauration,France,Sin Región,1,Nancy Davolio,62,Tarte au sucre,3,Confections,29,Forêts d'érables,49.3,10,0.0,493.0
10671,1997-09-17,1997,9,1997-09-01,3,Wednesday,FRANR,France restauration,France,Sin Región,1,Nancy Davolio,65,Louisiana Fiery Hot Pepper Sauce,2,Condiments,2,New Orleans Cajun Delights,21.05,12,0.0,252.60000610351562
10672,1997-09-17,1997,9,1997-09-01,3,Wednesday,BERGS,Berglunds snabbköp,Sweden,Sin Región,9,Anne Dodsworth,38,Côte de Blaye,1,Beverages,18,Aux joyeux ecclésiastiques,263.5,15,0.10000000149011612,3557.25
10672,1997-09-17,1997,9,1997-09-01,3,Wednesday,BERGS,Berglunds snabbköp,Sweden,Sin Región,9,Anne Dodsworth,71,Flotemysost,4,Dairy Products,15,Norske Meierier,21.5,12,0.0,258.0
10673,1997-09-18,1997,9,1997-09-01,3,Thursday,WILMK,Wilman Kala,Finland,Sin Región,2,Andrew Fuller,16,Pavlova,3,Confections,7,"Pavlova, Ltd.",17.45,3,0.0,52.349998474121094
10673,1997-09-18,1997,9,1997-09-01,3,Thursday,WILMK,Wilman Kala,Finland,Sin Región,2,Andrew Fuller,42,Singaporean Hokkien Fried Mee,5,Grains/Cereals,20,Leka Trading,14.0,6,0.0,84.0
10673,1997-09-18,1997,9,1997-09-01,3,Thursday,WILMK,Wilman Kala,Finland,Sin Región,2,Andrew Fuller,43,Ipoh Coffee,1,Beverages,20,Leka Trading,46.0,6,0.0,276.0
10674,1997-09-18,1997,9,1997-09-01,3,Thursday,ISLAT,Island Trading,UK,Isle of Wight,4,Margaret Peacock,23,Tunnbröd,5,Grains/Cereals,9,PB Knäckebröd AB,9.0,5,0.0,45.0
10675,1997-09-19,1997,9,1997-09-01,3,Friday,FRANK,Frankenversand,Germany,Sin Región,5,Steven Buchanan,14,Tofu,7,Produce,6,Mayumi's,23.25,30,0.0,697.5
10675,1997-09-19,1997,9,1997-09-01,3,Friday,FRANK,Frankenversand,Germany,Sin Región,5,Steven Buchanan,53,Perth Pasties,6,Meat/Poultry,24,"G'day, Mate",32.8,10,0.0,328.0
10675,1997-09-19,1997,9,1997-09-01,3,Friday,FRANK,Frankenversand,Germany,Sin Región,5,Steven Buchanan,58,Escargots de Bourgogne,8,Seafood,27,Escargots Nouveaux,13.25,30,0.0,397.5
10676,1997-09-22,1997,9,1997-09-01,3,Monday,TORTU,Tortuga Restaurante,Mexico,Sin Región,2,Andrew Fuller,10,Ikura,8,Seafood,4,Tokyo Traders,31.0,2,0.0,62.0
10676,1997-09-22,1997,9,1997-09-01,3,Monday,TORTU,Tortuga Restaurante,Mexico,Sin Región,2,Andrew Fuller,19,Teatime Chocolate Biscuits,3,Confections,8,"Specialty Biscuits, Ltd.",9.2,7,0.0,64.4000015258789
10676,1997-09-22,1997,9,1997-09-01,3,Monday,TORTU,Tortuga Restaurante,Mexico,Sin Región,2,Andrew Fuller,44,Gula Malacca,2,Condiments,20,Leka Trading,19.45,21,0.0,408.45001220703125
10677,1997-09-22,1997,9,1997-09-01,3,Monday,ANTON,Antonio Moreno Taquería,Mexico,Sin Región,1,Nancy Davolio,26,Gumbär Gummibärchen,3,Confections,11,Heli Süßwaren GmbH & Co. KG,31.23,30,0.15000000596046448,796.3650512695312
10677,1997-09-22,1997,9,1997-09-01,3,Monday,ANTON,Antonio Moreno Taquería,Mexico,Sin Región,1,Nancy Davolio,33,Geitost,4,Dairy Products,15,Norske Meierier,2.5,8,0.15000000596046448,17.0
10678,1997-09-23,1997,9,1997-09-01,3,Tuesday,SAVEA,Save-a-lot Markets,USA,ID,7,Robert King,12,Queso Manchego La Pastora,4,Dairy Products,5,Cooperativa de Quesos 'Las Cabras',38.0,100,0.0,3800.0
10678,1997-09-23,1997,9,1997-09-01,3,Tuesday,SAVEA,Save-a-lot Markets,USA,ID,7,Robert King,33,Geitost,4,Dairy Products,15,Norske Meierier,2.5,30,0.0,75.0
10678,1997-09-23,1997,9,1997-09-01,3,Tuesday,SAVEA,Save-a-lot Markets,USA,ID,7,Robert King,41,Jack's New England Clam Chowder,8,Seafood,19,New England Seafood Cannery,9.65,120,0.0,1158.0
10678,1997-09-23,1997,9,1997-09-01,3,Tuesday,SAVEA,Save-a-lot Markets,USA,ID,7,Robert King,54,Tourtière,6,Meat/Poultry,25,Ma Maison,7.45,30,0.0,223.5
10679,1997-09-23,1997,9,1997-09-01,3,Tuesday,BLONP,Blondesddsl père et fils,France,Sin Región,8,Laura Callahan,59,Raclette Courdavault,4,Dairy Products,28,Gai pâturage,55.0,12,0.0,660.0
10680,1997-09-24,1997,9,1997-09-01,3,Wednesday,OLDWO,Old World Delicatessen,USA,AK,1,Nancy Davolio,16,Pavlova,3,Confections,7,"Pavlova, Ltd.",17.45,50,0.25,654.375
10680,1997-09-24,1997,9,1997-09-01,3,Wednesday,OLDWO,Old World Delicatessen,USA,AK,1,Nancy Davolio,31,Gorgonzola Telino,4,Dairy Products,14,Formaggi Fortini s.r.l.,12.5,20,0.25,187.5
10680,1997-09-24,1997,9,1997-09-01,3,Wednesday,OLDWO,Old World Delicatessen,USA,AK,1,Nancy Davolio,42,Singaporean Hokkien Fried Mee,5,Grains/Cereals,20,Leka Trading,14.0,40,0.25,420.0
10681,1997-09-25,1997,9,1997-09-01,3,Thursday,GREAL,Great Lakes Food Market,USA,OR,3,Janet Leverling,19,Teatime Chocolate Biscuits,3,Confections,8,"Specialty Biscuits, Ltd.",9.2,30,0.10000000149011612,248.39999389648438
10681,1997-09-25,1997,9,1997-09-01,3,Thursday,GREAL,Great Lakes Food Market,USA,OR,3,Janet Leverling,21,Sir Rodney's Scones,3,Confections,8,"Specialty Biscuits, Ltd.",10.0,12,0.10000000149011612,108.0
10681,1997-09-25,1997,9,1997-09-01,3,Thursday,GREAL,Great Lakes Food Market,USA,OR,3,Janet Leverling,64,Wimmers gute Semmelknödel,5,Grains/Cereals,12,Plutzer Lebensmittelgroßmärkte AG,33.25,28,0.0,931.0
10682,1997-09-25,1997,9,1997-09-01,3,Thursday,ANTON,Antonio Moreno Taquería,Mexico,Sin Región,3,Janet Leverling,33,Geitost,4,Dairy Products,15,Norske Meierier,2.5,30,0.0,75.0
10682,1997-09-25,1997,9,1997-09-01,3,Thursday,ANTON,Antonio Moreno Taquería,Mexico,Sin Región,3,Janet Leverling,66,Louisiana Hot Spiced Okra,2,Condiments,2,New Orleans Cajun Delights,17.0,4,0.0,68.0
10682,1997-09-25,1997,9,1997-09-01,3,Thursday,ANTON,Antonio Moreno Taquería,Mexico,Sin Región,3,Janet Leverling,75,Rhönbräu Klosterbier,1,Beverages,12,Plutzer Lebensmittelgroßmärkte AG,7.75,30,0.0,232.5
10683,1997-09-26,1997,9,1997-09-01,3,Friday,DUMON,Du monde entier,France,Sin Región,2,Andrew Fuller,52,Filo Mix,5,Grains/Cereals,24,"G'day, Mate",7.0,9,0.0,63.0
10684,1997-09-26,1997,9,1997-09-01,3,Friday,OTTIK,Ottilies Käseladen,Germany,Sin Región,3,Janet Leverling,40,Boston Crab Meat,8,Seafood,19,New England Seafood Cannery,18.4,20,0.0,368.0
10684,1997-09-26,1997,9,1997-09-01,3,Friday,OTTIK,Ottilies Käseladen,Germany,Sin Región,3,Janet Leverling,47,Zaanse koeken,3,Confections,22,Zaanse Snoepfabriek,9.5,40,0.0,380.0
10684,1997-09-26,1997,9,1997-09-01,3,Friday,OTTIK,Ottilies Käseladen,Germany,Sin Región,3,Janet Leverling,60,Camembert Pierrot,4,Dairy Products,28,Gai pâturage,34.0,30,0.0,1020.0
10685,1997-09-29,1997,9,1997-09-01,3,Monday,GOURL,Gourmet Lanchonetes,Brazil,SP,4,Margaret Peacock,10,Ikura,8,Seafood,4,Tokyo Traders,31.0,20,0.0,620.0
10685,1997-09-29,1997,9,1997-09-01,3,Monday,GOURL,Gourmet Lanchonetes,Brazil,SP,4,Margaret Peacock,41,Jack's New England Clam Chowder,8,Seafood,19,New England Seafood Cannery,9.65,4,0.0,38.599998474121094
10685,1997-09-29,1997,9,1997-09-01,3,Monday,GOURL,Gourmet Lanchonetes,Brazil,SP,4,Margaret Peacock,47,Zaanse koeken,3,Confections,22,Zaanse Snoepfabriek,9.5,15,0.0,142.5
10686,1997-09-30,1997,9,1997-09-01,3,Tuesday,PICCO,Piccolo und mehr,Austria,Sin Región,2,Andrew Fuller,17,Alice Mutton,6,Meat/Poultry,7,"Pavlova, Ltd.",39.0,30,0.20000000298023224,936.0
10686,1997-09-30,1997,9,1997-09-01,3,Tuesday,PICCO,Piccolo und mehr,Austria,Sin Región,2,Andrew Fuller,26,Gumbär Gummibärchen,3,Confections,11,Heli Süßwaren GmbH & Co. KG,31.23,15,0.0,468.45001220703125
10687,1997-09-30,1997,9,1997-09-01,3,Tuesday,HUNGO,Hungry Owl All-Night Grocers,Ireland,Co. Cork,9,Anne Dodsworth,9,Mishi Kobe Niku,6,Meat/Poultry,4,Tokyo Traders,97.0,50,0.25,3637.5
10687,1997-09-30,1997,9,1997-09-01,3,Tuesday,HUNGO,Hungry Owl All-Night Grocers,Ireland,Co. Cork,9,Anne Dodsworth,29,Thüringer Rostbratwurst,6,Meat/Poultry,12,Plutzer Lebensmittelgroßmärkte AG,123.79,10,0.0,1237.9000244140625
10687,1997-09-30,1997,9,1997-09-01,3,Tuesday,HUNGO,Hungry Owl All-Night Grocers,Ireland,Co. Cork,9,Anne Dodsworth,36,Inlagd Sill,8,Seafood,17,Svensk Sjöföda AB,19.0,6,0.25,85.5
10688,1997-10-01,1997,10,1997-10-01,4,Wednesday,VAFFE,Vaffeljernet,Denmark,Sin Región,4,Margaret Peacock,10,Ikura,8,Seafood,4,Tokyo Traders,31.0,18,0.10000000149011612,502.1999816894531
10688,1997-10-01,1997,10,1997-10-01,4,Wednesday,VAFFE,Vaffeljernet,Denmark,Sin Región,4,Margaret Peacock,28,Rössle Sauerkraut,7,Produce,12,Plutzer Lebensmittelgroßmärkte AG,45.6,60,0.10000000149011612,2462.39990234375
10688,1997-10-01,1997,10,1997-10-01,4,Wednesday,VAFFE,Vaffeljernet,Denmark,Sin Región,4,Margaret Peacock,34,Sasquatch Ale,1,Beverages,16,Bigfoot Breweries,14.0,14,0.0,196.0
10689,1997-10-01,1997,10,1997-10-01,4,Wednesday,BERGS,Berglunds snabbköp,Sweden,Sin Región,1,Nancy Davolio,1,Chai,1,Beverages,1,Exotic Liquids,18.0,35,0.25,472.5
10690,1997-10-02,1997,10,1997-10-01,4,Thursday,HANAR,Hanari Carnes,Brazil,RJ,1,Nancy Davolio,56,Gnocchi di nonna Alice,5,Grains/Cereals,26,Pasta Buttini s.r.l.,38.0,20,0.25,570.0
10690,1997-10-02,1997,10,1997-10-01,4,Thursday,HANAR,Hanari Carnes,Brazil,RJ,1,Nancy Davolio,77,Original Frankfurter grüne Soße,2,Condiments,12,Plutzer Lebensmittelgroßmärkte AG,13.0,30,0.25,292.5
10691,1997-10-03,1997,10,1997-10-01,4,Friday,QUICK,QUICK-Stop,Germany,Sin Región,2,Andrew Fuller,1,Chai,1,Beverages,1,Exotic Liquids,18.0,30,0.0,540.0
10691,1997-10-03,1997,10,1997-10-01,4,Friday,QUICK,QUICK-Stop,Germany,Sin Región,2,Andrew Fuller,29,Thüringer Rostbratwurst,6,Meat/Poultry,12,Plutzer Lebensmittelgroßmärkte AG,123.79,40,0.0,4951.60009765625
10691,1997-10-03,1997,10,1997-10-01,4,Friday,QUICK,QUICK-Stop,Germany,Sin Región,2,Andrew Fuller,43,Ipoh Coffee,1,Beverages,20,Leka Trading,46.0,40,0.0,1840.0
10691,1997-10-03,1997,10,1997-10-01,4,Friday,QUICK,QUICK-Stop,Germany,Sin Región,2,Andrew Fuller,44,Gula Malacca,2,Condiments,20,Leka Trading,19.45,24,0.0,466.79998779296875
10691,1997-10-03,1997,10,1997-10-01,4,Friday,QUICK,QUICK-Stop,Germany,Sin Región,2,Andrew Fuller,62,Tarte au sucre,3,Confections,29,Forêts d'érables,49.3,48,0.0,2366.39990234375
10692,1997-10-03,1997,10,1997-10-01,4,Friday,ALFKI,Alfreds Futterkiste,Germany,Sin Región,4,Margaret Peacock,63,Vegie-spread,2,Condiments,7,"Pavlova, Ltd.",43.9,20,0.0,878.0
10693,1997-10-06,1997,10,1997-10-01,4,Monday,WHITC,White Clover Markets,USA,WA,3,Janet Leverling,9,Mishi Kobe Niku,6,Meat/Poultry,4,Tokyo Traders,97.0,6,0.0,582.0
10693,1997-10-06,1997,10,1997-10-01,4,Monday,WHITC,White Clover Markets,USA,WA,3,Janet Leverling,54,Tourtière,6,Meat/Poultry,25,Ma Maison,7.45,60,0.15000000596046448,379.95001220703125
10693,1997-10-06,1997,10,1997-10-01,4,Monday,WHITC,White Clover Markets,USA,WA,3,Janet Leverling,69,Gudbrandsdalsost,4,Dairy Products,15,Norske Meierier,36.0,30,0.15000000596046448,918.0
10693,1997-10-06,1997,10,1997-10-01,4,Monday,WHITC,White Clover Markets,USA,WA,3,Janet Leverling,73,Röd Kaviar,8,Seafood,17,Svensk Sjöföda AB,15.0,15,0.15000000596046448,191.25
10694,1997-10-06,1997,10,1997-10-01,4,Monday,QUICK,QUICK-Stop,Germany,Sin Región,8,Laura Callahan,7,Uncle Bob's Organic Dried Pears,7,Produce,3,Grandma Kelly's Homestead,30.0,90,0.0,2700.0
10694,1997-10-06,1997,10,1997-10-01,4,Monday,QUICK,QUICK-Stop,Germany,Sin Región,8,Laura Callahan,59,Raclette Courdavault,4,Dairy Products,28,Gai pâturage,55.0,25,0.0,1375.0
10694,1997-10-06,1997,10,1997-10-01,4,Monday,QUICK,QUICK-Stop,Germany,Sin Región,8,Laura Callahan,70,Outback Lager,1,Beverages,7,"Pavlova, Ltd.",15.0,50,0.0,750.0
10695,1997-10-07,1997,10,1997-10-01,4,Tuesday,WILMK,Wilman Kala,Finland,Sin Región,7,Robert King,8,Northwoods Cranberry Sauce,2,Condiments,3,Grandma Kelly's Homestead,40.0,10,0.0,400.0
10695,1997-10-07,1997,10,1997-10-01,4,Tuesday,WILMK,Wilman Kala,Finland,Sin Región,7,Robert King,12,Queso Manchego La Pastora,4,Dairy Products,5,Cooperativa de Quesos 'Las Cabras',38.0,4,0.0,152.0
10695,1997-10-07,1997,10,1997-10-01,4,Tuesday,WILMK,Wilman Kala,Finland,Sin Región,7,Robert King,24,Guaraná Fantástica,1,Beverages,10,Refrescos Americanas LTDA,4.5,20,0.0,90.0
10696,1997-10-08,1997,10,1997-10-01,4,Wednesday,WHITC,White Clover Markets,USA,WA,8,Laura Callahan,17,Alice Mutton,6,Meat/Poultry,7,"Pavlova, Ltd.",39.0,20,0.0,780.0
10696,1997-10-08,1997,10,1997-10-01,4,Wednesday,WHITC,White Clover Markets,USA,WA,8,Laura Callahan,46,Spegesild,8,Seafood,21,Lyngbysild,12.0,18,0.0,216.0
10697,1997-10-08,1997,10,1997-10-01,4,Wednesday,LINOD,LINO-Delicateses,Venezuela,Nueva Esparta,3,Janet Leverling,19,Teatime Chocolate Biscuits,3,Confections,8,"Specialty Biscuits, Ltd.",9.2,7,0.25,48.30000305175781
10697,1997-10-08,1997,10,1997-10-01,4,Wednesday,LINOD,LINO-Delicateses,Venezuela,Nueva Esparta,3,Janet Leverling,35,Steeleye Stout,1,Beverages,16,Bigfoot Breweries,18.0,9,0.25,121.5
10697,1997-10-08,1997,10,1997-10-01,4,Wednesday,LINOD,LINO-Delicateses,Venezuela,Nueva Esparta,3,Janet Leverling,58,Escargots de Bourgogne,8,Seafood,27,Escargots Nouveaux,13.25,30,0.25,298.125
10697,1997-10-08,1997,10,1997-10-01,4,Wednesday,LINOD,LINO-Delicateses,Venezuela,Nueva Esparta,3,Janet Leverling,70,Outback Lager,1,Beverages,7,"Pavlova, Ltd.",15.0,30,0.25,337.5
10698,1997-10-09,1997,10,1997-10-01,4,Thursday,ERNSH,Ernst Handel,Austria,Sin Región,4,Margaret Peacock,11,Queso Cabrales,4,Dairy Products,5,Cooperativa de Quesos 'Las Cabras',21.0,15,0.0,315.0
10698,1997-10-09,1997,10,1997-10-01,4,Thursday,ERNSH,Ernst Handel,Austria,Sin Región,4,Margaret Peacock,17,Alice Mutton,6,Meat/Poultry,7,"Pavlova, Ltd.",39.0,8,0.05000000074505806,296.3999938964844
10698,1997-10-09,1997,10,1997-10-01,4,Thursday,ERNSH,Ernst Handel,Austria,Sin Región,4,Margaret Peacock,29,Thüringer Rostbratwurst,6,Meat/Poultry,12,Plutzer Lebensmittelgroßmärkte AG,123.79,12,0.05000000074505806,1411.2059326171875
10698,1997-10-09,1997,10,1997-10-01,4,Thursday,ERNSH,Ernst Handel,Austria,Sin Región,4,Margaret Peacock,65,Louisiana Fiery Hot Pepper Sauce,2,Condiments,2,New Orleans Cajun Delights,21.05,65,0.05000000074505806,1299.8375244140625
10698,1997-10-09,1997,10,1997-10-01,4,Thursday,ERNSH,Ernst Handel,Austria,Sin Región,4,Margaret Peacock,70,Outback Lager,1,Beverages,7,"Pavlova, Ltd.",15.0,8,0.05000000074505806,114.0
10699,1997-10-09,1997,10,1997-10-01,4,Thursday,MORGK,Morgenstern Gesundkost,Germany,Sin Región,3,Janet Leverling,47,Zaanse koeken,3,Confections,22,Zaanse Snoepfabriek,9.5,12,0.0,114.0
10700,1997-10-10,1997,10,1997-10-01,4,Friday,SAVEA,Save-a-lot Markets,USA,ID,3,Janet Leverling,1,Chai,1,Beverages,1,Exotic Liquids,18.0,5,0.20000000298023224,72.0
10700,1997-10-10,1997,10,1997-10-01,4,Friday,SAVEA,Save-a-lot Markets,USA,ID,3,Janet Leverling,34,Sasquatch Ale,1,Beverages,16,Bigfoot Breweries,14.0,12,0.20000000298023224,134.40000915527344
10700,1997-10-10,1997,10,1997-10-01,4,Friday,SAVEA,Save-a-lot Markets,USA,ID,3,Janet Leverling,68,Scottish Longbreads,3,Confections,8,"Specialty Biscuits, Ltd.",12.5,40,0.20000000298023224,400.0
10700,1997-10-10,1997,10,1997-10-01,4,Friday,SAVEA,Save-a-lot Markets,USA,ID,3,Janet Leverling,71,Flotemysost,4,Dairy Products,15,Norske Meierier,21.5,60,0.20000000298023224,1032.0
10701,1997-10-13,1997,10,1997-10-01,4,Monday,HUNGO,Hungry Owl All-Night Grocers,Ireland,Co. Cork,6,Michael Suyama,59,Raclette Courdavault,4,Dairy Products,28,Gai pâturage,55.0,42,0.15000000596046448,1963.5
10701,1997-10-13,1997,10,1997-10-01,4,Monday,HUNGO,Hungry Owl All-Night Grocers,Ireland,Co. Cork,6,Michael Suyama,71,Flotemysost,4,Dairy Products,15,Norske Meierier,21.5,20,0.15000000596046448,365.5
10701,1997-10-13,1997,10,1997-10-01,4,Monday,HUNGO,Hungry Owl All-Night Grocers,Ireland,Co. Cork,6,Michael Suyama,76,Lakkalikööri,1,Beverages,23,Karkki Oy,18.0,35,0.15000000596046448,535.5
10702,1997-10-13,1997,10,1997-10-01,4,Monday,ALFKI,Alfreds Futterkiste,Germany,Sin Región,4,Margaret Peacock,3,Aniseed Syrup,2,Condiments,1,Exotic Liquids,10.0,6,0.0,60.0
10702,1997-10-13,1997,10,1997-10-01,4,Monday,ALFKI,Alfreds Futterkiste,Germany,Sin Región,4,Margaret Peacock,76,Lakkalikööri,1,Beverages,23,Karkki Oy,18.0,15,0.0,270.0
10703,1997-10-14,1997,10,1997-10-01,4,Tuesday,FOLKO,Folk och fä HB,Sweden,Sin Región,6,Michael Suyama,2,Chang,1,Beverages,1,Exotic Liquids,19.0,5,0.0,95.0
10703,1997-10-14,1997,10,1997-10-01,4,Tuesday,FOLKO,Folk och fä HB,Sweden,Sin Región,6,Michael Suyama,59,Raclette Courdavault,4,Dairy Products,28,Gai pâturage,55.0,35,0.0,1925.0
10703,1997-10-14,1997,10,1997-10-01,4,Tuesday,FOLKO,Folk och fä HB,Sweden,Sin Región,6,Michael Suyama,73,Röd Kaviar,8,Seafood,17,Svensk Sjöföda AB,15.0,35,0.0,525.0
10704,1997-10-14,1997,10,1997-10-01,4,Tuesday,QUEEN,Queen Cozinha,Brazil,SP,6,Michael Suyama,4,Chef Anton's Cajun Seasoning,2,Condiments,2,New Orleans Cajun Delights,22.0,6,0.0,132.0
10704,1997-10-14,1997,10,1997-10-01,4,Tuesday,QUEEN,Queen Cozinha,Brazil,SP,6,Michael Suyama,24,Guaraná Fantástica,1,Beverages,10,Refrescos Americanas LTDA,4.5,35,0.0,157.5
10704,1997-10-14,1997,10,1997-10-01,4,Tuesday,QUEEN,Queen Cozinha,Brazil,SP,6,Michael Suyama,48,Chocolade,3,Confections,22,Zaanse Snoepfabriek,12.75,24,0.0,306.0
10705,1997-10-15,1997,10,1997-10-01,4,Wednesday,HILAA,HILARION-Abastos,Venezuela,Táchira,9,Anne Dodsworth,31,Gorgonzola Telino,4,Dairy Products,14,Formaggi Fortini s.r.l.,12.5,20,0.0,250.0
10705,1997-10-15,1997,10,1997-10-01,4,Wednesday,HILAA,HILARION-Abastos,Venezuela,Táchira,9,Anne Dodsworth,32,Mascarpone Fabioli,4,Dairy Products,14,Formaggi Fortini s.r.l.,32.0,4,0.0,128.0
10706,1997-10-16,1997,10,1997-10-01,4,Thursday,OLDWO,Old World Delicatessen,USA,AK,8,Laura Callahan,16,Pavlova,3,Confections,7,"Pavlova, Ltd.",17.45,20,0.0,349.0
10706,1997-10-16,1997,10,1997-10-01,4,Thursday,OLDWO,Old World Delicatessen,USA,AK,8,Laura Callahan,43,Ipoh Coffee,1,Beverages,20,Leka Trading,46.0,24,0.0,1104.0
10706,1997-10-16,1997,10,1997-10-01,4,Thursday,OLDWO,Old World Delicatessen,USA,AK,8,Laura Callahan,59,Raclette Courdavault,4,Dairy Products,28,Gai pâturage,55.0,8,0.0,440.0
10707,1997-10-16,1997,10,1997-10-01,4,Thursday,AROUT,Around the Horn,UK,Sin Región,4,Margaret Peacock,55,Pâté chinois,6,Meat/Poultry,25,Ma Maison,24.0,21,0.0,504.0
10707,1997-10-16,1997,10,1997-10-01,4,Thursday,AROUT,Around the Horn,UK,Sin Región,4,Margaret Peacock,57,Ravioli Angelo,5,Grains/Cereals,26,Pasta Buttini s.r.l.,19.5,40,0.0,780.0
10707,1997-10-16,1997,10,1997-10-01,4,Thursday,AROUT,Around the Horn,UK,Sin Región,4,Margaret Peacock,70,Outback Lager,1,Beverages,7,"Pavlova, Ltd.",15.0,28,0.15000000596046448,357.0
10708,1997-10-17,1997,10,1997-10-01,4,Friday,THEBI,The Big Cheese,USA,OR,6,Michael Suyama,5,Chef Anton's Gumbo Mix,2,Condiments,2,New Orleans Cajun Delights,21.35,4,0.0,85.4000015258789
10708,1997-10-17,1997,10,1997-10-01,4,Friday,THEBI,The Big Cheese,USA,OR,6,Michael Suyama,36,Inlagd Sill,8,Seafood,17,Svensk Sjöföda AB,19.0,5,0.0,95.0
10709,1997-10-17,1997,10,1997-10-01,4,Friday,GOURL,Gourmet Lanchonetes,Brazil,SP,1,Nancy Davolio,8,Northwoods Cranberry Sauce,2,Condiments,3,Grandma Kelly's Homestead,40.0,40,0.0,1600.0
10709,1997-10-17,1997,10,1997-10-01,4,Friday,GOURL,Gourmet Lanchonetes,Brazil,SP,1,Nancy Davolio,51,Manjimup Dried Apples,7,Produce,24,"G'day, Mate",53.0,28,0.0,1484.0
10709,1997-10-17,1997,10,1997-10-01,4,Friday,GOURL,Gourmet Lanchonetes,Brazil,SP,1,Nancy Davolio,60,Camembert Pierrot,4,Dairy Products,28,Gai pâturage,34.0,10,0.0,340.0
10710,1997-10-20,1997,10,1997-10-01,4,Monday,FRANS,Franchi S.p.A.,Italy,Sin Región,1,Nancy Davolio,19,Teatime Chocolate Biscuits,3,Confections,8,"Specialty Biscuits, Ltd.",9.2,5,0.0,46.0
10710,1997-10-20,1997,10,1997-10-01,4,Monday,FRANS,Franchi S.p.A.,Italy,Sin Región,1,Nancy Davolio,47,Zaanse koeken,3,Confections,22,Zaanse Snoepfabriek,9.5,5,0.0,47.5
10711,1997-10-21,1997,10,1997-10-01,4,Tuesday,SAVEA,Save-a-lot Markets,USA,ID,5,Steven Buchanan,19,Teatime Chocolate Biscuits,3,Confections,8,"Specialty Biscuits, Ltd.",9.2,12,0.0,110.4000015258789
10711,1997-10-21,1997,10,1997-10-01,4,Tuesday,SAVEA,Save-a-lot Markets,USA,ID,5,Steven Buchanan,41,Jack's New England Clam Chowder,8,Seafood,19,New England Seafood Cannery,9.65,42,0.0,405.29998779296875
10711,1997-10-21,1997,10,1997-10-01,4,Tuesday,SAVEA,Save-a-lot Markets,USA,ID,5,Steven Buchanan,53,Perth Pasties,6,Meat/Poultry,24,"G'day, Mate",32.8,120,0.0,3936.0
10712,1997-10-21,1997,10,1997-10-01,4,Tuesday,HUNGO,Hungry Owl All-Night Grocers,Ireland,Co. Cork,3,Janet Leverling,53,Perth Pasties,6,Meat/Poultry,24,"G'day, Mate",32.8,3,0.05000000074505806,93.4800033569336
10712,1997-10-21,1997,10,1997-10-01,4,Tuesday,HUNGO,Hungry Owl All-Night Grocers,Ireland,Co. Cork,3,Janet Leverling,56,Gnocchi di nonna Alice,5,Grains/Cereals,26,Pasta Buttini s.r.l.,38.0,30,0.0,1140.0
10713,1997-10-22,1997,10,1997-10-01,4,Wednesday,SAVEA,Save-a-lot Markets,USA,ID,1,Nancy Davolio,10,Ikura,8,Seafood,4,Tokyo Traders,31.0,18,0.0,558.0
10713,1997-10-22,1997,10,1997-10-01,4,Wednesday,SAVEA,Save-a-lot Markets,USA,ID,1,Nancy Davolio,26,Gumbär Gummibärchen,3,Confections,11,Heli Süßwaren GmbH & Co. KG,31.23,30,0.0,936.9000244140625
10713,1997-10-22,1997,10,1997-10-01,4,Wednesday,SAVEA,Save-a-lot Markets,USA,ID,1,Nancy Davolio,45,Rogede sild,8,Seafood,21,Lyngbysild,9.5,110,0.0,1045.0
10713,1997-10-22,1997,10,1997-10-01,4,Wednesday,SAVEA,Save-a-lot Markets,USA,ID,1,Nancy Davolio,46,Spegesild,8,Seafood,21,Lyngbysild,12.0,24,0.0,288.0
10714,1997-10-22,1997,10,1997-10-01,4,Wednesday,SAVEA,Save-a-lot Markets,USA,ID,5,Steven Buchanan,2,Chang,1,Beverages,1,Exotic Liquids,19.0,30,0.25,427.5
10714,1997-10-22,1997,10,1997-10-01,4,Wednesday,SAVEA,Save-a-lot Markets,USA,ID,5,Steven Buchanan,17,Alice Mutton,6,Meat/Poultry,7,"Pavlova, Ltd.",39.0,27,0.25,789.75
10714,1997-10-22,1997,10,1997-10-01,4,Wednesday,SAVEA,Save-a-lot Markets,USA,ID,5,Steven Buchanan,47,Zaanse koeken,3,Confections,22,Zaanse Snoepfabriek,9.5,50,0.25,356.25
10714,1997-10-22,1997,10,1997-10-01,4,Wednesday,SAVEA,Save-a-lot Markets,USA,ID,5,Steven Buchanan,56,Gnocchi di nonna Alice,5,Grains/Cereals,26,Pasta Buttini s.r.l.,38.0,18,0.25,513.0
10714,1997-10-22,1997,10,1997-10-01,4,Wednesday,SAVEA,Save-a-lot Markets,USA,ID,5,Steven Buchanan,58,Escargots de Bourgogne,8,Seafood,27,Escargots Nouveaux,13.25,12,0.25,119.25
10715,1997-10-23,1997,10,1997-10-01,4,Thursday,BONAP,Bon app',France,Sin Región,3,Janet Leverling,10,Ikura,8,Seafood,4,Tokyo Traders,31.0,21,0.0,651.0
10715,1997-10-23,1997,10,1997-10-01,4,Thursday,BONAP,Bon app',France,Sin Región,3,Janet Leverling,71,Flotemysost,4,Dairy Products,15,Norske Meierier,21.5,30,0.0,645.0
10716,1997-10-24,1997,10,1997-10-01,4,Friday,RANCH,Rancho grande,Argentina,Sin Región,4,Margaret Peacock,21,Sir Rodney's Scones,3,Confections,8,"Specialty Biscuits, Ltd.",10.0,5,0.0,50.0
10716,1997-10-24,1997,10,1997-10-01,4,Friday,RANCH,Rancho grande,Argentina,Sin Región,4,Margaret Peacock,51,Manjimup Dried Apples,7,Produce,24,"G'day, Mate",53.0,7,0.0,371.0
10716,1997-10-24,1997,10,1997-10-01,4,Friday,RANCH,Rancho grande,Argentina,Sin Región,4,Margaret Peacock,61,Sirop d'érable,2,Condiments,29,Forêts d'érables,28.5,10,0.0,285.0
10717,1997-10-24,1997,10,1997-10-01,4,Friday,FRANK,Frankenversand,Germany,Sin Región,1,Nancy Davolio,21,Sir Rodney's Scones,3,Confections,8,"Specialty Biscuits, Ltd.",10.0,32,0.05000000074505806,304.0
10717,1997-10-24,1997,10,1997-10-01,4,Friday,FRANK,Frankenversand,Germany,Sin Región,1,Nancy Davolio,54,Tourtière,6,Meat/Poultry,25,Ma Maison,7.45,15,0.0,111.75
10717,1997-10-24,1997,10,1997-10-01,4,Friday,FRANK,Frankenversand,Germany,Sin Región,1,Nancy Davolio,69,Gudbrandsdalsost,4,Dairy Products,15,Norske Meierier,36.0,25,0.05000000074505806,855.0
10718,1997-10-27,1997,10,1997-10-01,4,Monday,KOENE,Königlich Essen,Germany,Sin Región,1,Nancy Davolio,12,Queso Manchego La Pastora,4,Dairy Products,5,Cooperativa de Quesos 'Las Cabras',38.0,36,0.0,1368.0
10718,1997-10-27,1997,10,1997-10-01,4,Monday,KOENE,Königlich Essen,Germany,Sin Región,1,Nancy Davolio,16,Pavlova,3,Confections,7,"Pavlova, Ltd.",17.45,20,0.0,349.0
10718,1997-10-27,1997,10,1997-10-01,4,Monday,KOENE,Königlich Essen,Germany,Sin Región,1,Nancy Davolio,36,Inlagd Sill,8,Seafood,17,Svensk Sjöföda AB,19.0,40,0.0,760.0
10718,1997-10-27,1997,10,1997-10-01,4,Monday,KOENE,Königlich Essen,Germany,Sin Región,1,Nancy Davolio,62,Tarte au sucre,3,Confections,29,Forêts d'érables,49.3,20,0.0,986.0
10719,1997-10-27,1997,10,1997-10-01,4,Monday,LETSS,Let's Stop N Shop,USA,CA,8,Laura Callahan,18,Carnarvon Tigers,8,Seafood,7,"Pavlova, Ltd.",62.5,12,0.25,562.5
10719,1997-10-27,1997,10,1997-10-01,4,Monday,LETSS,Let's Stop N Shop,USA,CA,8,Laura Callahan,30,Nord-Ost Matjeshering,8,Seafood,13,Nord-Ost-Fisch Handelsgesellschaft mbH,25.89,3,0.25,58.252498626708984
10719,1997-10-27,1997,10,1997-10-01,4,Monday,LETSS,Let's Stop N Shop,USA,CA,8,Laura Callahan,54,Tourtière,6,Meat/Poultry,25,Ma Maison,7.45,40,0.25,223.5
10720,1997-10-28,1997,10,1997-10-01,4,Tuesday,QUEDE,Que Delícia,Brazil,RJ,8,Laura Callahan,35,Steeleye Stout,1,Beverages,16,Bigfoot Breweries,18.0,21,0.0,378.0
10720,1997-10-28,1997,10,1997-10-01,4,Tuesday,QUEDE,Que Delícia,Brazil,RJ,8,Laura Callahan,71,Flotemysost,4,Dairy Products,15,Norske Meierier,21.5,8,0.0,172.0
10721,1997-10-29,1997,10,1997-10-01,4,Wednesday,QUICK,QUICK-Stop,Germany,Sin Región,5,Steven Buchanan,44,Gula Malacca,2,Condiments,20,Leka Trading,19.45,50,0.05000000074505806,923.875
10722,1997-10-29,1997,10,1997-10-01,4,Wednesday,SAVEA,Save-a-lot Markets,USA,ID,8,Laura Callahan,2,Chang,1,Beverages,1,Exotic Liquids,19.0,3,0.0,57.0
10722,1997-10-29,1997,10,1997-10-01,4,Wednesday,SAVEA,Save-a-lot Markets,USA,ID,8,Laura Callahan,31,Gorgonzola Telino,4,Dairy Products,14,Formaggi Fortini s.r.l.,12.5,50,0.0,625.0
10722,1997-10-29,1997,10,1997-10-01,4,Wednesday,SAVEA,Save-a-lot Markets,USA,ID,8,Laura Callahan,68,Scottish Longbreads,3,Confections,8,"Specialty Biscuits, Ltd.",12.5,45,0.0,562.5
10722,1997-10-29,1997,10,1997-10-01,4,Wednesday,SAVEA,Save-a-lot Markets,USA,ID,8,Laura Callahan,75,Rhönbräu Klosterbier,1,Beverages,12,Plutzer Lebensmittelgroßmärkte AG,7.75,42,0.0,325.5
10723,1997-10-30,1997,10,1997-10-01,4,Thursday,WHITC,White Clover Markets,USA,WA,3,Janet Leverling,26,Gumbär Gummibärchen,3,Confections,11,Heli Süßwaren GmbH & Co. KG,31.23,15,0.0,468.45001220703125
10724,1997-10-30,1997,10,1997-10-01,4,Thursday,MEREP,Mère Paillarde,Canada,Québec,8,Laura Callahan,10,Ikura,8,Seafood,4,Tokyo Traders,31.0,16,0.0,496.0
10724,1997-10-30,1997,10,1997-10-01,4,Thursday,MEREP,Mère Paillarde,Canada,Québec,8,Laura Callahan,61,Sirop d'érable,2,Condiments,29,Forêts d'érables,28.5,5,0.0,142.5
10725,1997-10-31,1997,10,1997-10-01,4,Friday,FAMIA,Familia Arquibaldo,Brazil,SP,4,Margaret Peacock,41,Jack's New England Clam Chowder,8,Seafood,19,New England Seafood Cannery,9.65,12,0.0,115.80000305175781
10725,1997-10-31,1997,10,1997-10-01,4,Friday,FAMIA,Familia Arquibaldo,Brazil,SP,4,Margaret Peacock,52,Filo Mix,5,Grains/Cereals,24,"G'day, Mate",7.0,4,0.0,28.0
10725,1997-10-31,1997,10,1997-10-01,4,Friday,FAMIA,Familia Arquibaldo,Brazil,SP,4,Margaret Peacock,55,Pâté chinois,6,Meat/Poultry,25,Ma Maison,24.0,6,0.0,144.0
10726,1997-11-03,1997,11,1997-11-01,4,Monday,EASTC,Eastern Connection,UK,Sin Región,4,Margaret Peacock,4,Chef Anton's Cajun Seasoning,2,Condiments,2,New Orleans Cajun Delights,22.0,25,0.0,550.0
10726,1997-11-03,1997,11,1997-11-01,4,Monday,EASTC,Eastern Connection,UK,Sin Región,4,Margaret Peacock,11,Queso Cabrales,4,Dairy Products,5,Cooperativa de Quesos 'Las Cabras',21.0,5,0.0,105.0
10727,1997-11-03,1997,11,1997-11-01,4,Monday,REGGC,Reggiani Caseifici,Italy,Sin Región,2,Andrew Fuller,17,Alice Mutton,6,Meat/Poultry,7,"Pavlova, Ltd.",39.0,20,0.05000000074505806,741.0
10727,1997-11-03,1997,11,1997-11-01,4,Monday,REGGC,Reggiani Caseifici,Italy,Sin Región,2,Andrew Fuller,56,Gnocchi di nonna Alice,5,Grains/Cereals,26,Pasta Buttini s.r.l.,38.0,10,0.05000000074505806,361.0
10727,1997-11-03,1997,11,1997-11-01,4,Monday,REGGC,Reggiani Caseifici,Italy,Sin Región,2,Andrew Fuller,59,Raclette Courdavault,4,Dairy Products,28,Gai pâturage,55.0,10,0.05000000074505806,522.5
10728,1997-11-04,1997,11,1997-11-01,4,Tuesday,QUEEN,Queen Cozinha,Brazil,SP,4,Margaret Peacock,30,Nord-Ost Matjeshering,8,Seafood,13,Nord-Ost-Fisch Handelsgesellschaft mbH,25.89,15,0.0,388.3500061035156
10728,1997-11-04,1997,11,1997-11-01,4,Tuesday,QUEEN,Queen Cozinha,Brazil,SP,4,Margaret Peacock,40,Boston Crab Meat,8,Seafood,19,New England Seafood Cannery,18.4,6,0.0,110.4000015258789
10728,1997-11-04,1997,11,1997-11-01,4,Tuesday,QUEEN,Queen Cozinha,Brazil,SP,4,Margaret Peacock,55,Pâté chinois,6,Meat/Poultry,25,Ma Maison,24.0,12,0.0,288.0
10728,1997-11-04,1997,11,1997-11-01,4,Tuesday,QUEEN,Queen Cozinha,Brazil,SP,4,Margaret Peacock,60,Camembert Pierrot,4,Dairy Products,28,Gai pâturage,34.0,15,0.0,510.0
10729,1997-11-04,1997,11,1997-11-01,4,Tuesday,LINOD,LINO-Delicateses,Venezuela,Nueva Esparta,8,Laura Callahan,1,Chai,1,Beverages,1,Exotic Liquids,18.0,50,0.0,900.0
10729,1997-11-04,1997,11,1997-11-01,4,Tuesday,LINOD,LINO-Delicateses,Venezuela,Nueva Esparta,8,Laura Callahan,21,Sir Rodney's Scones,3,Confections,8,"Specialty Biscuits, Ltd.",10.0,30,0.0,300.0
10729,1997-11-04,1997,11,1997-11-01,4,Tuesday,LINOD,LINO-Delicateses,Venezuela,Nueva Esparta,8,Laura Callahan,50,Valkoinen suklaa,3,Confections,23,Karkki Oy,16.25,40,0.0,650.0
10730,1997-11-05,1997,11,1997-11-01,4,Wednesday,BONAP,Bon app',France,Sin Región,5,Steven Buchanan,16,Pavlova,3,Confections,7,"Pavlova, Ltd.",17.45,15,0.05000000074505806,248.66249084472656
10730,1997-11-05,1997,11,1997-11-01,4,Wednesday,BONAP,Bon app',France,Sin Región,5,Steven Buchanan,31,Gorgonzola Telino,4,Dairy Products,14,Formaggi Fortini s.r.l.,12.5,3,0.05000000074505806,35.625
10730,1997-11-05,1997,11,1997-11-01,4,Wednesday,BONAP,Bon app',France,Sin Región,5,Steven Buchanan,65,Louisiana Fiery Hot Pepper Sauce,2,Condiments,2,New Orleans Cajun Delights,21.05,10,0.05000000074505806,199.97499084472656
10731,1997-11-06,1997,11,1997-11-01,4,Thursday,CHOPS,Chop-suey Chinese,Switzerland,Sin Región,7,Robert King,21,Sir Rodney's Scones,3,Confections,8,"Specialty Biscuits, Ltd.",10.0,40,0.05000000074505806,380.0
10731,1997-11-06,1997,11,1997-11-01,4,Thursday,CHOPS,Chop-suey Chinese,Switzerland,Sin Región,7,Robert King,51,Manjimup Dried Apples,7,Produce,24,"G'day, Mate",53.0,30,0.05000000074505806,1510.5
10732,1997-11-06,1997,11,1997-11-01,4,Thursday,BONAP,Bon app',France,Sin Región,3,Janet Leverling,76,Lakkalikööri,1,Beverages,23,Karkki Oy,18.0,20,0.0,360.0
10733,1997-11-07,1997,11,1997-11-01,4,Friday,BERGS,Berglunds snabbköp,Sweden,Sin Región,1,Nancy Davolio,14,Tofu,7,Produce,6,Mayumi's,23.25,16,0.0,372.0
10733,1997-11-07,1997,11,1997-11-01,4,Friday,BERGS,Berglunds snabbköp,Sweden,Sin Región,1,Nancy Davolio,28,Rössle Sauerkraut,7,Produce,12,Plutzer Lebensmittelgroßmärkte AG,45.6,20,0.0,912.0
10733,1997-11-07,1997,11,1997-11-01,4,Friday,BERGS,Berglunds snabbköp,Sweden,Sin Región,1,Nancy Davolio,52,Filo Mix,5,Grains/Cereals,24,"G'day, Mate",7.0,25,0.0,175.0
10734,1997-11-07,1997,11,1997-11-01,4,Friday,GOURL,Gourmet Lanchonetes,Brazil,SP,2,Andrew Fuller,6,Grandma's Boysenberry Spread,2,Condiments,3,Grandma Kelly's Homestead,25.0,30,0.0,750.0
10734,1997-11-07,1997,11,1997-11-01,4,Friday,GOURL,Gourmet Lanchonetes,Brazil,SP,2,Andrew Fuller,30,Nord-Ost Matjeshering,8,Seafood,13,Nord-Ost-Fisch Handelsgesellschaft mbH,25.89,15,0.0,388.3500061035156
10734,1997-11-07,1997,11,1997-11-01,4,Friday,GOURL,Gourmet Lanchonetes,Brazil,SP,2,Andrew Fuller,76,Lakkalikööri,1,Beverages,23,Karkki Oy,18.0,20,0.0,360.0
10735,1997-11-10,1997,11,1997-11-01,4,Monday,LETSS,Let's Stop N Shop,USA,CA,6,Michael Suyama,61,Sirop d'érable,2,Condiments,29,Forêts d'érables,28.5,20,0.10000000149011612,513.0
10735,1997-11-10,1997,11,1997-11-01,4,Monday,LETSS,Let's Stop N Shop,USA,CA,6,Michael Suyama,77,Original Frankfurter grüne Soße,2,Condiments,12,Plutzer Lebensmittelgroßmärkte AG,13.0,2,0.10000000149011612,23.399999618530273
10736,1997-11-11,1997,11,1997-11-01,4,Tuesday,HUNGO,Hungry Owl All-Night Grocers,Ireland,Co. Cork,9,Anne Dodsworth,65,Louisiana Fiery Hot Pepper Sauce,2,Condiments,2,New Orleans Cajun Delights,21.05,40,0.0,842.0
10736,1997-11-11,1997,11,1997-11-01,4,Tuesday,HUNGO,Hungry Owl All-Night Grocers,Ireland,Co. Cork,9,Anne Dodsworth,75,Rhönbräu Klosterbier,1,Beverages,12,Plutzer Lebensmittelgroßmärkte AG,7.75,20,0.0,155.0
10737,1997-11-11,1997,11,1997-11-01,4,Tuesday,VINET,Vins et alcools Chevalier,France,Sin Región,2,Andrew Fuller,13,Konbu,8,Seafood,6,Mayumi's,6.0,4,0.0,24.0
10737,1997-11-11,1997,11,1997-11-01,4,Tuesday,VINET,Vins et alcools Chevalier,France,Sin Región,2,Andrew Fuller,41,Jack's New England Clam Chowder,8,Seafood,19,New England Seafood Cannery,9.65,12,0.0,115.80000305175781
10738,1997-11-12,1997,11,1997-11-01,4,Wednesday,SPECD,Spécialités du monde,France,Sin Región,2,Andrew Fuller,16,Pavlova,3,Confections,7,"Pavlova, Ltd.",17.45,3,0.0,52.349998474121094
10739,1997-11-12,1997,11,1997-11-01,4,Wednesday,VINET,Vins et alcools Chevalier,France,Sin Región,3,Janet Leverling,36,Inlagd Sill,8,Seafood,17,Svensk Sjöföda AB,19.0,6,0.0,114.0
10739,1997-11-12,1997,11,1997-11-01,4,Wednesday,VINET,Vins et alcools Chevalier,France,Sin Región,3,Janet Leverling,52,Filo Mix,5,Grains/Cereals,24,"G'day, Mate",7.0,18,0.0,126.0
10740,1997-11-13,1997,11,1997-11-01,4,Thursday,WHITC,White Clover Markets,USA,WA,4,Margaret Peacock,28,Rössle Sauerkraut,7,Produce,12,Plutzer Lebensmittelgroßmärkte AG,45.6,5,0.20000000298023224,182.40000915527344
10740,1997-11-13,1997,11,1997-11-01,4,Thursday,WHITC,White Clover Markets,USA,WA,4,Margaret Peacock,35,Steeleye Stout,1,Beverages,16,Bigfoot Breweries,18.0,35,0.20000000298023224,504.0
10740,1997-11-13,1997,11,1997-11-01,4,Thursday,WHITC,White Clover Markets,USA,WA,4,Margaret Peacock,45,Rogede sild,8,Seafood,21,Lyngbysild,9.5,40,0.20000000298023224,304.0
10740,1997-11-13,1997,11,1997-11-01,4,Thursday,WHITC,White Clover Markets,USA,WA,4,Margaret Peacock,56,Gnocchi di nonna Alice,5,Grains/Cereals,26,Pasta Buttini s.r.l.,38.0,14,0.20000000298023224,425.6000061035156
10741,1997-11-14,1997,11,1997-11-01,4,Friday,AROUT,Around the Horn,UK,Sin Región,4,Margaret Peacock,2,Chang,1,Beverages,1,Exotic Liquids,19.0,15,0.20000000298023224,228.0
10742,1997-11-14,1997,11,1997-11-01,4,Friday,BOTTM,Bottom-Dollar Markets,Canada,BC,3,Janet Leverling,3,Aniseed Syrup,2,Condiments,1,Exotic Liquids,10.0,20,0.0,200.0
10742,1997-11-14,1997,11,1997-11-01,4,Friday,BOTTM,Bottom-Dollar Markets,Canada,BC,3,Janet Leverling,60,Camembert Pierrot,4,Dairy Products,28,Gai pâturage,34.0,50,0.0,1700.0
10742,1997-11-14,1997,11,1997-11-01,4,Friday,BOTTM,Bottom-Dollar Markets,Canada,BC,3,Janet Leverling,72,Mozzarella di Giovanni,4,Dairy Products,14,Formaggi Fortini s.r.l.,34.8,35,0.0,1218.0
10743,1997-11-17,1997,11,1997-11-01,4,Monday,AROUT,Around the Horn,UK,Sin Región,1,Nancy Davolio,46,Spegesild,8,Seafood,21,Lyngbysild,12.0,28,0.05000000074505806,319.1999816894531
10744,1997-11-17,1997,11,1997-11-01,4,Monday,VAFFE,Vaffeljernet,Denmark,Sin Región,6,Michael Suyama,40,Boston Crab Meat,8,Seafood,19,New England Seafood Cannery,18.4,50,0.20000000298023224,736.0
10745,1997-11-18,1997,11,1997-11-01,4,Tuesday,QUICK,QUICK-Stop,Germany,Sin Región,9,Anne Dodsworth,18,Carnarvon Tigers,8,Seafood,7,"Pavlova, Ltd.",62.5,24,0.0,1500.0
10745,1997-11-18,1997,11,1997-11-01,4,Tuesday,QUICK,QUICK-Stop,Germany,Sin Región,9,Anne Dodsworth,44,Gula Malacca,2,Condiments,20,Leka Trading,19.45,16,0.0,311.20001220703125
10745,1997-11-18,1997,11,1997-11-01,4,Tuesday,QUICK,QUICK-Stop,Germany,Sin Región,9,Anne Dodsworth,59,Raclette Courdavault,4,Dairy Products,28,Gai pâturage,55.0,45,0.0,2475.0
10745,1997-11-18,1997,11,1997-11-01,4,Tuesday,QUICK,QUICK-Stop,Germany,Sin Región,9,Anne Dodsworth,72,Mozzarella di Giovanni,4,Dairy Products,14,Formaggi Fortini s.r.l.,34.8,7,0.0,243.60000610351562
10746,1997-11-19,1997,11,1997-11-01,4,Wednesday,CHOPS,Chop-suey Chinese,Switzerland,Sin Región,1,Nancy Davolio,13,Konbu,8,Seafood,6,Mayumi's,6.0,6,0.0,36.0
10746,1997-11-19,1997,11,1997-11-01,4,Wednesday,CHOPS,Chop-suey Chinese,Switzerland,Sin Región,1,Nancy Davolio,42,Singaporean Hokkien Fried Mee,5,Grains/Cereals,20,Leka Trading,14.0,28,0.0,392.0
10746,1997-11-19,1997,11,1997-11-01,4,Wednesday,CHOPS,Chop-suey Chinese,Switzerland,Sin Región,1,Nancy Davolio,62,Tarte au sucre,3,Confections,29,Forêts d'érables,49.3,9,0.0,443.70001220703125
10746,1997-11-19,1997,11,1997-11-01,4,Wednesday,CHOPS,Chop-suey Chinese,Switzerland,Sin Región,1,Nancy Davolio,69,Gudbrandsdalsost,4,Dairy Products,15,Norske Meierier,36.0,40,0.0,1440.0
10747,1997-11-19,1997,11,1997-11-01,4,Wednesday,PICCO,Piccolo und mehr,Austria,Sin Región,6,Michael Suyama,31,Gorgonzola Telino,4,Dairy Products,14,Formaggi Fortini s.r.l.,12.5,8,0.0,100.0
10747,1997-11-19,1997,11,1997-11-01,4,Wednesday,PICCO,Piccolo und mehr,Austria,Sin Región,6,Michael Suyama,41,Jack's New England Clam Chowder,8,Seafood,19,New England Seafood Cannery,9.65,35,0.0,337.75
10747,1997-11-19,1997,11,1997-11-01,4,Wednesday,PICCO,Piccolo und mehr,Austria,Sin Región,6,Michael Suyama,63,Vegie-spread,2,Condiments,7,"Pavlova, Ltd.",43.9,9,0.0,395.1000061035156
10747,1997-11-19,1997,11,1997-11-01,4,Wednesday,PICCO,Piccolo und mehr,Austria,Sin Región,6,Michael Suyama,69,Gudbrandsdalsost,4,Dairy Products,15,Norske Meierier,36.0,30,0.0,1080.0
10748,1997-11-20,1997,11,1997-11-01,4,Thursday,SAVEA,Save-a-lot Markets,USA,ID,3,Janet Leverling,23,Tunnbröd,5,Grains/Cereals,9,PB Knäckebröd AB,9.0,44,0.0,396.0
10748,1997-11-20,1997,11,1997-11-01,4,Thursday,SAVEA,Save-a-lot Markets,USA,ID,3,Janet Leverling,40,Boston Crab Meat,8,Seafood,19,New England Seafood Cannery,18.4,40,0.0,736.0
10748,1997-11-20,1997,11,1997-11-01,4,Thursday,SAVEA,Save-a-lot Markets,USA,ID,3,Janet Leverling,56,Gnocchi di nonna Alice,5,Grains/Cereals,26,Pasta Buttini s.r.l.,38.0,28,0.0,1064.0
10749,1997-11-20,1997,11,1997-11-01,4,Thursday,ISLAT,Island Trading,UK,Isle of Wight,4,Margaret Peacock,56,Gnocchi di nonna Alice,5,Grains/Cereals,26,Pasta Buttini s.r.l.,38.0,15,0.0,570.0
10749,1997-11-20,1997,11,1997-11-01,4,Thursday,ISLAT,Island Trading,UK,Isle of Wight,4,Margaret Peacock,59,Raclette Courdavault,4,Dairy Products,28,Gai pâturage,55.0,6,0.0,330.0
10749,1997-11-20,1997,11,1997-11-01,4,Thursday,ISLAT,Island Trading,UK,Isle of Wight,4,Margaret Peacock,76,Lakkalikööri,1,Beverages,23,Karkki Oy,18.0,10,0.0,180.0
10750,1997-11-21,1997,11,1997-11-01,4,Friday,WARTH,Wartian Herkku,Finland,Sin Región,9,Anne Dodsworth,14,Tofu,7,Produce,6,Mayumi's,23.25,5,0.15000000596046448,98.8125
10750,1997-11-21,1997,11,1997-11-01,4,Friday,WARTH,Wartian Herkku,Finland,Sin Región,9,Anne Dodsworth,45,Rogede sild,8,Seafood,21,Lyngbysild,9.5,40,0.15000000596046448,323.0
10750,1997-11-21,1997,11,1997-11-01,4,Friday,WARTH,Wartian Herkku,Finland,Sin Región,9,Anne Dodsworth,59,Raclette Courdavault,4,Dairy Products,28,Gai pâturage,55.0,25,0.15000000596046448,1168.75
10751,1997-11-24,1997,11,1997-11-01,4,Monday,RICSU,Richter Supermarkt,Switzerland,Sin Región,3,Janet Leverling,26,Gumbär Gummibärchen,3,Confections,11,Heli Süßwaren GmbH & Co. KG,31.23,12,0.10000000149011612,337.28399658203125
10751,1997-11-24,1997,11,1997-11-01,4,Monday,RICSU,Richter Supermarkt,Switzerland,Sin Región,3,Janet Leverling,30,Nord-Ost Matjeshering,8,Seafood,13,Nord-Ost-Fisch Handelsgesellschaft mbH,25.89,30,0.0,776.7000122070312
10751,1997-11-24,1997,11,1997-11-01,4,Monday,RICSU,Richter Supermarkt,Switzerland,Sin Región,3,Janet Leverling,50,Valkoinen suklaa,3,Confections,23,Karkki Oy,16.25,20,0.10000000149011612,292.5
10751,1997-11-24,1997,11,1997-11-01,4,Monday,RICSU,Richter Supermarkt,Switzerland,Sin Región,3,Janet Leverling,73,Röd Kaviar,8,Seafood,17,Svensk Sjöföda AB,15.0,15,0.0,225.0
10752,1997-11-24,1997,11,1997-11-01,4,Monday,NORTS,North/South,UK,Sin Región,2,Andrew Fuller,1,Chai,1,Beverages,1,Exotic Liquids,18.0,8,0.0,144.0
10752,1997-11-24,1997,11,1997-11-01,4,Monday,NORTS,North/South,UK,Sin Región,2,Andrew Fuller,69,Gudbrandsdalsost,4,Dairy Products,15,Norske Meierier,36.0,3,0.0,108.0
10753,1997-11-25,1997,11,1997-11-01,4,Tuesday,FRANS,Franchi S.p.A.,Italy,Sin Región,3,Janet Leverling,45,Rogede sild,8,Seafood,21,Lyngbysild,9.5,4,0.0,38.0
10753,1997-11-25,1997,11,1997-11-01,4,Tuesday,FRANS,Franchi S.p.A.,Italy,Sin Región,3,Janet Leverling,74,Longlife Tofu,7,Produce,4,Tokyo Traders,10.0,5,0.0,50.0
10754,1997-11-25,1997,11,1997-11-01,4,Tuesday,MAGAA,Magazzini Alimentari Riuniti,Italy,Sin Región,6,Michael Suyama,40,Boston Crab Meat,8,Seafood,19,New England Seafood Cannery,18.4,3,0.0,55.20000076293945
10755,1997-11-26,1997,11,1997-11-01,4,Wednesday,BONAP,Bon app',France,Sin Región,4,Margaret Peacock,47,Zaanse koeken,3,Confections,22,Zaanse Snoepfabriek,9.5,30,0.25,213.75
10755,1997-11-26,1997,11,1997-11-01,4,Wednesday,BONAP,Bon app',France,Sin Región,4,Margaret Peacock,56,Gnocchi di nonna Alice,5,Grains/Cereals,26,Pasta Buttini s.r.l.,38.0,30,0.25,855.0
10755,1997-11-26,1997,11,1997-11-01,4,Wednesday,BONAP,Bon app',France,Sin Región,4,Margaret Peacock,57,Ravioli Angelo,5,Grains/Cereals,26,Pasta Buttini s.r.l.,19.5,14,0.25,204.75
10755,1997-11-26,1997,11,1997-11-01,4,Wednesday,BONAP,Bon app',France,Sin Región,4,Margaret Peacock,69,Gudbrandsdalsost,4,Dairy Products,15,Norske Meierier,36.0,25,0.25,675.0
10756,1997-11-27,1997,11,1997-11-01,4,Thursday,SPLIR,Split Rail Beer & Ale,USA,WY,8,Laura Callahan,18,Carnarvon Tigers,8,Seafood,7,"Pavlova, Ltd.",62.5,21,0.20000000298023224,1050.0
10756,1997-11-27,1997,11,1997-11-01,4,Thursday,SPLIR,Split Rail Beer & Ale,USA,WY,8,Laura Callahan,36,Inlagd Sill,8,Seafood,17,Svensk Sjöföda AB,19.0,20,0.20000000298023224,304.0
10756,1997-11-27,1997,11,1997-11-01,4,Thursday,SPLIR,Split Rail Beer & Ale,USA,WY,8,Laura Callahan,68,Scottish Longbreads,3,Confections,8,"Specialty Biscuits, Ltd.",12.5,6,0.20000000298023224,60.0
10756,1997-11-27,1997,11,1997-11-01,4,Thursday,SPLIR,Split Rail Beer & Ale,USA,WY,8,Laura Callahan,69,Gudbrandsdalsost,4,Dairy Products,15,Norske Meierier,36.0,20,0.20000000298023224,576.0
10757,1997-11-27,1997,11,1997-11-01,4,Thursday,SAVEA,Save-a-lot Markets,USA,ID,6,Michael Suyama,34,Sasquatch Ale,1,Beverages,16,Bigfoot Breweries,14.0,30,0.0,420.0
10757,1997-11-27,1997,11,1997-11-01,4,Thursday,SAVEA,Save-a-lot Markets,USA,ID,6,Michael Suyama,59,Raclette Courdavault,4,Dairy Products,28,Gai pâturage,55.0,7,0.0,385.0
10757,1997-11-27,1997,11,1997-11-01,4,Thursday,SAVEA,Save-a-lot Markets,USA,ID,6,Michael Suyama,62,Tarte au sucre,3,Confections,29,Forêts d'érables,49.3,30,0.0,1479.0
10757,1997-11-27,1997,11,1997-11-01,4,Thursday,SAVEA,Save-a-lot Markets,USA,ID,6,Michael Suyama,64,Wimmers gute Semmelknödel,5,Grains/Cereals,12,Plutzer Lebensmittelgroßmärkte AG,33.25,24,0.0,798.0
10758,1997-11-28,1997,11,1997-11-01,4,Friday,RICSU,Richter Supermarkt,Switzerland,Sin Región,3,Janet Leverling,26,Gumbär Gummibärchen,3,Confections,11,Heli Süßwaren GmbH & Co. KG,31.23,20,0.0,624.5999755859375
10758,1997-11-28,1997,11,1997-11-01,4,Friday,RICSU,Richter Supermarkt,Switzerland,Sin Región,3,Janet Leverling,52,Filo Mix,5,Grains/Cereals,24,"G'day, Mate",7.0,60,0.0,420.0
10758,1997-11-28,1997,11,1997-11-01,4,Friday,RICSU,Richter Supermarkt,Switzerland,Sin Región,3,Janet Leverling,70,Outback Lager,1,Beverages,7,"Pavlova, Ltd.",15.0,40,0.0,600.0
10759,1997-11-28,1997,11,1997-11-01,4,Friday,ANATR,Ana Trujillo Emparedados y helados,Mexico,Sin Región,3,Janet Leverling,32,Mascarpone Fabioli,4,Dairy Products,14,Formaggi Fortini s.r.l.,32.0,10,0.0,320.0
10760,1997-12-01,1997,12,1997-12-01,4,Monday,MAISD,Maison Dewey,Belgium,Sin Región,4,Margaret Peacock,25,NuNuCa Nuß-Nougat-Creme,3,Confections,11,Heli Süßwaren GmbH & Co. KG,14.0,12,0.25,126.0
10760,1997-12-01,1997,12,1997-12-01,4,Monday,MAISD,Maison Dewey,Belgium,Sin Región,4,Margaret Peacock,27,Schoggi Schokolade,3,Confections,11,Heli Süßwaren GmbH & Co. KG,43.9,40,0.0,1756.0
10760,1997-12-01,1997,12,1997-12-01,4,Monday,MAISD,Maison Dewey,Belgium,Sin Región,4,Margaret Peacock,43,Ipoh Coffee,1,Beverages,20,Leka Trading,46.0,30,0.25,1035.0
10761,1997-12-02,1997,12,1997-12-01,4,Tuesday,RATTC,Rattlesnake Canyon Grocery,USA,NM,5,Steven Buchanan,25,NuNuCa Nuß-Nougat-Creme,3,Confections,11,Heli Süßwaren GmbH & Co. KG,14.0,35,0.25,367.5
10761,1997-12-02,1997,12,1997-12-01,4,Tuesday,RATTC,Rattlesnake Canyon Grocery,USA,NM,5,Steven Buchanan,75,Rhönbräu Klosterbier,1,Beverages,12,Plutzer Lebensmittelgroßmärkte AG,7.75,18,0.0,139.5
10762,1997-12-02,1997,12,1997-12-01,4,Tuesday,FOLKO,Folk och fä HB,Sweden,Sin Región,3,Janet Leverling,39,Chartreuse verte,1,Beverages,18,Aux joyeux ecclésiastiques,18.0,16,0.0,288.0
10762,1997-12-02,1997,12,1997-12-01,4,Tuesday,FOLKO,Folk och fä HB,Sweden,Sin Región,3,Janet Leverling,47,Zaanse koeken,3,Confections,22,Zaanse Snoepfabriek,9.5,30,0.0,285.0
10762,1997-12-02,1997,12,1997-12-01,4,Tuesday,FOLKO,Folk och fä HB,Sweden,Sin Región,3,Janet Leverling,51,Manjimup Dried Apples,7,Produce,24,"G'day, Mate",53.0,28,0.0,1484.0
10762,1997-12-02,1997,12,1997-12-01,4,Tuesday,FOLKO,Folk och fä HB,Sweden,Sin Región,3,Janet Leverling,56,Gnocchi di nonna Alice,5,Grains/Cereals,26,Pasta Buttini s.r.l.,38.0,60,0.0,2280.0
10763,1997-12-03,1997,12,1997-12-01,4,Wednesday,FOLIG,Folies gourmandes,France,Sin Región,3,Janet Leverling,21,Sir Rodney's Scones,3,Confections,8,"Specialty Biscuits, Ltd.",10.0,40,0.0,400.0
10763,1997-12-03,1997,12,1997-12-01,4,Wednesday,FOLIG,Folies gourmandes,France,Sin Región,3,Janet Leverling,22,Gustaf's Knäckebröd,5,Grains/Cereals,9,PB Knäckebröd AB,21.0,6,0.0,126.0
10763,1997-12-03,1997,12,1997-12-01,4,Wednesday,FOLIG,Folies gourmandes,France,Sin Región,3,Janet Leverling,24,Guaraná Fantástica,1,Beverages,10,Refrescos Americanas LTDA,4.5,20,0.0,90.0
10764,1997-12-03,1997,12,1997-12-01,4,Wednesday,ERNSH,Ernst Handel,Austria,Sin Región,6,Michael Suyama,3,Aniseed Syrup,2,Condiments,1,Exotic Liquids,10.0,20,0.10000000149011612,180.0
10764,1997-12-03,1997,12,1997-12-01,4,Wednesday,ERNSH,Ernst Handel,Austria,Sin Región,6,Michael Suyama,39,Chartreuse verte,1,Beverages,18,Aux joyeux ecclésiastiques,18.0,130,0.10000000149011612,2106.0
10765,1997-12-04,1997,12,1997-12-01,4,Thursday,QUICK,QUICK-Stop,Germany,Sin Región,3,Janet Leverling,65,Louisiana Fiery Hot Pepper Sauce,2,Condiments,2,New Orleans Cajun Delights,21.05,80,0.10000000149011612,1515.5999755859375
10766,1997-12-05,1997,12,1997-12-01,4,Friday,OTTIK,Ottilies Käseladen,Germany,Sin Región,4,Margaret Peacock,2,Chang,1,Beverages,1,Exotic Liquids,19.0,40,0.0,760.0
10766,1997-12-05,1997,12,1997-12-01,4,Friday,OTTIK,Ottilies Käseladen,Germany,Sin Región,4,Margaret Peacock,7,Uncle Bob's Organic Dried Pears,7,Produce,3,Grandma Kelly's Homestead,30.0,35,0.0,1050.0
10766,1997-12-05,1997,12,1997-12-01,4,Friday,OTTIK,Ottilies Käseladen,Germany,Sin Región,4,Margaret Peacock,68,Scottish Longbreads,3,Confections,8,"Specialty Biscuits, Ltd.",12.5,40,0.0,500.0
10767,1997-12-05,1997,12,1997-12-01,4,Friday,SUPRD,Suprêmes délices,Belgium,Sin Región,4,Margaret Peacock,42,Singaporean Hokkien Fried Mee,5,Grains/Cereals,20,Leka Trading,14.0,2,0.0,28.0
10768,1997-12-08,1997,12,1997-12-01,4,Monday,AROUT,Around the Horn,UK,Sin Región,3,Janet Leverling,22,Gustaf's Knäckebröd,5,Grains/Cereals,9,PB Knäckebröd AB,21.0,4,0.0,84.0
10768,1997-12-08,1997,12,1997-12-01,4,Monday,AROUT,Around the Horn,UK,Sin Región,3,Janet Leverling,31,Gorgonzola Telino,4,Dairy Products,14,Formaggi Fortini s.r.l.,12.5,50,0.0,625.0
10768,1997-12-08,1997,12,1997-12-01,4,Monday,AROUT,Around the Horn,UK,Sin Región,3,Janet Leverling,60,Camembert Pierrot,4,Dairy Products,28,Gai pâturage,34.0,15,0.0,510.0
10768,1997-12-08,1997,12,1997-12-01,4,Monday,AROUT,Around the Horn,UK,Sin Región,3,Janet Leverling,71,Flotemysost,4,Dairy Products,15,Norske Meierier,21.5,12,0.0,258.0
10769,1997-12-08,1997,12,1997-12-01,4,Monday,VAFFE,Vaffeljernet,Denmark,Sin Región,3,Janet Leverling,41,Jack's New England Clam Chowder,8,Seafood,19,New England Seafood Cannery,9.65,30,0.05000000074505806,275.0249938964844
10769,1997-12-08,1997,12,1997-12-01,4,Monday,VAFFE,Vaffeljernet,Denmark,Sin Región,3,Janet Leverling,52,Filo Mix,5,Grains/Cereals,24,"G'day, Mate",7.0,15,0.05000000074505806,99.75
10769,1997-12-08,1997,12,1997-12-01,4,Monday,VAFFE,Vaffeljernet,Denmark,Sin Región,3,Janet Leverling,61,Sirop d'érable,2,Condiments,29,Forêts d'érables,28.5,20,0.0,570.0
10769,1997-12-08,1997,12,1997-12-01,4,Monday,VAFFE,Vaffeljernet,Denmark,Sin Región,3,Janet Leverling,62,Tarte au sucre,3,Confections,29,Forêts d'érables,49.3,15,0.0,739.5
10770,1997-12-09,1997,12,1997-12-01,4,Tuesday,HANAR,Hanari Carnes,Brazil,RJ,8,Laura Callahan,11,Queso Cabrales,4,Dairy Products,5,Cooperativa de Quesos 'Las Cabras',21.0,15,0.25,236.25
10771,1997-12-10,1997,12,1997-12-01,4,Wednesday,ERNSH,Ernst Handel,Austria,Sin Región,9,Anne Dodsworth,71,Flotemysost,4,Dairy Products,15,Norske Meierier,21.5,16,0.0,344.0
10772,1997-12-10,1997,12,1997-12-01,4,Wednesday,LEHMS,Lehmanns Marktstand,Germany,Sin Región,3,Janet Leverling,29,Thüringer Rostbratwurst,6,Meat/Poultry,12,Plutzer Lebensmittelgroßmärkte AG,123.79,18,0.0,2228.219970703125
10772,1997-12-10,1997,12,1997-12-01,4,Wednesday,LEHMS,Lehmanns Marktstand,Germany,Sin Región,3,Janet Leverling,59,Raclette Courdavault,4,Dairy Products,28,Gai pâturage,55.0,25,0.0,1375.0
10773,1997-12-11,1997,12,1997-12-01,4,Thursday,ERNSH,Ernst Handel,Austria,Sin Región,1,Nancy Davolio,17,Alice Mutton,6,Meat/Poultry,7,"Pavlova, Ltd.",39.0,33,0.0,1287.0
10773,1997-12-11,1997,12,1997-12-01,4,Thursday,ERNSH,Ernst Handel,Austria,Sin Región,1,Nancy Davolio,31,Gorgonzola Telino,4,Dairy Products,14,Formaggi Fortini s.r.l.,12.5,70,0.20000000298023224,700.0
10773,1997-12-11,1997,12,1997-12-01,4,Thursday,ERNSH,Ernst Handel,Austria,Sin Región,1,Nancy Davolio,75,Rhönbräu Klosterbier,1,Beverages,12,Plutzer Lebensmittelgroßmärkte AG,7.75,7,0.20000000298023224,43.400001525878906
10774,1997-12-11,1997,12,1997-12-01,4,Thursday,FOLKO,Folk och fä HB,Sweden,Sin Región,4,Margaret Peacock,31,Gorgonzola Telino,4,Dairy Products,14,Formaggi Fortini s.r.l.,12.5,2,0.25,18.75
10774,1997-12-11,1997,12,1997-12-01,4,Thursday,FOLKO,Folk och fä HB,Sweden,Sin Región,4,Margaret Peacock,66,Louisiana Hot Spiced Okra,2,Condiments,2,New Orleans Cajun Delights,17.0,50,0.0,850.0
10775,1997-12-12,1997,12,1997-12-01,4,Friday,THECR,The Cracker Box,USA,MT,7,Robert King,10,Ikura,8,Seafood,4,Tokyo Traders,31.0,6,0.0,186.0
10775,1997-12-12,1997,12,1997-12-01,4,Friday,THECR,The Cracker Box,USA,MT,7,Robert King,67,Laughing Lumberjack Lager,1,Beverages,16,Bigfoot Breweries,14.0,3,0.0,42.0
10776,1997-12-15,1997,12,1997-12-01,4,Monday,ERNSH,Ernst Handel,Austria,Sin Región,1,Nancy Davolio,31,Gorgonzola Telino,4,Dairy Products,14,Formaggi Fortini s.r.l.,12.5,16,0.05000000074505806,190.0
10776,1997-12-15,1997,12,1997-12-01,4,Monday,ERNSH,Ernst Handel,Austria,Sin Región,1,Nancy Davolio,42,Singaporean Hokkien Fried Mee,5,Grains/Cereals,20,Leka Trading,14.0,12,0.05000000074505806,159.59999084472656
10776,1997-12-15,1997,12,1997-12-01,4,Monday,ERNSH,Ernst Handel,Austria,Sin Región,1,Nancy Davolio,45,Rogede sild,8,Seafood,21,Lyngbysild,9.5,27,0.05000000074505806,243.6750030517578
10776,1997-12-15,1997,12,1997-12-01,4,Monday,ERNSH,Ernst Handel,Austria,Sin Región,1,Nancy Davolio,51,Manjimup Dried Apples,7,Produce,24,"G'day, Mate",53.0,120,0.05000000074505806,6042.0
10777,1997-12-15,1997,12,1997-12-01,4,Monday,GOURL,Gourmet Lanchonetes,Brazil,SP,7,Robert King,42,Singaporean Hokkien Fried Mee,5,Grains/Cereals,20,Leka Trading,14.0,20,0.20000000298023224,224.0
10778,1997-12-16,1997,12,1997-12-01,4,Tuesday,BERGS,Berglunds snabbköp,Sweden,Sin Región,3,Janet Leverling,41,Jack's New England Clam Chowder,8,Seafood,19,New England Seafood Cannery,9.65,10,0.0,96.5
10779,1997-12-16,1997,12,1997-12-01,4,Tuesday,MORGK,Morgenstern Gesundkost,Germany,Sin Región,3,Janet Leverling,16,Pavlova,3,Confections,7,"Pavlova, Ltd.",17.45,20,0.0,349.0
10779,1997-12-16,1997,12,1997-12-01,4,Tuesday,MORGK,Morgenstern Gesundkost,Germany,Sin Región,3,Janet Leverling,62,Tarte au sucre,3,Confections,29,Forêts d'érables,49.3,20,0.0,986.0
10780,1997-12-16,1997,12,1997-12-01,4,Tuesday,LILAS,LILA-Supermercado,Venezuela,Lara,2,Andrew Fuller,70,Outback Lager,1,Beverages,7,"Pavlova, Ltd.",15.0,35,0.0,525.0
10780,1997-12-16,1997,12,1997-12-01,4,Tuesday,LILAS,LILA-Supermercado,Venezuela,Lara,2,Andrew Fuller,77,Original Frankfurter grüne Soße,2,Condiments,12,Plutzer Lebensmittelgroßmärkte AG,13.0,15,0.0,195.0
10781,1997-12-17,1997,12,1997-12-01,4,Wednesday,WARTH,Wartian Herkku,Finland,Sin Región,2,Andrew Fuller,54,Tourtière,6,Meat/Poultry,25,Ma Maison,7.45,3,0.20000000298023224,17.880001068115234
10781,1997-12-17,1997,12,1997-12-01,4,Wednesday,WARTH,Wartian Herkku,Finland,Sin Región,2,Andrew Fuller,56,Gnocchi di nonna Alice,5,Grains/Cereals,26,Pasta Buttini s.r.l.,38.0,20,0.20000000298023224,608.0
10781,1997-12-17,1997,12,1997-12-01,4,Wednesday,WARTH,Wartian Herkku,Finland,Sin Región,2,Andrew Fuller,74,Longlife Tofu,7,Produce,4,Tokyo Traders,10.0,35,0.0,350.0
10782,1997-12-17,1997,12,1997-12-01,4,Wednesday,CACTU,Cactus Comidas para llevar,Argentina,Sin Región,9,Anne Dodsworth,31,Gorgonzola Telino,4,Dairy Products,14,Formaggi Fortini s.r.l.,12.5,1,0.0,12.5
10783,1997-12-18,1997,12,1997-12-01,4,Thursday,HANAR,Hanari Carnes,Brazil,RJ,4,Margaret Peacock,31,Gorgonzola Telino,4,Dairy Products,14,Formaggi Fortini s.r.l.,12.5,10,0.0,125.0
10783,1997-12-18,1997,12,1997-12-01,4,Thursday,HANAR,Hanari Carnes,Brazil,RJ,4,Margaret Peacock,38,Côte de Blaye,1,Beverages,18,Aux joyeux ecclésiastiques,263.5,5,0.0,1317.5
10784,1997-12-18,1997,12,1997-12-01,4,Thursday,MAGAA,Magazzini Alimentari Riuniti,Italy,Sin Región,4,Margaret Peacock,36,Inlagd Sill,8,Seafood,17,Svensk Sjöföda AB,19.0,30,0.0,570.0
10784,1997-12-18,1997,12,1997-12-01,4,Thursday,MAGAA,Magazzini Alimentari Riuniti,Italy,Sin Región,4,Margaret Peacock,39,Chartreuse verte,1,Beverages,18,Aux joyeux ecclésiastiques,18.0,2,0.15000000596046448,30.600000381469727
10784,1997-12-18,1997,12,1997-12-01,4,Thursday,MAGAA,Magazzini Alimentari Riuniti,Italy,Sin Región,4,Margaret Peacock,72,Mozzarella di Giovanni,4,Dairy Products,14,Formaggi Fortini s.r.l.,34.8,30,0.15000000596046448,887.4000244140625
10785,1997-12-18,1997,12,1997-12-01,4,Thursday,GROSR,GROSELLA-Restaurante,Venezuela,DF,1,Nancy Davolio,10,Ikura,8,Seafood,4,Tokyo Traders,31.0,10,0.0,310.0
10785,1997-12-18,1997,12,1997-12-01,4,Thursday,GROSR,GROSELLA-Restaurante,Venezuela,DF,1,Nancy Davolio,75,Rhönbräu Klosterbier,1,Beverages,12,Plutzer Lebensmittelgroßmärkte AG,7.75,10,0.0,77.5
10786,1997-12-19,1997,12,1997-12-01,4,Friday,QUEEN,Queen Cozinha,Brazil,SP,8,Laura Callahan,8,Northwoods Cranberry Sauce,2,Condiments,3,Grandma Kelly's Homestead,40.0,30,0.20000000298023224,960.0
10786,1997-12-19,1997,12,1997-12-01,4,Friday,QUEEN,Queen Cozinha,Brazil,SP,8,Laura Callahan,30,Nord-Ost Matjeshering,8,Seafood,13,Nord-Ost-Fisch Handelsgesellschaft mbH,25.89,15,0.20000000298023224,310.6800231933594
10786,1997-12-19,1997,12,1997-12-01,4,Friday,QUEEN,Queen Cozinha,Brazil,SP,8,Laura Callahan,75,Rhönbräu Klosterbier,1,Beverages,12,Plutzer Lebensmittelgroßmärkte AG,7.75,42,0.20000000298023224,260.3999938964844
10787,1997-12-19,1997,12,1997-12-01,4,Friday,LAMAI,La maison d'Asie,France,Sin Región,2,Andrew Fuller,2,Chang,1,Beverages,1,Exotic Liquids,19.0,15,0.05000000074505806,270.75
10787,1997-12-19,1997,12,1997-12-01,4,Friday,LAMAI,La maison d'Asie,France,Sin Región,2,Andrew Fuller,29,Thüringer Rostbratwurst,6,Meat/Poultry,12,Plutzer Lebensmittelgroßmärkte AG,123.79,20,0.05000000074505806,2352.010009765625
10788,1997-12-22,1997,12,1997-12-01,4,Monday,QUICK,QUICK-Stop,Germany,Sin Región,1,Nancy Davolio,19,Teatime Chocolate Biscuits,3,Confections,8,"Specialty Biscuits, Ltd.",9.2,50,0.05000000074505806,437.0
10788,1997-12-22,1997,12,1997-12-01,4,Monday,QUICK,QUICK-Stop,Germany,Sin Región,1,Nancy Davolio,75,Rhönbräu Klosterbier,1,Beverages,12,Plutzer Lebensmittelgroßmärkte AG,7.75,40,0.05000000074505806,294.5
10789,1997-12-22,1997,12,1997-12-01,4,Monday,FOLIG,Folies gourmandes,France,Sin Región,1,Nancy Davolio,18,Carnarvon Tigers,8,Seafood,7,"Pavlova, Ltd.",62.5,30,0.0,1875.0
10789,1997-12-22,1997,12,1997-12-01,4,Monday,FOLIG,Folies gourmandes,France,Sin Región,1,Nancy Davolio,35,Steeleye Stout,1,Beverages,16,Bigfoot Breweries,18.0,15,0.0,270.0
10789,1997-12-22,1997,12,1997-12-01,4,Monday,FOLIG,Folies gourmandes,France,Sin Región,1,Nancy Davolio,63,Vegie-spread,2,Condiments,7,"Pavlova, Ltd.",43.9,30,0.0,1317.0
10789,1997-12-22,1997,12,1997-12-01,4,Monday,FOLIG,Folies gourmandes,France,Sin Región,1,Nancy Davolio,68,Scottish Longbreads,3,Confections,8,"Specialty Biscuits, Ltd.",12.5,18,0.0,225.0
10790,1997-12-22,1997,12,1997-12-01,4,Monday,GOURL,Gourmet Lanchonetes,Brazil,SP,6,Michael Suyama,7,Uncle Bob's Organic Dried Pears,7,Produce,3,Grandma Kelly's Homestead,30.0,3,0.15000000596046448,76.5
10790,1997-12-22,1997,12,1997-12-01,4,Monday,GOURL,Gourmet Lanchonetes,Brazil,SP,6,Michael Suyama,56,Gnocchi di nonna Alice,5,Grains/Cereals,26,Pasta Buttini s.r.l.,38.0,20,0.15000000596046448,646.0
10791,1997-12-23,1997,12,1997-12-01,4,Tuesday,FRANK,Frankenversand,Germany,Sin Región,6,Michael Suyama,29,Thüringer Rostbratwurst,6,Meat/Poultry,12,Plutzer Lebensmittelgroßmärkte AG,123.79,14,0.05000000074505806,1646.406982421875
10791,1997-12-23,1997,12,1997-12-01,4,Tuesday,FRANK,Frankenversand,Germany,Sin Región,6,Michael Suyama,41,Jack's New England Clam Chowder,8,Seafood,19,New England Seafood Cannery,9.65,20,0.05000000074505806,183.34999084472656
10792,1997-12-23,1997,12,1997-12-01,4,Tuesday,WOLZA,Wolski  Zajazd,Poland,Sin Región,1,Nancy Davolio,2,Chang,1,Beverages,1,Exotic Liquids,19.0,10,0.0,190.0
10792,1997-12-23,1997,12,1997-12-01,4,Tuesday,WOLZA,Wolski  Zajazd,Poland,Sin Región,1,Nancy Davolio,54,Tourtière,6,Meat/Poultry,25,Ma Maison,7.45,3,0.0,22.350000381469727
10792,1997-12-23,1997,12,1997-12-01,4,Tuesday,WOLZA,Wolski  Zajazd,Poland,Sin Región,1,Nancy Davolio,68,Scottish Longbreads,3,Confections,8,"Specialty Biscuits, Ltd.",12.5,15,0.0,187.5
10793,1997-12-24,1997,12,1997-12-01,4,Wednesday,AROUT,Around the Horn,UK,Sin Región,3,Janet Leverling,41,Jack's New England Clam Chowder,8,Seafood,19,New England Seafood Cannery,9.65,14,0.0,135.10000610351562
10793,1997-12-24,1997,12,1997-12-01,4,Wednesday,AROUT,Around the Horn,UK,Sin Región,3,Janet Leverling,52,Filo Mix,5,Grains/Cereals,24,"G'day, Mate",7.0,8,0.0,56.0
10794,1997-12-24,1997,12,1997-12-01,4,Wednesday,QUEDE,Que Delícia,Brazil,RJ,6,Michael Suyama,14,Tofu,7,Produce,6,Mayumi's,23.25,15,0.20000000298023224,279.0
10794,1997-12-24,1997,12,1997-12-01,4,Wednesday,QUEDE,Que Delícia,Brazil,RJ,6,Michael Suyama,54,Tourtière,6,Meat/Poultry,25,Ma Maison,7.45,6,0.20000000298023224,35.76000213623047
10795,1997-12-24,1997,12,1997-12-01,4,Wednesday,ERNSH,Ernst Handel,Austria,Sin Región,8,Laura Callahan,16,Pavlova,3,Confections,7,"Pavlova, Ltd.",17.45,65,0.0,1134.25
10795,1997-12-24,1997,12,1997-12-01,4,Wednesday,ERNSH,Ernst Handel,Austria,Sin Región,8,Laura Callahan,17,Alice Mutton,6,Meat/Poultry,7,"Pavlova, Ltd.",39.0,35,0.25,1023.75
10796,1997-12-25,1997,12,1997-12-01,4,Thursday,HILAA,HILARION-Abastos,Venezuela,Táchira,3,Janet Leverling,26,Gumbär Gummibärchen,3,Confections,11,Heli Süßwaren GmbH & Co. KG,31.23,21,0.20000000298023224,524.6640014648438
10796,1997-12-25,1997,12,1997-12-01,4,Thursday,HILAA,HILARION-Abastos,Venezuela,Táchira,3,Janet Leverling,44,Gula Malacca,2,Condiments,20,Leka Trading,19.45,10,0.0,194.5
10796,1997-12-25,1997,12,1997-12-01,4,Thursday,HILAA,HILARION-Abastos,Venezuela,Táchira,3,Janet Leverling,64,Wimmers gute Semmelknödel,5,Grains/Cereals,12,Plutzer Lebensmittelgroßmärkte AG,33.25,35,0.20000000298023224,931.0
10796,1997-12-25,1997,12,1997-12-01,4,Thursday,HILAA,HILARION-Abastos,Venezuela,Táchira,3,Janet Leverling,69,Gudbrandsdalsost,4,Dairy Products,15,Norske Meierier,36.0,24,0.20000000298023224,691.2000122070312
10797,1997-12-25,1997,12,1997-12-01,4,Thursday,DRACD,Drachenblut Delikatessen,Germany,Sin Región,7,Robert King,11,Queso Cabrales,4,Dairy Products,5,Cooperativa de Quesos 'Las Cabras',21.0,20,0.0,420.0
10798,1997-12-26,1997,12,1997-12-01,4,Friday,ISLAT,Island Trading,UK,Isle of Wight,2,Andrew Fuller,62,Tarte au sucre,3,Confections,29,Forêts d'érables,49.3,2,0.0,98.5999984741211
10798,1997-12-26,1997,12,1997-12-01,4,Friday,ISLAT,Island Trading,UK,Isle of Wight,2,Andrew Fuller,72,Mozzarella di Giovanni,4,Dairy Products,14,Formaggi Fortini s.r.l.,34.8,10,0.0,348.0
10799,1997-12-26,1997,12,1997-12-01,4,Friday,KOENE,Königlich Essen,Germany,Sin Región,9,Anne Dodsworth,13,Konbu,8,Seafood,6,Mayumi's,6.0,20,0.15000000596046448,102.0
10799,1997-12-26,1997,12,1997-12-01,4,Friday,KOENE,Königlich Essen,Germany,Sin Región,9,Anne Dodsworth,24,Guaraná Fantástica,1,Beverages,10,Refrescos Americanas LTDA,4.5,20,0.15000000596046448,76.5
10799,1997-12-26,1997,12,1997-12-01,4,Friday,KOENE,Königlich Essen,Germany,Sin Región,9,Anne Dodsworth,59,Raclette Courdavault,4,Dairy Products,28,Gai pâturage,55.0,25,0.0,1375.0
10800,1997-12-26,1997,12,1997-12-01,4,Friday,SEVES,Seven Seas Imports,UK,Sin Región,1,Nancy Davolio,11,Queso Cabrales,4,Dairy Products,5,Cooperativa de Quesos 'Las Cabras',21.0,50,0.10000000149011612,945.0
10800,1997-12-26,1997,12,1997-12-01,4,Friday,SEVES,Seven Seas Imports,UK,Sin Región,1,Nancy Davolio,51,Manjimup Dried Apples,7,Produce,24,"G'day, Mate",53.0,10,0.10000000149011612,477.0
10800,1997-12-26,1997,12,1997-12-01,4,Friday,SEVES,Seven Seas Imports,UK,Sin Región,1,Nancy Davolio,54,Tourtière,6,Meat/Poultry,25,Ma Maison,7.45,7,0.10000000149011612,46.935001373291016
10801,1997-12-29,1997,12,1997-12-01,4,Monday,BOLID,Bólido Comidas preparadas,Spain,Sin Región,4,Margaret Peacock,17,Alice Mutton,6,Meat/Poultry,7,"Pavlova, Ltd.",39.0,40,0.25,1170.0
10801,1997-12-29,1997,12,1997-12-01,4,Monday,BOLID,Bólido Comidas preparadas,Spain,Sin Región,4,Margaret Peacock,29,Thüringer Rostbratwurst,6,Meat/Poultry,12,Plutzer Lebensmittelgroßmärkte AG,123.79,20,0.25,1856.85009765625
10802,1997-12-29,1997,12,1997-12-01,4,Monday,SIMOB,Simons bistro,Denmark,Sin Región,4,Margaret Peacock,30,Nord-Ost Matjeshering,8,Seafood,13,Nord-Ost-Fisch Handelsgesellschaft mbH,25.89,25,0.25,485.4375
10802,1997-12-29,1997,12,1997-12-01,4,Monday,SIMOB,Simons bistro,Denmark,Sin Región,4,Margaret Peacock,51,Manjimup Dried Apples,7,Produce,24,"G'day, Mate",53.0,30,0.25,1192.5
10802,1997-12-29,1997,12,1997-12-01,4,Monday,SIMOB,Simons bistro,Denmark,Sin Región,4,Margaret Peacock,55,Pâté chinois,6,Meat/Poultry,25,Ma Maison,24.0,60,0.25,1080.0
10802,1997-12-29,1997,12,1997-12-01,4,Monday,SIMOB,Simons bistro,Denmark,Sin Región,4,Margaret Peacock,62,Tarte au sucre,3,Confections,29,Forêts d'érables,49.3,5,0.25,184.875
10803,1997-12-30,1997,12,1997-12-01,4,Tuesday,WELLI,Wellington Importadora,Brazil,SP,4,Margaret Peacock,19,Teatime Chocolate Biscuits,3,Confections,8,"Specialty Biscuits, Ltd.",9.2,24,0.05000000074505806,209.75999450683594
10803,1997-12-30,1997,12,1997-12-01,4,Tuesday,WELLI,Wellington Importadora,Brazil,SP,4,Margaret Peacock,25,NuNuCa Nuß-Nougat-Creme,3,Confections,11,Heli Süßwaren GmbH & Co. KG,14.0,15,0.05000000074505806,199.5
10803,1997-12-30,1997,12,1997-12-01,4,Tuesday,WELLI,Wellington Importadora,Brazil,SP,4,Margaret Peacock,59,Raclette Courdavault,4,Dairy Products,28,Gai pâturage,55.0,15,0.05000000074505806,783.75
10804,1997-12-30,1997,12,1997-12-01,4,Tuesday,SEVES,Seven Seas Imports,UK,Sin Región,6,Michael Suyama,10,Ikura,8,Seafood,4,Tokyo Traders,31.0,36,0.0,1116.0
10804,1997-12-30,1997,12,1997-12-01,4,Tuesday,SEVES,Seven Seas Imports,UK,Sin Región,6,Michael Suyama,28,Rössle Sauerkraut,7,Produce,12,Plutzer Lebensmittelgroßmärkte AG,45.6,24,0.0,1094.4000244140625
10804,1997-12-30,1997,12,1997-12-01,4,Tuesday,SEVES,Seven Seas Imports,UK,Sin Región,6,Michael Suyama,49,Maxilaku,3,Confections,23,Karkki Oy,20.0,4,0.15000000596046448,68.0
10805,1997-12-30,1997,12,1997-12-01,4,Tuesday,THEBI,The Big Cheese,USA,OR,2,Andrew Fuller,34,Sasquatch Ale,1,Beverages,16,Bigfoot Breweries,14.0,10,0.0,140.0
10805,1997-12-30,1997,12,1997-12-01,4,Tuesday,THEBI,The Big Cheese,USA,OR,2,Andrew Fuller,38,Côte de Blaye,1,Beverages,18,Aux joyeux ecclésiastiques,263.5,10,0.0,2635.0
10806,1997-12-31,1997,12,1997-12-01,4,Wednesday,VICTE,Victuailles en stock,France,Sin Región,3,Janet Leverling,2,Chang,1,Beverages,1,Exotic Liquids,19.0,20,0.25,285.0
10806,1997-12-31,1997,12,1997-12-01,4,Wednesday,VICTE,Victuailles en stock,France,Sin Región,3,Janet Leverling,65,Louisiana Fiery Hot Pepper Sauce,2,Condiments,2,New Orleans Cajun Delights,21.05,2,0.0,42.099998474121094
10806,1997-12-31,1997,12,1997-12-01,4,Wednesday,VICTE,Victuailles en stock,France,Sin Región,3,Janet Leverling,74,Longlife Tofu,7,Produce,4,Tokyo Traders,10.0,15,0.25,112.5
10807,1997-12-31,1997,12,1997-12-01,4,Wednesday,FRANS,Franchi S.p.A.,Italy,Sin Región,4,Margaret Peacock,40,Boston Crab Meat,8,Seafood,19,New England Seafood Cannery,18.4,1,0.0,18.399999618530273
10808,1998-01-01,1998,1,1998-01-01,1,Thursday,OLDWO,Old World Delicatessen,USA,AK,2,Andrew Fuller,56,Gnocchi di nonna Alice,5,Grains/Cereals,26,Pasta Buttini s.r.l.,38.0,20,0.15000000596046448,646.0
10808,1998-01-01,1998,1,1998-01-01,1,Thursday,OLDWO,Old World Delicatessen,USA,AK,2,Andrew Fuller,76,Lakkalikööri,1,Beverages,23,Karkki Oy,18.0,50,0.15000000596046448,765.0
10809,1998-01-01,1998,1,1998-01-01,1,Thursday,WELLI,Wellington Importadora,Brazil,SP,7,Robert King,52,Filo Mix,5,Grains/Cereals,24,"G'day, Mate",7.0,20,0.0,140.0
10810,1998-01-01,1998,1,1998-01-01,1,Thursday,LAUGB,Laughing Bacchus Wine Cellars,Canada,BC,2,Andrew Fuller,13,Konbu,8,Seafood,6,Mayumi's,6.0,7,0.0,42.0
10810,1998-01-01,1998,1,1998-01-01,1,Thursday,LAUGB,Laughing Bacchus Wine Cellars,Canada,BC,2,Andrew Fuller,25,NuNuCa Nuß-Nougat-Creme,3,Confections,11,Heli Süßwaren GmbH & Co. KG,14.0,5,0.0,70.0
10810,1998-01-01,1998,1,1998-01-01,1,Thursday,LAUGB,Laughing Bacchus Wine Cellars,Canada,BC,2,Andrew Fuller,70,Outback Lager,1,Beverages,7,"Pavlova, Ltd.",15.0,5,0.0,75.0
10811,1998-01-02,1998,1,1998-01-01,1,Friday,LINOD,LINO-Delicateses,Venezuela,Nueva Esparta,8,Laura Callahan,19,Teatime Chocolate Biscuits,3,Confections,8,"Specialty Biscuits, Ltd.",9.2,15,0.0,138.0
10811,1998-01-02,1998,1,1998-01-01,1,Friday,LINOD,LINO-Delicateses,Venezuela,Nueva Esparta,8,Laura Callahan,23,Tunnbröd,5,Grains/Cereals,9,PB Knäckebröd AB,9.0,18,0.0,162.0
10811,1998-01-02,1998,1,1998-01-01,1,Friday,LINOD,LINO-Delicateses,Venezuela,Nueva Esparta,8,Laura Callahan,40,Boston Crab Meat,8,Seafood,19,New England Seafood Cannery,18.4,30,0.0,552.0
10812,1998-01-02,1998,1,1998-01-01,1,Friday,REGGC,Reggiani Caseifici,Italy,Sin Región,5,Steven Buchanan,31,Gorgonzola Telino,4,Dairy Products,14,Formaggi Fortini s.r.l.,12.5,16,0.10000000149011612,180.0
10812,1998-01-02,1998,1,1998-01-01,1,Friday,REGGC,Reggiani Caseifici,Italy,Sin Región,5,Steven Buchanan,72,Mozzarella di Giovanni,4,Dairy Products,14,Formaggi Fortini s.r.l.,34.8,40,0.10000000149011612,1252.7999267578125
10812,1998-01-02,1998,1,1998-01-01,1,Friday,REGGC,Reggiani Caseifici,Italy,Sin Región,5,Steven Buchanan,77,Original Frankfurter grüne Soße,2,Condiments,12,Plutzer Lebensmittelgroßmärkte AG,13.0,20,0.0,260.0
10813,1998-01-05,1998,1,1998-01-01,1,Monday,RICAR,Ricardo Adocicados,Brazil,RJ,1,Nancy Davolio,2,Chang,1,Beverages,1,Exotic Liquids,19.0,12,0.20000000298023224,182.40000915527344
10813,1998-01-05,1998,1,1998-01-01,1,Monday,RICAR,Ricardo Adocicados,Brazil,RJ,1,Nancy Davolio,46,Spegesild,8,Seafood,21,Lyngbysild,12.0,35,0.0,420.0
10814,1998-01-05,1998,1,1998-01-01,1,Monday,VICTE,Victuailles en stock,France,Sin Región,3,Janet Leverling,41,Jack's New England Clam Chowder,8,Seafood,19,New England Seafood Cannery,9.65,20,0.0,193.0
10814,1998-01-05,1998,1,1998-01-01,1,Monday,VICTE,Victuailles en stock,France,Sin Región,3,Janet Leverling,43,Ipoh Coffee,1,Beverages,20,Leka Trading,46.0,20,0.15000000596046448,782.0
10814,1998-01-05,1998,1,1998-01-01,1,Monday,VICTE,Victuailles en stock,France,Sin Región,3,Janet Leverling,48,Chocolade,3,Confections,22,Zaanse Snoepfabriek,12.75,8,0.15000000596046448,86.70000457763672
10814,1998-01-05,1998,1,1998-01-01,1,Monday,VICTE,Victuailles en stock,France,Sin Región,3,Janet Leverling,61,Sirop d'érable,2,Condiments,29,Forêts d'érables,28.5,30,0.15000000596046448,726.75
10815,1998-01-05,1998,1,1998-01-01,1,Monday,SAVEA,Save-a-lot Markets,USA,ID,2,Andrew Fuller,33,Geitost,4,Dairy Products,15,Norske Meierier,2.5,16,0.0,40.0
10816,1998-01-06,1998,1,1998-01-01,1,Tuesday,GREAL,Great Lakes Food Market,USA,OR,4,Margaret Peacock,38,Côte de Blaye,1,Beverages,18,Aux joyeux ecclésiastiques,263.5,30,0.05000000074505806,7509.75
10816,1998-01-06,1998,1,1998-01-01,1,Tuesday,GREAL,Great Lakes Food Market,USA,OR,4,Margaret Peacock,62,Tarte au sucre,3,Confections,29,Forêts d'érables,49.3,20,0.05000000074505806,936.7000122070312
10817,1998-01-06,1998,1,1998-01-01,1,Tuesday,KOENE,Königlich Essen,Germany,Sin Región,3,Janet Leverling,26,Gumbär Gummibärchen,3,Confections,11,Heli Süßwaren GmbH & Co. KG,31.23,40,0.15000000596046448,1061.8199462890625
10817,1998-01-06,1998,1,1998-01-01,1,Tuesday,KOENE,Königlich Essen,Germany,Sin Región,3,Janet Leverling,38,Côte de Blaye,1,Beverages,18,Aux joyeux ecclésiastiques,263.5,30,0.0,7905.0
10817,1998-01-06,1998,1,1998-01-01,1,Tuesday,KOENE,Königlich Essen,Germany,Sin Región,3,Janet Leverling,40,Boston Crab Meat,8,Seafood,19,New England Seafood Cannery,18.4,60,0.15000000596046448,938.4000244140625
10817,1998-01-06,1998,1,1998-01-01,1,Tuesday,KOENE,Königlich Essen,Germany,Sin Región,3,Janet Leverling,62,Tarte au sucre,3,Confections,29,Forêts d'érables,49.3,25,0.15000000596046448,1047.625
10818,1998-01-07,1998,1,1998-01-01,1,Wednesday,MAGAA,Magazzini Alimentari Riuniti,Italy,Sin Región,7,Robert King,32,Mascarpone Fabioli,4,Dairy Products,14,Formaggi Fortini s.r.l.,32.0,20,0.0,640.0
10818,1998-01-07,1998,1,1998-01-01,1,Wednesday,MAGAA,Magazzini Alimentari Riuniti,Italy,Sin Región,7,Robert King,41,Jack's New England Clam Chowder,8,Seafood,19,New England Seafood Cannery,9.65,20,0.0,193.0
10819,1998-01-07,1998,1,1998-01-01,1,Wednesday,CACTU,Cactus Comidas para llevar,Argentina,Sin Región,2,Andrew Fuller,43,Ipoh Coffee,1,Beverages,20,Leka Trading,46.0,7,0.0,322.0
10819,1998-01-07,1998,1,1998-01-01,1,Wednesday,CACTU,Cactus Comidas para llevar,Argentina,Sin Región,2,Andrew Fuller,75,Rhönbräu Klosterbier,1,Beverages,12,Plutzer Lebensmittelgroßmärkte AG,7.75,20,0.0,155.0
10820,1998-01-07,1998,1,1998-01-01,1,Wednesday,RATTC,Rattlesnake Canyon Grocery,USA,NM,3,Janet Leverling,56,Gnocchi di nonna Alice,5,Grains/Cereals,26,Pasta Buttini s.r.l.,38.0,30,0.0,1140.0
10821,1998-01-08,1998,1,1998-01-01,1,Thursday,SPLIR,Split Rail Beer & Ale,USA,WY,1,Nancy Davolio,35,Steeleye Stout,1,Beverages,16,Bigfoot Breweries,18.0,20,0.0,360.0
10821,1998-01-08,1998,1,1998-01-01,1,Thursday,SPLIR,Split Rail Beer & Ale,USA,WY,1,Nancy Davolio,51,Manjimup Dried Apples,7,Produce,24,"G'day, Mate",53.0,6,0.0,318.0
10822,1998-01-08,1998,1,1998-01-01,1,Thursday,TRAIH,Trail's Head Gourmet Provisioners,USA,WA,6,Michael Suyama,62,Tarte au sucre,3,Confections,29,Forêts d'érables,49.3,3,0.0,147.89999389648438
10822,1998-01-08,1998,1,1998-01-01,1,Thursday,TRAIH,Trail's Head Gourmet Provisioners,USA,WA,6,Michael Suyama,70,Outback Lager,1,Beverages,7,"Pavlova, Ltd.",15.0,6,0.0,90.0
10823,1998-01-09,1998,1,1998-01-01,1,Friday,LILAS,LILA-Supermercado,Venezuela,Lara,5,Steven Buchanan,11,Queso Cabrales,4,Dairy Products,5,Cooperativa de Quesos 'Las Cabras',21.0,20,0.10000000149011612,378.0
10823,1998-01-09,1998,1,1998-01-01,1,Friday,LILAS,LILA-Supermercado,Venezuela,Lara,5,Steven Buchanan,57,Ravioli Angelo,5,Grains/Cereals,26,Pasta Buttini s.r.l.,19.5,15,0.0,292.5
10823,1998-01-09,1998,1,1998-01-01,1,Friday,LILAS,LILA-Supermercado,Venezuela,Lara,5,Steven Buchanan,59,Raclette Courdavault,4,Dairy Products,28,Gai pâturage,55.0,40,0.10000000149011612,1980.0
10823,1998-01-09,1998,1,1998-01-01,1,Friday,LILAS,LILA-Supermercado,Venezuela,Lara,5,Steven Buchanan,77,Original Frankfurter grüne Soße,2,Condiments,12,Plutzer Lebensmittelgroßmärkte AG,13.0,15,0.10000000149011612,175.5
10824,1998-01-09,1998,1,1998-01-01,1,Friday,FOLKO,Folk och fä HB,Sweden,Sin Región,8,Laura Callahan,41,Jack's New England Clam Chowder,8,Seafood,19,New England Seafood Cannery,9.65,12,0.0,115.80000305175781
10824,1998-01-09,1998,1,1998-01-01,1,Friday,FOLKO,Folk och fä HB,Sweden,Sin Región,8,Laura Callahan,70,Outback Lager,1,Beverages,7,"Pavlova, Ltd.",15.0,9,0.0,135.0
10825,1998-01-09,1998,1,1998-01-01,1,Friday,DRACD,Drachenblut Delikatessen,Germany,Sin Región,1,Nancy Davolio,26,Gumbär Gummibärchen,3,Confections,11,Heli Süßwaren GmbH & Co. KG,31.23,12,0.0,374.760009765625
10825,1998-01-09,1998,1,1998-01-01,1,Friday,DRACD,Drachenblut Delikatessen,Germany,Sin Región,1,Nancy Davolio,53,Perth Pasties,6,Meat/Poultry,24,"G'day, Mate",32.8,20,0.0,656.0
10826,1998-01-12,1998,1,1998-01-01,1,Monday,BLONP,Blondesddsl père et fils,France,Sin Región,6,Michael Suyama,31,Gorgonzola Telino,4,Dairy Products,14,Formaggi Fortini s.r.l.,12.5,35,0.0,437.5
10826,1998-01-12,1998,1,1998-01-01,1,Monday,BLONP,Blondesddsl père et fils,France,Sin Región,6,Michael Suyama,57,Ravioli Angelo,5,Grains/Cereals,26,Pasta Buttini s.r.l.,19.5,15,0.0,292.5
10827,1998-01-12,1998,1,1998-01-01,1,Monday,BONAP,Bon app',France,Sin Región,1,Nancy Davolio,10,Ikura,8,Seafood,4,Tokyo Traders,31.0,15,0.0,465.0
10827,1998-01-12,1998,1,1998-01-01,1,Monday,BONAP,Bon app',France,Sin Región,1,Nancy Davolio,39,Chartreuse verte,1,Beverages,18,Aux joyeux ecclésiastiques,18.0,21,0.0,378.0
10828,1998-01-13,1998,1,1998-01-01,1,Tuesday,RANCH,Rancho grande,Argentina,Sin Región,9,Anne Dodsworth,20,Sir Rodney's Marmalade,3,Confections,8,"Specialty Biscuits, Ltd.",81.0,5,0.0,405.0
10828,1998-01-13,1998,1,1998-01-01,1,Tuesday,RANCH,Rancho grande,Argentina,Sin Región,9,Anne Dodsworth,38,Côte de Blaye,1,Beverages,18,Aux joyeux ecclésiastiques,263.5,2,0.0,527.0
10829,1998-01-13,1998,1,1998-01-01,1,Tuesday,ISLAT,Island Trading,UK,Isle of Wight,9,Anne Dodsworth,2,Chang,1,Beverages,1,Exotic Liquids,19.0,10,0.0,190.0
10829,1998-01-13,1998,1,1998-01-01,1,Tuesday,ISLAT,Island Trading,UK,Isle of Wight,9,Anne Dodsworth,8,Northwoods Cranberry Sauce,2,Condiments,3,Grandma Kelly's Homestead,40.0,20,0.0,800.0
10829,1998-01-13,1998,1,1998-01-01,1,Tuesday,ISLAT,Island Trading,UK,Isle of Wight,9,Anne Dodsworth,13,Konbu,8,Seafood,6,Mayumi's,6.0,10,0.0,60.0
10829,1998-01-13,1998,1,1998-01-01,1,Tuesday,ISLAT,Island Trading,UK,Isle of Wight,9,Anne Dodsworth,60,Camembert Pierrot,4,Dairy Products,28,Gai pâturage,34.0,21,0.0,714.0
10830,1998-01-13,1998,1,1998-01-01,1,Tuesday,TRADH,Tradição Hipermercados,Brazil,SP,4,Margaret Peacock,6,Grandma's Boysenberry Spread,2,Condiments,3,Grandma Kelly's Homestead,25.0,6,0.0,150.0
10830,1998-01-13,1998,1,1998-01-01,1,Tuesday,TRADH,Tradição Hipermercados,Brazil,SP,4,Margaret Peacock,39,Chartreuse verte,1,Beverages,18,Aux joyeux ecclésiastiques,18.0,28,0.0,504.0
10830,1998-01-13,1998,1,1998-01-01,1,Tuesday,TRADH,Tradição Hipermercados,Brazil,SP,4,Margaret Peacock,60,Camembert Pierrot,4,Dairy Products,28,Gai pâturage,34.0,30,0.0,1020.0
10830,1998-01-13,1998,1,1998-01-01,1,Tuesday,TRADH,Tradição Hipermercados,Brazil,SP,4,Margaret Peacock,68,Scottish Longbreads,3,Confections,8,"Specialty Biscuits, Ltd.",12.5,24,0.0,300.0
10831,1998-01-14,1998,1,1998-01-01,1,Wednesday,SANTG,Santé Gourmet,Norway,Sin Región,3,Janet Leverling,19,Teatime Chocolate Biscuits,3,Confections,8,"Specialty Biscuits, Ltd.",9.2,2,0.0,18.399999618530273
10831,1998-01-14,1998,1,1998-01-01,1,Wednesday,SANTG,Santé Gourmet,Norway,Sin Región,3,Janet Leverling,35,Steeleye Stout,1,Beverages,16,Bigfoot Breweries,18.0,8,0.0,144.0
10831,1998-01-14,1998,1,1998-01-01,1,Wednesday,SANTG,Santé Gourmet,Norway,Sin Región,3,Janet Leverling,38,Côte de Blaye,1,Beverages,18,Aux joyeux ecclésiastiques,263.5,8,0.0,2108.0
10831,1998-01-14,1998,1,1998-01-01,1,Wednesday,SANTG,Santé Gourmet,Norway,Sin Región,3,Janet Leverling,43,Ipoh Coffee,1,Beverages,20,Leka Trading,46.0,9,0.0,414.0
10832,1998-01-14,1998,1,1998-01-01,1,Wednesday,LAMAI,La maison d'Asie,France,Sin Región,2,Andrew Fuller,13,Konbu,8,Seafood,6,Mayumi's,6.0,3,0.20000000298023224,14.40000057220459
10832,1998-01-14,1998,1,1998-01-01,1,Wednesday,LAMAI,La maison d'Asie,France,Sin Región,2,Andrew Fuller,25,NuNuCa Nuß-Nougat-Creme,3,Confections,11,Heli Süßwaren GmbH & Co. KG,14.0,10,0.20000000298023224,112.0
10832,1998-01-14,1998,1,1998-01-01,1,Wednesday,LAMAI,La maison d'Asie,France,Sin Región,2,Andrew Fuller,44,Gula Malacca,2,Condiments,20,Leka Trading,19.45,16,0.20000000298023224,248.9600067138672
10832,1998-01-14,1998,1,1998-01-01,1,Wednesday,LAMAI,La maison d'Asie,France,Sin Región,2,Andrew Fuller,64,Wimmers gute Semmelknödel,5,Grains/Cereals,12,Plutzer Lebensmittelgroßmärkte AG,33.25,3,0.0,99.75
10833,1998-01-15,1998,1,1998-01-01,1,Thursday,OTTIK,Ottilies Käseladen,Germany,Sin Región,6,Michael Suyama,7,Uncle Bob's Organic Dried Pears,7,Produce,3,Grandma Kelly's Homestead,30.0,20,0.10000000149011612,540.0
10833,1998-01-15,1998,1,1998-01-01,1,Thursday,OTTIK,Ottilies Käseladen,Germany,Sin Región,6,Michael Suyama,31,Gorgonzola Telino,4,Dairy Products,14,Formaggi Fortini s.r.l.,12.5,9,0.10000000149011612,101.25
10833,1998-01-15,1998,1,1998-01-01,1,Thursday,OTTIK,Ottilies Käseladen,Germany,Sin Región,6,Michael Suyama,53,Perth Pasties,6,Meat/Poultry,24,"G'day, Mate",32.8,9,0.10000000149011612,265.67999267578125
10834,1998-01-15,1998,1,1998-01-01,1,Thursday,TRADH,Tradição Hipermercados,Brazil,SP,1,Nancy Davolio,29,Thüringer Rostbratwurst,6,Meat/Poultry,12,Plutzer Lebensmittelgroßmärkte AG,123.79,8,0.05000000074505806,940.8040161132812
10834,1998-01-15,1998,1,1998-01-01,1,Thursday,TRADH,Tradição Hipermercados,Brazil,SP,1,Nancy Davolio,30,Nord-Ost Matjeshering,8,Seafood,13,Nord-Ost-Fisch Handelsgesellschaft mbH,25.89,20,0.05000000074505806,491.90997314453125
10835,1998-01-15,1998,1,1998-01-01,1,Thursday,ALFKI,Alfreds Futterkiste,Germany,Sin Región,1,Nancy Davolio,59,Raclette Courdavault,4,Dairy Products,28,Gai pâturage,55.0,15,0.0,825.0
10835,1998-01-15,1998,1,1998-01-01,1,Thursday,ALFKI,Alfreds Futterkiste,Germany,Sin Región,1,Nancy Davolio,77,Original Frankfurter grüne Soße,2,Condiments,12,Plutzer Lebensmittelgroßmärkte AG,13.0,2,0.20000000298023224,20.80000114440918
10836,1998-01-16,1998,1,1998-01-01,1,Friday,ERNSH,Ernst Handel,Austria,Sin Región,7,Robert King,22,Gustaf's Knäckebröd,5,Grains/Cereals,9,PB Knäckebröd AB,21.0,52,0.0,1092.0
10836,1998-01-16,1998,1,1998-01-01,1,Friday,ERNSH,Ernst Handel,Austria,Sin Región,7,Robert King,35,Steeleye Stout,1,Beverages,16,Bigfoot Breweries,18.0,6,0.0,108.0
10836,1998-01-16,1998,1,1998-01-01,1,Friday,ERNSH,Ernst Handel,Austria,Sin Región,7,Robert King,57,Ravioli Angelo,5,Grains/Cereals,26,Pasta Buttini s.r.l.,19.5,24,0.0,468.0
10836,1998-01-16,1998,1,1998-01-01,1,Friday,ERNSH,Ernst Handel,Austria,Sin Región,7,Robert King,60,Camembert Pierrot,4,Dairy Products,28,Gai pâturage,34.0,60,0.0,2040.0
10836,1998-01-16,1998,1,1998-01-01,1,Friday,ERNSH,Ernst Handel,Austria,Sin Región,7,Robert King,64,Wimmers gute Semmelknödel,5,Grains/Cereals,12,Plutzer Lebensmittelgroßmärkte AG,33.25,30,0.0,997.5
10837,1998-01-16,1998,1,1998-01-01,1,Friday,BERGS,Berglunds snabbköp,Sweden,Sin Región,9,Anne Dodsworth,13,Konbu,8,Seafood,6,Mayumi's,6.0,6,0.0,36.0
10837,1998-01-16,1998,1,1998-01-01,1,Friday,BERGS,Berglunds snabbköp,Sweden,Sin Región,9,Anne Dodsworth,40,Boston Crab Meat,8,Seafood,19,New England Seafood Cannery,18.4,25,0.0,460.0
10837,1998-01-16,1998,1,1998-01-01,1,Friday,BERGS,Berglunds snabbköp,Sweden,Sin Región,9,Anne Dodsworth,47,Zaanse koeken,3,Confections,22,Zaanse Snoepfabriek,9.5,40,0.25,285.0
10837,1998-01-16,1998,1,1998-01-01,1,Friday,BERGS,Berglunds snabbköp,Sweden,Sin Región,9,Anne Dodsworth,76,Lakkalikööri,1,Beverages,23,Karkki Oy,18.0,21,0.25,283.5
10838,1998-01-19,1998,1,1998-01-01,1,Monday,LINOD,LINO-Delicateses,Venezuela,Nueva Esparta,3,Janet Leverling,1,Chai,1,Beverages,1,Exotic Liquids,18.0,4,0.25,54.0
10838,1998-01-19,1998,1,1998-01-01,1,Monday,LINOD,LINO-Delicateses,Venezuela,Nueva Esparta,3,Janet Leverling,18,Carnarvon Tigers,8,Seafood,7,"Pavlova, Ltd.",62.5,25,0.25,1171.875
10838,1998-01-19,1998,1,1998-01-01,1,Monday,LINOD,LINO-Delicateses,Venezuela,Nueva Esparta,3,Janet Leverling,36,Inlagd Sill,8,Seafood,17,Svensk Sjöföda AB,19.0,50,0.25,712.5
10839,1998-01-19,1998,1,1998-01-01,1,Monday,TRADH,Tradição Hipermercados,Brazil,SP,3,Janet Leverling,58,Escargots de Bourgogne,8,Seafood,27,Escargots Nouveaux,13.25,30,0.10000000149011612,357.75
10839,1998-01-19,1998,1,1998-01-01,1,Monday,TRADH,Tradição Hipermercados,Brazil,SP,3,Janet Leverling,72,Mozzarella di Giovanni,4,Dairy Products,14,Formaggi Fortini s.r.l.,34.8,15,0.10000000149011612,469.79998779296875
10840,1998-01-19,1998,1,1998-01-01,1,Monday,LINOD,LINO-Delicateses,Venezuela,Nueva Esparta,4,Margaret Peacock,25,NuNuCa Nuß-Nougat-Creme,3,Confections,11,Heli Süßwaren GmbH & Co. KG,14.0,6,0.20000000298023224,67.20000457763672
10840,1998-01-19,1998,1,1998-01-01,1,Monday,LINOD,LINO-Delicateses,Venezuela,Nueva Esparta,4,Margaret Peacock,39,Chartreuse verte,1,Beverages,18,Aux joyeux ecclésiastiques,18.0,10,0.20000000298023224,144.0
10841,1998-01-20,1998,1,1998-01-01,1,Tuesday,SUPRD,Suprêmes délices,Belgium,Sin Región,5,Steven Buchanan,10,Ikura,8,Seafood,4,Tokyo Traders,31.0,16,0.0,496.0
10841,1998-01-20,1998,1,1998-01-01,1,Tuesday,SUPRD,Suprêmes délices,Belgium,Sin Región,5,Steven Buchanan,56,Gnocchi di nonna Alice,5,Grains/Cereals,26,Pasta Buttini s.r.l.,38.0,30,0.0,1140.0
10841,1998-01-20,1998,1,1998-01-01,1,Tuesday,SUPRD,Suprêmes délices,Belgium,Sin Región,5,Steven Buchanan,59,Raclette Courdavault,4,Dairy Products,28,Gai pâturage,55.0,50,0.0,2750.0
10841,1998-01-20,1998,1,1998-01-01,1,Tuesday,SUPRD,Suprêmes délices,Belgium,Sin Región,5,Steven Buchanan,77,Original Frankfurter grüne Soße,2,Condiments,12,Plutzer Lebensmittelgroßmärkte AG,13.0,15,0.0,195.0
10842,1998-01-20,1998,1,1998-01-01,1,Tuesday,TORTU,Tortuga Restaurante,Mexico,Sin Región,1,Nancy Davolio,11,Queso Cabrales,4,Dairy Products,5,Cooperativa de Quesos 'Las Cabras',21.0,15,0.0,315.0
10842,1998-01-20,1998,1,1998-01-01,1,Tuesday,TORTU,Tortuga Restaurante,Mexico,Sin Región,1,Nancy Davolio,43,Ipoh Coffee,1,Beverages,20,Leka Trading,46.0,5,0.0,230.0
10842,1998-01-20,1998,1,1998-01-01,1,Tuesday,TORTU,Tortuga Restaurante,Mexico,Sin Región,1,Nancy Davolio,68,Scottish Longbreads,3,Confections,8,"Specialty Biscuits, Ltd.",12.5,20,0.0,250.0
10842,1998-01-20,1998,1,1998-01-01,1,Tuesday,TORTU,Tortuga Restaurante,Mexico,Sin Región,1,Nancy Davolio,70,Outback Lager,1,Beverages,7,"Pavlova, Ltd.",15.0,12,0.0,180.0
10843,1998-01-21,1998,1,1998-01-01,1,Wednesday,VICTE,Victuailles en stock,France,Sin Región,4,Margaret Peacock,51,Manjimup Dried Apples,7,Produce,24,"G'day, Mate",53.0,4,0.25,159.0
10844,1998-01-21,1998,1,1998-01-01,1,Wednesday,PICCO,Piccolo und mehr,Austria,Sin Región,8,Laura Callahan,22,Gustaf's Knäckebröd,5,Grains/Cereals,9,PB Knäckebröd AB,21.0,35,0.0,735.0
10845,1998-01-21,1998,1,1998-01-01,1,Wednesday,QUICK,QUICK-Stop,Germany,Sin Región,8,Laura Callahan,23,Tunnbröd,5,Grains/Cereals,9,PB Knäckebröd AB,9.0,70,0.10000000149011612,567.0
10845,1998-01-21,1998,1,1998-01-01,1,Wednesday,QUICK,QUICK-Stop,Germany,Sin Región,8,Laura Callahan,35,Steeleye Stout,1,Beverages,16,Bigfoot Breweries,18.0,25,0.10000000149011612,405.0
10845,1998-01-21,1998,1,1998-01-01,1,Wednesday,QUICK,QUICK-Stop,Germany,Sin Región,8,Laura Callahan,42,Singaporean Hokkien Fried Mee,5,Grains/Cereals,20,Leka Trading,14.0,42,0.10000000149011612,529.2000122070312
10845,1998-01-21,1998,1,1998-01-01,1,Wednesday,QUICK,QUICK-Stop,Germany,Sin Región,8,Laura Callahan,58,Escargots de Bourgogne,8,Seafood,27,Escargots Nouveaux,13.25,60,0.10000000149011612,715.5
10845,1998-01-21,1998,1,1998-01-01,1,Wednesday,QUICK,QUICK-Stop,Germany,Sin Región,8,Laura Callahan,64,Wimmers gute Semmelknödel,5,Grains/Cereals,12,Plutzer Lebensmittelgroßmärkte AG,33.25,48,0.0,1596.0
10846,1998-01-22,1998,1,1998-01-01,1,Thursday,SUPRD,Suprêmes délices,Belgium,Sin Región,2,Andrew Fuller,4,Chef Anton's Cajun Seasoning,2,Condiments,2,New Orleans Cajun Delights,22.0,21,0.0,462.0
10846,1998-01-22,1998,1,1998-01-01,1,Thursday,SUPRD,Suprêmes délices,Belgium,Sin Región,2,Andrew Fuller,70,Outback Lager,1,Beverages,7,"Pavlova, Ltd.",15.0,30,0.0,450.0
10846,1998-01-22,1998,1,1998-01-01,1,Thursday,SUPRD,Suprêmes délices,Belgium,Sin Región,2,Andrew Fuller,74,Longlife Tofu,7,Produce,4,Tokyo Traders,10.0,20,0.0,200.0
10847,1998-01-22,1998,1,1998-01-01,1,Thursday,SAVEA,Save-a-lot Markets,USA,ID,4,Margaret Peacock,1,Chai,1,Beverages,1,Exotic Liquids,18.0,80,0.20000000298023224,1152.0
10847,1998-01-22,1998,1,1998-01-01,1,Thursday,SAVEA,Save-a-lot Markets,USA,ID,4,Margaret Peacock,19,Teatime Chocolate Biscuits,3,Confections,8,"Specialty Biscuits, Ltd.",9.2,12,0.20000000298023224,88.31999969482422
10847,1998-01-22,1998,1,1998-01-01,1,Thursday,SAVEA,Save-a-lot Markets,USA,ID,4,Margaret Peacock,37,Gravad lax,8,Seafood,17,Svensk Sjöföda AB,26.0,60,0.20000000298023224,1248.0
10847,1998-01-22,1998,1,1998-01-01,1,Thursday,SAVEA,Save-a-lot Markets,USA,ID,4,Margaret Peacock,45,Rogede sild,8,Seafood,21,Lyngbysild,9.5,36,0.20000000298023224,273.6000061035156
10847,1998-01-22,1998,1,1998-01-01,1,Thursday,SAVEA,Save-a-lot Markets,USA,ID,4,Margaret Peacock,60,Camembert Pierrot,4,Dairy Products,28,Gai pâturage,34.0,45,0.20000000298023224,1224.0
10847,1998-01-22,1998,1,1998-01-01,1,Thursday,SAVEA,Save-a-lot Markets,USA,ID,4,Margaret Peacock,71,Flotemysost,4,Dairy Products,15,Norske Meierier,21.5,55,0.20000000298023224,946.0
10848,1998-01-23,1998,1,1998-01-01,1,Friday,CONSH,Consolidated Holdings,UK,Sin Región,7,Robert King,5,Chef Anton's Gumbo Mix,2,Condiments,2,New Orleans Cajun Delights,21.35,30,0.0,640.5
10848,1998-01-23,1998,1,1998-01-01,1,Friday,CONSH,Consolidated Holdings,UK,Sin Región,7,Robert King,9,Mishi Kobe Niku,6,Meat/Poultry,4,Tokyo Traders,97.0,3,0.0,291.0
10849,1998-01-23,1998,1,1998-01-01,1,Friday,KOENE,Königlich Essen,Germany,Sin Región,9,Anne Dodsworth,3,Aniseed Syrup,2,Condiments,1,Exotic Liquids,10.0,49,0.0,490.0
10849,1998-01-23,1998,1,1998-01-01,1,Friday,KOENE,Königlich Essen,Germany,Sin Región,9,Anne Dodsworth,26,Gumbär Gummibärchen,3,Confections,11,Heli Süßwaren GmbH & Co. KG,31.23,18,0.15000000596046448,477.81903076171875
10850,1998-01-23,1998,1,1998-01-01,1,Friday,VICTE,Victuailles en stock,France,Sin Región,1,Nancy Davolio,25,NuNuCa Nuß-Nougat-Creme,3,Confections,11,Heli Süßwaren GmbH & Co. KG,14.0,20,0.15000000596046448,238.0
10850,1998-01-23,1998,1,1998-01-01,1,Friday,VICTE,Victuailles en stock,France,Sin Región,1,Nancy Davolio,33,Geitost,4,Dairy Products,15,Norske Meierier,2.5,4,0.15000000596046448,8.5
10850,1998-01-23,1998,1,1998-01-01,1,Friday,VICTE,Victuailles en stock,France,Sin Región,1,Nancy Davolio,70,Outback Lager,1,Beverages,7,"Pavlova, Ltd.",15.0,30,0.15000000596046448,382.5
10851,1998-01-26,1998,1,1998-01-01,1,Monday,RICAR,Ricardo Adocicados,Brazil,RJ,5,Steven Buchanan,2,Chang,1,Beverages,1,Exotic Liquids,19.0,5,0.05000000074505806,90.25
10851,1998-01-26,1998,1,1998-01-01,1,Monday,RICAR,Ricardo Adocicados,Brazil,RJ,5,Steven Buchanan,25,NuNuCa Nuß-Nougat-Creme,3,Confections,11,Heli Süßwaren GmbH & Co. KG,14.0,10,0.05000000074505806,133.0
10851,1998-01-26,1998,1,1998-01-01,1,Monday,RICAR,Ricardo Adocicados,Brazil,RJ,5,Steven Buchanan,57,Ravioli Angelo,5,Grains/Cereals,26,Pasta Buttini s.r.l.,19.5,10,0.05000000074505806,185.25
10851,1998-01-26,1998,1,1998-01-01,1,Monday,RICAR,Ricardo Adocicados,Brazil,RJ,5,Steven Buchanan,59,Raclette Courdavault,4,Dairy Products,28,Gai pâturage,55.0,42,0.05000000074505806,2194.5
10852,1998-01-26,1998,1,1998-01-01,1,Monday,RATTC,Rattlesnake Canyon Grocery,USA,NM,8,Laura Callahan,2,Chang,1,Beverages,1,Exotic Liquids,19.0,15,0.0,285.0
10852,1998-01-26,1998,1,1998-01-01,1,Monday,RATTC,Rattlesnake Canyon Grocery,USA,NM,8,Laura Callahan,17,Alice Mutton,6,Meat/Poultry,7,"Pavlova, Ltd.",39.0,6,0.0,234.0
10852,1998-01-26,1998,1,1998-01-01,1,Monday,RATTC,Rattlesnake Canyon Grocery,USA,NM,8,Laura Callahan,62,Tarte au sucre,3,Confections,29,Forêts d'érables,49.3,50,0.0,2465.0
10853,1998-01-27,1998,1,1998-01-01,1,Tuesday,BLAUS,Blauer See Delikatessen,Germany,Sin Región,9,Anne Dodsworth,18,Carnarvon Tigers,8,Seafood,7,"Pavlova, Ltd.",62.5,10,0.0,625.0
10854,1998-01-27,1998,1,1998-01-01,1,Tuesday,ERNSH,Ernst Handel,Austria,Sin Región,3,Janet Leverling,10,Ikura,8,Seafood,4,Tokyo Traders,31.0,100,0.15000000596046448,2635.0
10854,1998-01-27,1998,1,1998-01-01,1,Tuesday,ERNSH,Ernst Handel,Austria,Sin Región,3,Janet Leverling,13,Konbu,8,Seafood,6,Mayumi's,6.0,65,0.15000000596046448,331.5
10855,1998-01-27,1998,1,1998-01-01,1,Tuesday,OLDWO,Old World Delicatessen,USA,AK,3,Janet Leverling,16,Pavlova,3,Confections,7,"Pavlova, Ltd.",17.45,50,0.0,872.5
10855,1998-01-27,1998,1,1998-01-01,1,Tuesday,OLDWO,Old World Delicatessen,USA,AK,3,Janet Leverling,31,Gorgonzola Telino,4,Dairy Products,14,Formaggi Fortini s.r.l.,12.5,14,0.0,175.0
10855,1998-01-27,1998,1,1998-01-01,1,Tuesday,OLDWO,Old World Delicatessen,USA,AK,3,Janet Leverling,56,Gnocchi di nonna Alice,5,Grains/Cereals,26,Pasta Buttini s.r.l.,38.0,24,0.0,912.0
10855,1998-01-27,1998,1,1998-01-01,1,Tuesday,OLDWO,Old World Delicatessen,USA,AK,3,Janet Leverling,65,Louisiana Fiery Hot Pepper Sauce,2,Condiments,2,New Orleans Cajun Delights,21.05,15,0.15000000596046448,268.38751220703125
10856,1998-01-28,1998,1,1998-01-01,1,Wednesday,ANTON,Antonio Moreno Taquería,Mexico,Sin Región,3,Janet Leverling,2,Chang,1,Beverages,1,Exotic Liquids,19.0,20,0.0,380.0
10856,1998-01-28,1998,1,1998-01-01,1,Wednesday,ANTON,Antonio Moreno Taquería,Mexico,Sin Región,3,Janet Leverling,42,Singaporean Hokkien Fried Mee,5,Grains/Cereals,20,Leka Trading,14.0,20,0.0,280.0
10857,1998-01-28,1998,1,1998-01-01,1,Wednesday,BERGS,Berglunds snabbköp,Sweden,Sin Región,8,Laura Callahan,3,Aniseed Syrup,2,Condiments,1,Exotic Liquids,10.0,30,0.0,300.0
10857,1998-01-28,1998,1,1998-01-01,1,Wednesday,BERGS,Berglunds snabbköp,Sweden,Sin Región,8,Laura Callahan,26,Gumbär Gummibärchen,3,Confections,11,Heli Süßwaren GmbH & Co. KG,31.23,35,0.25,819.7875366210938
10857,1998-01-28,1998,1,1998-01-01,1,Wednesday,BERGS,Berglunds snabbköp,Sweden,Sin Región,8,Laura Callahan,29,Thüringer Rostbratwurst,6,Meat/Poultry,12,Plutzer Lebensmittelgroßmärkte AG,123.79,10,0.25,928.425048828125
10858,1998-01-29,1998,1,1998-01-01,1,Thursday,LACOR,La corne d'abondance,France,Sin Región,2,Andrew Fuller,7,Uncle Bob's Organic Dried Pears,7,Produce,3,Grandma Kelly's Homestead,30.0,5,0.0,150.0
10858,1998-01-29,1998,1,1998-01-01,1,Thursday,LACOR,La corne d'abondance,France,Sin Región,2,Andrew Fuller,27,Schoggi Schokolade,3,Confections,11,Heli Süßwaren GmbH & Co. KG,43.9,10,0.0,439.0
10858,1998-01-29,1998,1,1998-01-01,1,Thursday,LACOR,La corne d'abondance,France,Sin Región,2,Andrew Fuller,70,Outback Lager,1,Beverages,7,"Pavlova, Ltd.",15.0,4,0.0,60.0
10859,1998-01-29,1998,1,1998-01-01,1,Thursday,FRANK,Frankenversand,Germany,Sin Región,1,Nancy Davolio,24,Guaraná Fantástica,1,Beverages,10,Refrescos Americanas LTDA,4.5,40,0.25,135.0
10859,1998-01-29,1998,1,1998-01-01,1,Thursday,FRANK,Frankenversand,Germany,Sin Región,1,Nancy Davolio,54,Tourtière,6,Meat/Poultry,25,Ma Maison,7.45,35,0.25,195.5625
10859,1998-01-29,1998,1,1998-01-01,1,Thursday,FRANK,Frankenversand,Germany,Sin Región,1,Nancy Davolio,64,Wimmers gute Semmelknödel,5,Grains/Cereals,12,Plutzer Lebensmittelgroßmärkte AG,33.25,30,0.25,748.125
10860,1998-01-29,1998,1,1998-01-01,1,Thursday,FRANR,France restauration,France,Sin Región,3,Janet Leverling,51,Manjimup Dried Apples,7,Produce,24,"G'day, Mate",53.0,3,0.0,159.0
10860,1998-01-29,1998,1,1998-01-01,1,Thursday,FRANR,France restauration,France,Sin Región,3,Janet Leverling,76,Lakkalikööri,1,Beverages,23,Karkki Oy,18.0,20,0.0,360.0
10861,1998-01-30,1998,1,1998-01-01,1,Friday,WHITC,White Clover Markets,USA,WA,4,Margaret Peacock,17,Alice Mutton,6,Meat/Poultry,7,"Pavlova, Ltd.",39.0,42,0.0,1638.0
10861,1998-01-30,1998,1,1998-01-01,1,Friday,WHITC,White Clover Markets,USA,WA,4,Margaret Peacock,18,Carnarvon Tigers,8,Seafood,7,"Pavlova, Ltd.",62.5,20,0.0,1250.0
10861,1998-01-30,1998,1,1998-01-01,1,Friday,WHITC,White Clover Markets,USA,WA,4,Margaret Peacock,21,Sir Rodney's Scones,3,Confections,8,"Specialty Biscuits, Ltd.",10.0,40,0.0,400.0
10861,1998-01-30,1998,1,1998-01-01,1,Friday,WHITC,White Clover Markets,USA,WA,4,Margaret Peacock,33,Geitost,4,Dairy Products,15,Norske Meierier,2.5,35,0.0,87.5
10861,1998-01-30,1998,1,1998-01-01,1,Friday,WHITC,White Clover Markets,USA,WA,4,Margaret Peacock,62,Tarte au sucre,3,Confections,29,Forêts d'érables,49.3,3,0.0,147.89999389648438
10862,1998-01-30,1998,1,1998-01-01,1,Friday,LEHMS,Lehmanns Marktstand,Germany,Sin Región,8,Laura Callahan,11,Queso Cabrales,4,Dairy Products,5,Cooperativa de Quesos 'Las Cabras',21.0,25,0.0,525.0
10862,1998-01-30,1998,1,1998-01-01,1,Friday,LEHMS,Lehmanns Marktstand,Germany,Sin Región,8,Laura Callahan,52,Filo Mix,5,Grains/Cereals,24,"G'day, Mate",7.0,8,0.0,56.0
10863,1998-02-02,1998,2,1998-02-01,1,Monday,HILAA,HILARION-Abastos,Venezuela,Táchira,4,Margaret Peacock,1,Chai,1,Beverages,1,Exotic Liquids,18.0,20,0.15000000596046448,306.0
10863,1998-02-02,1998,2,1998-02-01,1,Monday,HILAA,HILARION-Abastos,Venezuela,Táchira,4,Margaret Peacock,58,Escargots de Bourgogne,8,Seafood,27,Escargots Nouveaux,13.25,12,0.15000000596046448,135.15000915527344
10864,1998-02-02,1998,2,1998-02-01,1,Monday,AROUT,Around the Horn,UK,Sin Región,4,Margaret Peacock,35,Steeleye Stout,1,Beverages,16,Bigfoot Breweries,18.0,4,0.0,72.0
10864,1998-02-02,1998,2,1998-02-01,1,Monday,AROUT,Around the Horn,UK,Sin Región,4,Margaret Peacock,67,Laughing Lumberjack Lager,1,Beverages,16,Bigfoot Breweries,14.0,15,0.0,210.0
10865,1998-02-02,1998,2,1998-02-01,1,Monday,QUICK,QUICK-Stop,Germany,Sin Región,2,Andrew Fuller,38,Côte de Blaye,1,Beverages,18,Aux joyeux ecclésiastiques,263.5,60,0.05000000074505806,15019.5
10865,1998-02-02,1998,2,1998-02-01,1,Monday,QUICK,QUICK-Stop,Germany,Sin Región,2,Andrew Fuller,39,Chartreuse verte,1,Beverages,18,Aux joyeux ecclésiastiques,18.0,80,0.05000000074505806,1368.0
10866,1998-02-03,1998,2,1998-02-01,1,Tuesday,BERGS,Berglunds snabbköp,Sweden,Sin Región,5,Steven Buchanan,2,Chang,1,Beverages,1,Exotic Liquids,19.0,21,0.25,299.25
10866,1998-02-03,1998,2,1998-02-01,1,Tuesday,BERGS,Berglunds snabbköp,Sweden,Sin Región,5,Steven Buchanan,24,Guaraná Fantástica,1,Beverages,10,Refrescos Americanas LTDA,4.5,6,0.25,20.25
10866,1998-02-03,1998,2,1998-02-01,1,Tuesday,BERGS,Berglunds snabbköp,Sweden,Sin Región,5,Steven Buchanan,30,Nord-Ost Matjeshering,8,Seafood,13,Nord-Ost-Fisch Handelsgesellschaft mbH,25.89,40,0.25,776.699951171875
10867,1998-02-03,1998,2,1998-02-01,1,Tuesday,LONEP,Lonesome Pine Restaurant,USA,OR,6,Michael Suyama,53,Perth Pasties,6,Meat/Poultry,24,"G'day, Mate",32.8,3,0.0,98.4000015258789
10868,1998-02-04,1998,2,1998-02-01,1,Wednesday,QUEEN,Queen Cozinha,Brazil,SP,7,Robert King,26,Gumbär Gummibärchen,3,Confections,11,Heli Süßwaren GmbH & Co. KG,31.23,20,0.0,624.5999755859375
10868,1998-02-04,1998,2,1998-02-01,1,Wednesday,QUEEN,Queen Cozinha,Brazil,SP,7,Robert King,35,Steeleye Stout,1,Beverages,16,Bigfoot Breweries,18.0,30,0.0,540.0
10868,1998-02-04,1998,2,1998-02-01,1,Wednesday,QUEEN,Queen Cozinha,Brazil,SP,7,Robert King,49,Maxilaku,3,Confections,23,Karkki Oy,20.0,42,0.10000000149011612,756.0
10869,1998-02-04,1998,2,1998-02-01,1,Wednesday,SEVES,Seven Seas Imports,UK,Sin Región,5,Steven Buchanan,1,Chai,1,Beverages,1,Exotic Liquids,18.0,40,0.0,720.0
10869,1998-02-04,1998,2,1998-02-01,1,Wednesday,SEVES,Seven Seas Imports,UK,Sin Región,5,Steven Buchanan,11,Queso Cabrales,4,Dairy Products,5,Cooperativa de Quesos 'Las Cabras',21.0,10,0.0,210.0
10869,1998-02-04,1998,2,1998-02-01,1,Wednesday,SEVES,Seven Seas Imports,UK,Sin Región,5,Steven Buchanan,23,Tunnbröd,5,Grains/Cereals,9,PB Knäckebröd AB,9.0,50,0.0,450.0
10869,1998-02-04,1998,2,1998-02-01,1,Wednesday,SEVES,Seven Seas Imports,UK,Sin Región,5,Steven Buchanan,68,Scottish Longbreads,3,Confections,8,"Specialty Biscuits, Ltd.",12.5,20,0.0,250.0
10870,1998-02-04,1998,2,1998-02-01,1,Wednesday,WOLZA,Wolski  Zajazd,Poland,Sin Región,5,Steven Buchanan,35,Steeleye Stout,1,Beverages,16,Bigfoot Breweries,18.0,3,0.0,54.0
10870,1998-02-04,1998,2,1998-02-01,1,Wednesday,WOLZA,Wolski  Zajazd,Poland,Sin Región,5,Steven Buchanan,51,Manjimup Dried Apples,7,Produce,24,"G'day, Mate",53.0,2,0.0,106.0
10871,1998-02-05,1998,2,1998-02-01,1,Thursday,BONAP,Bon app',France,Sin Región,9,Anne Dodsworth,6,Grandma's Boysenberry Spread,2,Condiments,3,Grandma Kelly's Homestead,25.0,50,0.05000000074505806,1187.5
10871,1998-02-05,1998,2,1998-02-01,1,Thursday,BONAP,Bon app',France,Sin Región,9,Anne Dodsworth,16,Pavlova,3,Confections,7,"Pavlova, Ltd.",17.45,12,0.05000000074505806,198.92999267578125
10871,1998-02-05,1998,2,1998-02-01,1,Thursday,BONAP,Bon app',France,Sin Región,9,Anne Dodsworth,17,Alice Mutton,6,Meat/Poultry,7,"Pavlova, Ltd.",39.0,16,0.05000000074505806,592.7999877929688
10872,1998-02-05,1998,2,1998-02-01,1,Thursday,GODOS,Godos Cocina Típica,Spain,Sin Región,5,Steven Buchanan,55,Pâté chinois,6,Meat/Poultry,25,Ma Maison,24.0,10,0.05000000074505806,228.0
10872,1998-02-05,1998,2,1998-02-01,1,Thursday,GODOS,Godos Cocina Típica,Spain,Sin Región,5,Steven Buchanan,62,Tarte au sucre,3,Confections,29,Forêts d'érables,49.3,20,0.05000000074505806,936.7000122070312
10872,1998-02-05,1998,2,1998-02-01,1,Thursday,GODOS,Godos Cocina Típica,Spain,Sin Región,5,Steven Buchanan,64,Wimmers gute Semmelknödel,5,Grains/Cereals,12,Plutzer Lebensmittelgroßmärkte AG,33.25,15,0.05000000074505806,473.8125
10872,1998-02-05,1998,2,1998-02-01,1,Thursday,GODOS,Godos Cocina Típica,Spain,Sin Región,5,Steven Buchanan,65,Louisiana Fiery Hot Pepper Sauce,2,Condiments,2,New Orleans Cajun Delights,21.05,21,0.05000000074505806,419.9474792480469
10873,1998-02-06,1998,2,1998-02-01,1,Friday,WILMK,Wilman Kala,Finland,Sin Región,4,Margaret Peacock,21,Sir Rodney's Scones,3,Confections,8,"Specialty Biscuits, Ltd.",10.0,20,0.0,200.0
10873,1998-02-06,1998,2,1998-02-01,1,Friday,WILMK,Wilman Kala,Finland,Sin Región,4,Margaret Peacock,28,Rössle Sauerkraut,7,Produce,12,Plutzer Lebensmittelgroßmärkte AG,45.6,3,0.0,136.8000030517578
10874,1998-02-06,1998,2,1998-02-01,1,Friday,GODOS,Godos Cocina Típica,Spain,Sin Región,5,Steven Buchanan,10,Ikura,8,Seafood,4,Tokyo Traders,31.0,10,0.0,310.0
10875,1998-02-06,1998,2,1998-02-01,1,Friday,BERGS,Berglunds snabbköp,Sweden,Sin Región,4,Margaret Peacock,19,Teatime Chocolate Biscuits,3,Confections,8,"Specialty Biscuits, Ltd.",9.2,25,0.0,230.0
10875,1998-02-06,1998,2,1998-02-01,1,Friday,BERGS,Berglunds snabbköp,Sweden,Sin Región,4,Margaret Peacock,47,Zaanse koeken,3,Confections,22,Zaanse Snoepfabriek,9.5,21,0.10000000149011612,179.54998779296875
10875,1998-02-06,1998,2,1998-02-01,1,Friday,BERGS,Berglunds snabbköp,Sweden,Sin Región,4,Margaret Peacock,49,Maxilaku,3,Confections,23,Karkki Oy,20.0,15,0.0,300.0
10876,1998-02-09,1998,2,1998-02-01,1,Monday,BONAP,Bon app',France,Sin Región,7,Robert King,46,Spegesild,8,Seafood,21,Lyngbysild,12.0,21,0.0,252.0
10876,1998-02-09,1998,2,1998-02-01,1,Monday,BONAP,Bon app',France,Sin Región,7,Robert King,64,Wimmers gute Semmelknödel,5,Grains/Cereals,12,Plutzer Lebensmittelgroßmärkte AG,33.25,20,0.0,665.0
10877,1998-02-09,1998,2,1998-02-01,1,Monday,RICAR,Ricardo Adocicados,Brazil,RJ,1,Nancy Davolio,16,Pavlova,3,Confections,7,"Pavlova, Ltd.",17.45,30,0.25,392.625
10877,1998-02-09,1998,2,1998-02-01,1,Monday,RICAR,Ricardo Adocicados,Brazil,RJ,1,Nancy Davolio,18,Carnarvon Tigers,8,Seafood,7,"Pavlova, Ltd.",62.5,25,0.0,1562.5
10878,1998-02-10,1998,2,1998-02-01,1,Tuesday,QUICK,QUICK-Stop,Germany,Sin Región,4,Margaret Peacock,20,Sir Rodney's Marmalade,3,Confections,8,"Specialty Biscuits, Ltd.",81.0,20,0.05000000074505806,1539.0
10879,1998-02-10,1998,2,1998-02-01,1,Tuesday,WILMK,Wilman Kala,Finland,Sin Región,3,Janet Leverling,40,Boston Crab Meat,8,Seafood,19,New England Seafood Cannery,18.4,12,0.0,220.8000030517578
10879,1998-02-10,1998,2,1998-02-01,1,Tuesday,WILMK,Wilman Kala,Finland,Sin Región,3,Janet Leverling,65,Louisiana Fiery Hot Pepper Sauce,2,Condiments,2,New Orleans Cajun Delights,21.05,10,0.0,210.5
10879,1998-02-10,1998,2,1998-02-01,1,Tuesday,WILMK,Wilman Kala,Finland,Sin Región,3,Janet Leverling,76,Lakkalikööri,1,Beverages,23,Karkki Oy,18.0,10,0.0,180.0
10880,1998-02-10,1998,2,1998-02-01,1,Tuesday,FOLKO,Folk och fä HB,Sweden,Sin Región,7,Robert King,23,Tunnbröd,5,Grains/Cereals,9,PB Knäckebröd AB,9.0,30,0.20000000298023224,216.0
10880,1998-02-10,1998,2,1998-02-01,1,Tuesday,FOLKO,Folk och fä HB,Sweden,Sin Región,7,Robert King,61,Sirop d'érable,2,Condiments,29,Forêts d'érables,28.5,30,0.20000000298023224,684.0
10880,1998-02-10,1998,2,1998-02-01,1,Tuesday,FOLKO,Folk och fä HB,Sweden,Sin Región,7,Robert King,70,Outback Lager,1,Beverages,7,"Pavlova, Ltd.",15.0,50,0.20000000298023224,600.0
10881,1998-02-11,1998,2,1998-02-01,1,Wednesday,CACTU,Cactus Comidas para llevar,Argentina,Sin Región,4,Margaret Peacock,73,Röd Kaviar,8,Seafood,17,Svensk Sjöföda AB,15.0,10,0.0,150.0
10882,1998-02-11,1998,2,1998-02-01,1,Wednesday,SAVEA,Save-a-lot Markets,USA,ID,4,Margaret Peacock,42,Singaporean Hokkien Fried Mee,5,Grains/Cereals,20,Leka Trading,14.0,25,0.0,350.0
10882,1998-02-11,1998,2,1998-02-01,1,Wednesday,SAVEA,Save-a-lot Markets,USA,ID,4,Margaret Peacock,49,Maxilaku,3,Confections,23,Karkki Oy,20.0,20,0.15000000596046448,340.0
10882,1998-02-11,1998,2,1998-02-01,1,Wednesday,SAVEA,Save-a-lot Markets,USA,ID,4,Margaret Peacock,54,Tourtière,6,Meat/Poultry,25,Ma Maison,7.45,32,0.15000000596046448,202.63999938964844
10883,1998-02-12,1998,2,1998-02-01,1,Thursday,LONEP,Lonesome Pine Restaurant,USA,OR,8,Laura Callahan,24,Guaraná Fantástica,1,Beverages,10,Refrescos Americanas LTDA,4.5,8,0.0,36.0
10884,1998-02-12,1998,2,1998-02-01,1,Thursday,LETSS,Let's Stop N Shop,USA,CA,4,Margaret Peacock,21,Sir Rodney's Scones,3,Confections,8,"Specialty Biscuits, Ltd.",10.0,40,0.05000000074505806,380.0
10884,1998-02-12,1998,2,1998-02-01,1,Thursday,LETSS,Let's Stop N Shop,USA,CA,4,Margaret Peacock,56,Gnocchi di nonna Alice,5,Grains/Cereals,26,Pasta Buttini s.r.l.,38.0,21,0.05000000074505806,758.0999755859375
10884,1998-02-12,1998,2,1998-02-01,1,Thursday,LETSS,Let's Stop N Shop,USA,CA,4,Margaret Peacock,65,Louisiana Fiery Hot Pepper Sauce,2,Condiments,2,New Orleans Cajun Delights,21.05,12,0.05000000074505806,239.97000122070312
10885,1998-02-12,1998,2,1998-02-01,1,Thursday,SUPRD,Suprêmes délices,Belgium,Sin Región,6,Michael Suyama,2,Chang,1,Beverages,1,Exotic Liquids,19.0,20,0.0,380.0
10885,1998-02-12,1998,2,1998-02-01,1,Thursday,SUPRD,Suprêmes délices,Belgium,Sin Región,6,Michael Suyama,24,Guaraná Fantástica,1,Beverages,10,Refrescos Americanas LTDA,4.5,12,0.0,54.0
10885,1998-02-12,1998,2,1998-02-01,1,Thursday,SUPRD,Suprêmes délices,Belgium,Sin Región,6,Michael Suyama,70,Outback Lager,1,Beverages,7,"Pavlova, Ltd.",15.0,30,0.0,450.0
10885,1998-02-12,1998,2,1998-02-01,1,Thursday,SUPRD,Suprêmes délices,Belgium,Sin Región,6,Michael Suyama,77,Original Frankfurter grüne Soße,2,Condiments,12,Plutzer Lebensmittelgroßmärkte AG,13.0,25,0.0,325.0
10886,1998-02-13,1998,2,1998-02-01,1,Friday,HANAR,Hanari Carnes,Brazil,RJ,1,Nancy Davolio,10,Ikura,8,Seafood,4,Tokyo Traders,31.0,70,0.0,2170.0
10886,1998-02-13,1998,2,1998-02-01,1,Friday,HANAR,Hanari Carnes,Brazil,RJ,1,Nancy Davolio,31,Gorgonzola Telino,4,Dairy Products,14,Formaggi Fortini s.r.l.,12.5,35,0.0,437.5
10886,1998-02-13,1998,2,1998-02-01,1,Friday,HANAR,Hanari Carnes,Brazil,RJ,1,Nancy Davolio,77,Original Frankfurter grüne Soße,2,Condiments,12,Plutzer Lebensmittelgroßmärkte AG,13.0,40,0.0,520.0
10887,1998-02-13,1998,2,1998-02-01,1,Friday,GALED,Galería del gastrónomo,Spain,Sin Región,8,Laura Callahan,25,NuNuCa Nuß-Nougat-Creme,3,Confections,11,Heli Süßwaren GmbH & Co. KG,14.0,5,0.0,70.0
10888,1998-02-16,1998,2,1998-02-01,1,Monday,GODOS,Godos Cocina Típica,Spain,Sin Región,1,Nancy Davolio,2,Chang,1,Beverages,1,Exotic Liquids,19.0,20,0.0,380.0
10888,1998-02-16,1998,2,1998-02-01,1,Monday,GODOS,Godos Cocina Típica,Spain,Sin Región,1,Nancy Davolio,68,Scottish Longbreads,3,Confections,8,"Specialty Biscuits, Ltd.",12.5,18,0.0,225.0
10889,1998-02-16,1998,2,1998-02-01,1,Monday,RATTC,Rattlesnake Canyon Grocery,USA,NM,9,Anne Dodsworth,11,Queso Cabrales,4,Dairy Products,5,Cooperativa de Quesos 'Las Cabras',21.0,40,0.0,840.0
10889,1998-02-16,1998,2,1998-02-01,1,Monday,RATTC,Rattlesnake Canyon Grocery,USA,NM,9,Anne Dodsworth,38,Côte de Blaye,1,Beverages,18,Aux joyeux ecclésiastiques,263.5,40,0.0,10540.0
10890,1998-02-16,1998,2,1998-02-01,1,Monday,DUMON,Du monde entier,France,Sin Región,7,Robert King,17,Alice Mutton,6,Meat/Poultry,7,"Pavlova, Ltd.",39.0,15,0.0,585.0
10890,1998-02-16,1998,2,1998-02-01,1,Monday,DUMON,Du monde entier,France,Sin Región,7,Robert King,34,Sasquatch Ale,1,Beverages,16,Bigfoot Breweries,14.0,10,0.0,140.0
10890,1998-02-16,1998,2,1998-02-01,1,Monday,DUMON,Du monde entier,France,Sin Región,7,Robert King,41,Jack's New England Clam Chowder,8,Seafood,19,New England Seafood Cannery,9.65,14,0.0,135.10000610351562
10891,1998-02-17,1998,2,1998-02-01,1,Tuesday,LEHMS,Lehmanns Marktstand,Germany,Sin Región,7,Robert King,30,Nord-Ost Matjeshering,8,Seafood,13,Nord-Ost-Fisch Handelsgesellschaft mbH,25.89,15,0.05000000074505806,368.9324951171875
10892,1998-02-17,1998,2,1998-02-01,1,Tuesday,MAISD,Maison Dewey,Belgium,Sin Región,4,Margaret Peacock,59,Raclette Courdavault,4,Dairy Products,28,Gai pâturage,55.0,40,0.05000000074505806,2090.0
10893,1998-02-18,1998,2,1998-02-01,1,Wednesday,KOENE,Königlich Essen,Germany,Sin Región,9,Anne Dodsworth,8,Northwoods Cranberry Sauce,2,Condiments,3,Grandma Kelly's Homestead,40.0,30,0.0,1200.0
10893,1998-02-18,1998,2,1998-02-01,1,Wednesday,KOENE,Königlich Essen,Germany,Sin Región,9,Anne Dodsworth,24,Guaraná Fantástica,1,Beverages,10,Refrescos Americanas LTDA,4.5,10,0.0,45.0
10893,1998-02-18,1998,2,1998-02-01,1,Wednesday,KOENE,Königlich Essen,Germany,Sin Región,9,Anne Dodsworth,29,Thüringer Rostbratwurst,6,Meat/Poultry,12,Plutzer Lebensmittelgroßmärkte AG,123.79,24,0.0,2970.9599609375
10893,1998-02-18,1998,2,1998-02-01,1,Wednesday,KOENE,Königlich Essen,Germany,Sin Región,9,Anne Dodsworth,30,Nord-Ost Matjeshering,8,Seafood,13,Nord-Ost-Fisch Handelsgesellschaft mbH,25.89,35,0.0,906.1500244140625
10893,1998-02-18,1998,2,1998-02-01,1,Wednesday,KOENE,Königlich Essen,Germany,Sin Región,9,Anne Dodsworth,36,Inlagd Sill,8,Seafood,17,Svensk Sjöföda AB,19.0,20,0.0,380.0
10894,1998-02-18,1998,2,1998-02-01,1,Wednesday,SAVEA,Save-a-lot Markets,USA,ID,1,Nancy Davolio,13,Konbu,8,Seafood,6,Mayumi's,6.0,28,0.05000000074505806,159.59999084472656
10894,1998-02-18,1998,2,1998-02-01,1,Wednesday,SAVEA,Save-a-lot Markets,USA,ID,1,Nancy Davolio,69,Gudbrandsdalsost,4,Dairy Products,15,Norske Meierier,36.0,50,0.05000000074505806,1710.0
10894,1998-02-18,1998,2,1998-02-01,1,Wednesday,SAVEA,Save-a-lot Markets,USA,ID,1,Nancy Davolio,75,Rhönbräu Klosterbier,1,Beverages,12,Plutzer Lebensmittelgroßmärkte AG,7.75,120,0.05000000074505806,883.5
10895,1998-02-18,1998,2,1998-02-01,1,Wednesday,ERNSH,Ernst Handel,Austria,Sin Región,3,Janet Leverling,24,Guaraná Fantástica,1,Beverages,10,Refrescos Americanas LTDA,4.5,110,0.0,495.0
10895,1998-02-18,1998,2,1998-02-01,1,Wednesday,ERNSH,Ernst Handel,Austria,Sin Región,3,Janet Leverling,39,Chartreuse verte,1,Beverages,18,Aux joyeux ecclésiastiques,18.0,45,0.0,810.0
10895,1998-02-18,1998,2,1998-02-01,1,Wednesday,ERNSH,Ernst Handel,Austria,Sin Región,3,Janet Leverling,40,Boston Crab Meat,8,Seafood,19,New England Seafood Cannery,18.4,91,0.0,1674.4000244140625
10895,1998-02-18,1998,2,1998-02-01,1,Wednesday,ERNSH,Ernst Handel,Austria,Sin Región,3,Janet Leverling,60,Camembert Pierrot,4,Dairy Products,28,Gai pâturage,34.0,100,0.0,3400.0
10896,1998-02-19,1998,2,1998-02-01,1,Thursday,MAISD,Maison Dewey,Belgium,Sin Región,7,Robert King,45,Rogede sild,8,Seafood,21,Lyngbysild,9.5,15,0.0,142.5
10896,1998-02-19,1998,2,1998-02-01,1,Thursday,MAISD,Maison Dewey,Belgium,Sin Región,7,Robert King,56,Gnocchi di nonna Alice,5,Grains/Cereals,26,Pasta Buttini s.r.l.,38.0,16,0.0,608.0
10897,1998-02-19,1998,2,1998-02-01,1,Thursday,HUNGO,Hungry Owl All-Night Grocers,Ireland,Co. Cork,3,Janet Leverling,29,Thüringer Rostbratwurst,6,Meat/Poultry,12,Plutzer Lebensmittelgroßmärkte AG,123.79,80,0.0,9903.2001953125
10897,1998-02-19,1998,2,1998-02-01,1,Thursday,HUNGO,Hungry Owl All-Night Grocers,Ireland,Co. Cork,3,Janet Leverling,30,Nord-Ost Matjeshering,8,Seafood,13,Nord-Ost-Fisch Handelsgesellschaft mbH,25.89,36,0.0,932.0399780273438
10898,1998-02-20,1998,2,1998-02-01,1,Friday,OCEAN,Océano Atlántico Ltda.,Argentina,Sin Región,4,Margaret Peacock,13,Konbu,8,Seafood,6,Mayumi's,6.0,5,0.0,30.0
10899,1998-02-20,1998,2,1998-02-01,1,Friday,LILAS,LILA-Supermercado,Venezuela,Lara,5,Steven Buchanan,39,Chartreuse verte,1,Beverages,18,Aux joyeux ecclésiastiques,18.0,8,0.15000000596046448,122.4000015258789
10900,1998-02-20,1998,2,1998-02-01,1,Friday,WELLI,Wellington Importadora,Brazil,SP,1,Nancy Davolio,70,Outback Lager,1,Beverages,7,"Pavlova, Ltd.",15.0,3,0.25,33.75
10901,1998-02-23,1998,2,1998-02-01,1,Monday,HILAA,HILARION-Abastos,Venezuela,Táchira,4,Margaret Peacock,41,Jack's New England Clam Chowder,8,Seafood,19,New England Seafood Cannery,9.65,30,0.0,289.5
10901,1998-02-23,1998,2,1998-02-01,1,Monday,HILAA,HILARION-Abastos,Venezuela,Táchira,4,Margaret Peacock,71,Flotemysost,4,Dairy Products,15,Norske Meierier,21.5,30,0.0,645.0
10902,1998-02-23,1998,2,1998-02-01,1,Monday,FOLKO,Folk och fä HB,Sweden,Sin Región,1,Nancy Davolio,55,Pâté chinois,6,Meat/Poultry,25,Ma Maison,24.0,30,0.15000000596046448,612.0
10902,1998-02-23,1998,2,1998-02-01,1,Monday,FOLKO,Folk och fä HB,Sweden,Sin Región,1,Nancy Davolio,62,Tarte au sucre,3,Confections,29,Forêts d'érables,49.3,6,0.15000000596046448,251.42999267578125
10903,1998-02-24,1998,2,1998-02-01,1,Tuesday,HANAR,Hanari Carnes,Brazil,RJ,3,Janet Leverling,13,Konbu,8,Seafood,6,Mayumi's,6.0,40,0.0,240.0
10903,1998-02-24,1998,2,1998-02-01,1,Tuesday,HANAR,Hanari Carnes,Brazil,RJ,3,Janet Leverling,65,Louisiana Fiery Hot Pepper Sauce,2,Condiments,2,New Orleans Cajun Delights,21.05,21,0.0,442.04998779296875
10903,1998-02-24,1998,2,1998-02-01,1,Tuesday,HANAR,Hanari Carnes,Brazil,RJ,3,Janet Leverling,68,Scottish Longbreads,3,Confections,8,"Specialty Biscuits, Ltd.",12.5,20,0.0,250.0
10904,1998-02-24,1998,2,1998-02-01,1,Tuesday,WHITC,White Clover Markets,USA,WA,3,Janet Leverling,58,Escargots de Bourgogne,8,Seafood,27,Escargots Nouveaux,13.25,15,0.0,198.75
10904,1998-02-24,1998,2,1998-02-01,1,Tuesday,WHITC,White Clover Markets,USA,WA,3,Janet Leverling,62,Tarte au sucre,3,Confections,29,Forêts d'érables,49.3,35,0.0,1725.5
10905,1998-02-24,1998,2,1998-02-01,1,Tuesday,WELLI,Wellington Importadora,Brazil,SP,9,Anne Dodsworth,1,Chai,1,Beverages,1,Exotic Liquids,18.0,20,0.05000000074505806,342.0
10906,1998-02-25,1998,2,1998-02-01,1,Wednesday,WOLZA,Wolski  Zajazd,Poland,Sin Región,4,Margaret Peacock,61,Sirop d'érable,2,Condiments,29,Forêts d'érables,28.5,15,0.0,427.5
10907,1998-02-25,1998,2,1998-02-01,1,Wednesday,SPECD,Spécialités du monde,France,Sin Región,6,Michael Suyama,75,Rhönbräu Klosterbier,1,Beverages,12,Plutzer Lebensmittelgroßmärkte AG,7.75,14,0.0,108.5
10908,1998-02-26,1998,2,1998-02-01,1,Thursday,REGGC,Reggiani Caseifici,Italy,Sin Región,4,Margaret Peacock,7,Uncle Bob's Organic Dried Pears,7,Produce,3,Grandma Kelly's Homestead,30.0,20,0.05000000074505806,570.0
10908,1998-02-26,1998,2,1998-02-01,1,Thursday,REGGC,Reggiani Caseifici,Italy,Sin Región,4,Margaret Peacock,52,Filo Mix,5,Grains/Cereals,24,"G'day, Mate",7.0,14,0.05000000074505806,93.0999984741211
10909,1998-02-26,1998,2,1998-02-01,1,Thursday,SANTG,Santé Gourmet,Norway,Sin Región,1,Nancy Davolio,7,Uncle Bob's Organic Dried Pears,7,Produce,3,Grandma Kelly's Homestead,30.0,12,0.0,360.0
10909,1998-02-26,1998,2,1998-02-01,1,Thursday,SANTG,Santé Gourmet,Norway,Sin Región,1,Nancy Davolio,16,Pavlova,3,Confections,7,"Pavlova, Ltd.",17.45,15,0.0,261.75
10909,1998-02-26,1998,2,1998-02-01,1,Thursday,SANTG,Santé Gourmet,Norway,Sin Región,1,Nancy Davolio,41,Jack's New England Clam Chowder,8,Seafood,19,New England Seafood Cannery,9.65,5,0.0,48.25
10910,1998-02-26,1998,2,1998-02-01,1,Thursday,WILMK,Wilman Kala,Finland,Sin Región,1,Nancy Davolio,19,Teatime Chocolate Biscuits,3,Confections,8,"Specialty Biscuits, Ltd.",9.2,12,0.0,110.4000015258789
10910,1998-02-26,1998,2,1998-02-01,1,Thursday,WILMK,Wilman Kala,Finland,Sin Región,1,Nancy Davolio,49,Maxilaku,3,Confections,23,Karkki Oy,20.0,10,0.0,200.0
10910,1998-02-26,1998,2,1998-02-01,1,Thursday,WILMK,Wilman Kala,Finland,Sin Región,1,Nancy Davolio,61,Sirop d'érable,2,Condiments,29,Forêts d'érables,28.5,5,0.0,142.5
10911,1998-02-26,1998,2,1998-02-01,1,Thursday,GODOS,Godos Cocina Típica,Spain,Sin Región,3,Janet Leverling,1,Chai,1,Beverages,1,Exotic Liquids,18.0,10,0.0,180.0
10911,1998-02-26,1998,2,1998-02-01,1,Thursday,GODOS,Godos Cocina Típica,Spain,Sin Región,3,Janet Leverling,17,Alice Mutton,6,Meat/Poultry,7,"Pavlova, Ltd.",39.0,12,0.0,468.0
10911,1998-02-26,1998,2,1998-02-01,1,Thursday,GODOS,Godos Cocina Típica,Spain,Sin Región,3,Janet Leverling,67,Laughing Lumberjack Lager,1,Beverages,16,Bigfoot Breweries,14.0,15,0.0,210.0
10912,1998-02-26,1998,2,1998-02-01,1,Thursday,HUNGO,Hungry Owl All-Night Grocers,Ireland,Co. Cork,2,Andrew Fuller,11,Queso Cabrales,4,Dairy Products,5,Cooperativa de Quesos 'Las Cabras',21.0,40,0.25,630.0
10912,1998-02-26,1998,2,1998-02-01,1,Thursday,HUNGO,Hungry Owl All-Night Grocers,Ireland,Co. Cork,2,Andrew Fuller,29,Thüringer Rostbratwurst,6,Meat/Poultry,12,Plutzer Lebensmittelgroßmärkte AG,123.79,60,0.25,5570.5498046875
10913,1998-02-26,1998,2,1998-02-01,1,Thursday,QUEEN,Queen Cozinha,Brazil,SP,4,Margaret Peacock,4,Chef Anton's Cajun Seasoning,2,Condiments,2,New Orleans Cajun Delights,22.0,30,0.25,495.0
10913,1998-02-26,1998,2,1998-02-01,1,Thursday,QUEEN,Queen Cozinha,Brazil,SP,4,Margaret Peacock,33,Geitost,4,Dairy Products,15,Norske Meierier,2.5,40,0.25,75.0
10913,1998-02-26,1998,2,1998-02-01,1,Thursday,QUEEN,Queen Cozinha,Brazil,SP,4,Margaret Peacock,58,Escargots de Bourgogne,8,Seafood,27,Escargots Nouveaux,13.25,15,0.0,198.75
10914,1998-02-27,1998,2,1998-02-01,1,Friday,QUEEN,Queen Cozinha,Brazil,SP,6,Michael Suyama,71,Flotemysost,4,Dairy Products,15,Norske Meierier,21.5,25,0.0,537.5
10915,1998-02-27,1998,2,1998-02-01,1,Friday,TORTU,Tortuga Restaurante,Mexico,Sin Región,2,Andrew Fuller,17,Alice Mutton,6,Meat/Poultry,7,"Pavlova, Ltd.",39.0,10,0.0,390.0
10915,1998-02-27,1998,2,1998-02-01,1,Friday,TORTU,Tortuga Restaurante,Mexico,Sin Región,2,Andrew Fuller,33,Geitost,4,Dairy Products,15,Norske Meierier,2.5,30,0.0,75.0
10915,1998-02-27,1998,2,1998-02-01,1,Friday,TORTU,Tortuga Restaurante,Mexico,Sin Región,2,Andrew Fuller,54,Tourtière,6,Meat/Poultry,25,Ma Maison,7.45,10,0.0,74.5
10916,1998-02-27,1998,2,1998-02-01,1,Friday,RANCH,Rancho grande,Argentina,Sin Región,1,Nancy Davolio,16,Pavlova,3,Confections,7,"Pavlova, Ltd.",17.45,6,0.0,104.69999694824219
10916,1998-02-27,1998,2,1998-02-01,1,Friday,RANCH,Rancho grande,Argentina,Sin Región,1,Nancy Davolio,32,Mascarpone Fabioli,4,Dairy Products,14,Formaggi Fortini s.r.l.,32.0,6,0.0,192.0
10916,1998-02-27,1998,2,1998-02-01,1,Friday,RANCH,Rancho grande,Argentina,Sin Región,1,Nancy Davolio,57,Ravioli Angelo,5,Grains/Cereals,26,Pasta Buttini s.r.l.,19.5,20,0.0,390.0
10917,1998-03-02,1998,3,1998-03-01,1,Monday,ROMEY,Romero y tomillo,Spain,Sin Región,4,Margaret Peacock,30,Nord-Ost Matjeshering,8,Seafood,13,Nord-Ost-Fisch Handelsgesellschaft mbH,25.89,1,0.0,25.889999389648438
10917,1998-03-02,1998,3,1998-03-01,1,Monday,ROMEY,Romero y tomillo,Spain,Sin Región,4,Margaret Peacock,60,Camembert Pierrot,4,Dairy Products,28,Gai pâturage,34.0,10,0.0,340.0
10918,1998-03-02,1998,3,1998-03-01,1,Monday,BOTTM,Bottom-Dollar Markets,Canada,BC,3,Janet Leverling,1,Chai,1,Beverages,1,Exotic Liquids,18.0,60,0.25,810.0
10918,1998-03-02,1998,3,1998-03-01,1,Monday,BOTTM,Bottom-Dollar Markets,Canada,BC,3,Janet Leverling,60,Camembert Pierrot,4,Dairy Products,28,Gai pâturage,34.0,25,0.25,637.5
10919,1998-03-02,1998,3,1998-03-01,1,Monday,LINOD,LINO-Delicateses,Venezuela,Nueva Esparta,2,Andrew Fuller,16,Pavlova,3,Confections,7,"Pavlova, Ltd.",17.45,24,0.0,418.79998779296875
10919,1998-03-02,1998,3,1998-03-01,1,Monday,LINOD,LINO-Delicateses,Venezuela,Nueva Esparta,2,Andrew Fuller,25,NuNuCa Nuß-Nougat-Creme,3,Confections,11,Heli Süßwaren GmbH & Co. KG,14.0,24,0.0,336.0
10919,1998-03-02,1998,3,1998-03-01,1,Monday,LINOD,LINO-Delicateses,Venezuela,Nueva Esparta,2,Andrew Fuller,40,Boston Crab Meat,8,Seafood,19,New England Seafood Cannery,18.4,20,0.0,368.0
10920,1998-03-03,1998,3,1998-03-01,1,Tuesday,AROUT,Around the Horn,UK,Sin Región,4,Margaret Peacock,50,Valkoinen suklaa,3,Confections,23,Karkki Oy,16.25,24,0.0,390.0
10921,1998-03-03,1998,3,1998-03-01,1,Tuesday,VAFFE,Vaffeljernet,Denmark,Sin Región,1,Nancy Davolio,35,Steeleye Stout,1,Beverages,16,Bigfoot Breweries,18.0,10,0.0,180.0
10921,1998-03-03,1998,3,1998-03-01,1,Tuesday,VAFFE,Vaffeljernet,Denmark,Sin Región,1,Nancy Davolio,63,Vegie-spread,2,Condiments,7,"Pavlova, Ltd.",43.9,40,0.0,1756.0
10922,1998-03-03,1998,3,1998-03-01,1,Tuesday,HANAR,Hanari Carnes,Brazil,RJ,5,Steven Buchanan,17,Alice Mutton,6,Meat/Poultry,7,"Pavlova, Ltd.",39.0,15,0.0,585.0
10922,1998-03-03,1998,3,1998-03-01,1,Tuesday,HANAR,Hanari Carnes,Brazil,RJ,5,Steven Buchanan,24,Guaraná Fantástica,1,Beverages,10,Refrescos Americanas LTDA,4.5,35,0.0,157.5
10923,1998-03-03,1998,3,1998-03-01,1,Tuesday,LAMAI,La maison d'Asie,France,Sin Región,7,Robert King,42,Singaporean Hokkien Fried Mee,5,Grains/Cereals,20,Leka Trading,14.0,10,0.20000000298023224,112.0
10923,1998-03-03,1998,3,1998-03-01,1,Tuesday,LAMAI,La maison d'Asie,France,Sin Región,7,Robert King,43,Ipoh Coffee,1,Beverages,20,Leka Trading,46.0,10,0.20000000298023224,368.0
10923,1998-03-03,1998,3,1998-03-01,1,Tuesday,LAMAI,La maison d'Asie,France,Sin Región,7,Robert King,67,Laughing Lumberjack Lager,1,Beverages,16,Bigfoot Breweries,14.0,24,0.20000000298023224,268.8000183105469
10924,1998-03-04,1998,3,1998-03-01,1,Wednesday,BERGS,Berglunds snabbköp,Sweden,Sin Región,3,Janet Leverling,10,Ikura,8,Seafood,4,Tokyo Traders,31.0,20,0.10000000149011612,558.0
10924,1998-03-04,1998,3,1998-03-01,1,Wednesday,BERGS,Berglunds snabbköp,Sweden,Sin Región,3,Janet Leverling,28,Rössle Sauerkraut,7,Produce,12,Plutzer Lebensmittelgroßmärkte AG,45.6,30,0.10000000149011612,1231.199951171875
10924,1998-03-04,1998,3,1998-03-01,1,Wednesday,BERGS,Berglunds snabbköp,Sweden,Sin Región,3,Janet Leverling,75,Rhönbräu Klosterbier,1,Beverages,12,Plutzer Lebensmittelgroßmärkte AG,7.75,6,0.0,46.5
10925,1998-03-04,1998,3,1998-03-01,1,Wednesday,HANAR,Hanari Carnes,Brazil,RJ,3,Janet Leverling,36,Inlagd Sill,8,Seafood,17,Svensk Sjöföda AB,19.0,25,0.15000000596046448,403.75
10925,1998-03-04,1998,3,1998-03-01,1,Wednesday,HANAR,Hanari Carnes,Brazil,RJ,3,Janet Leverling,52,Filo Mix,5,Grains/Cereals,24,"G'day, Mate",7.0,12,0.15000000596046448,71.4000015258789
10926,1998-03-04,1998,3,1998-03-01,1,Wednesday,ANATR,Ana Trujillo Emparedados y helados,Mexico,Sin Región,4,Margaret Peacock,11,Queso Cabrales,4,Dairy Products,5,Cooperativa de Quesos 'Las Cabras',21.0,2,0.0,42.0
10926,1998-03-04,1998,3,1998-03-01,1,Wednesday,ANATR,Ana Trujillo Emparedados y helados,Mexico,Sin Región,4,Margaret Peacock,13,Konbu,8,Seafood,6,Mayumi's,6.0,10,0.0,60.0
10926,1998-03-04,1998,3,1998-03-01,1,Wednesday,ANATR,Ana Trujillo Emparedados y helados,Mexico,Sin Región,4,Margaret Peacock,19,Teatime Chocolate Biscuits,3,Confections,8,"Specialty Biscuits, Ltd.",9.2,7,0.0,64.4000015258789
10926,1998-03-04,1998,3,1998-03-01,1,Wednesday,ANATR,Ana Trujillo Emparedados y helados,Mexico,Sin Región,4,Margaret Peacock,72,Mozzarella di Giovanni,4,Dairy Products,14,Formaggi Fortini s.r.l.,34.8,10,0.0,348.0
10927,1998-03-05,1998,3,1998-03-01,1,Thursday,LACOR,La corne d'abondance,France,Sin Región,4,Margaret Peacock,20,Sir Rodney's Marmalade,3,Confections,8,"Specialty Biscuits, Ltd.",81.0,5,0.0,405.0
10927,1998-03-05,1998,3,1998-03-01,1,Thursday,LACOR,La corne d'abondance,France,Sin Región,4,Margaret Peacock,52,Filo Mix,5,Grains/Cereals,24,"G'day, Mate",7.0,5,0.0,35.0
10927,1998-03-05,1998,3,1998-03-01,1,Thursday,LACOR,La corne d'abondance,France,Sin Región,4,Margaret Peacock,76,Lakkalikööri,1,Beverages,23,Karkki Oy,18.0,20,0.0,360.0
10928,1998-03-05,1998,3,1998-03-01,1,Thursday,GALED,Galería del gastrónomo,Spain,Sin Región,1,Nancy Davolio,47,Zaanse koeken,3,Confections,22,Zaanse Snoepfabriek,9.5,5,0.0,47.5
10928,1998-03-05,1998,3,1998-03-01,1,Thursday,GALED,Galería del gastrónomo,Spain,Sin Región,1,Nancy Davolio,76,Lakkalikööri,1,Beverages,23,Karkki Oy,18.0,5,0.0,90.0
10929,1998-03-05,1998,3,1998-03-01,1,Thursday,FRANK,Frankenversand,Germany,Sin Región,6,Michael Suyama,21,Sir Rodney's Scones,3,Confections,8,"Specialty Biscuits, Ltd.",10.0,60,0.0,600.0
10929,1998-03-05,1998,3,1998-03-01,1,Thursday,FRANK,Frankenversand,Germany,Sin Región,6,Michael Suyama,75,Rhönbräu Klosterbier,1,Beverages,12,Plutzer Lebensmittelgroßmärkte AG,7.75,49,0.0,379.75
10929,1998-03-05,1998,3,1998-03-01,1,Thursday,FRANK,Frankenversand,Germany,Sin Región,6,Michael Suyama,77,Original Frankfurter grüne Soße,2,Condiments,12,Plutzer Lebensmittelgroßmärkte AG,13.0,15,0.0,195.0
10930,1998-03-06,1998,3,1998-03-01,1,Friday,SUPRD,Suprêmes délices,Belgium,Sin Región,4,Margaret Peacock,21,Sir Rodney's Scones,3,Confections,8,"Specialty Biscuits, Ltd.",10.0,36,0.0,360.0
10930,1998-03-06,1998,3,1998-03-01,1,Friday,SUPRD,Suprêmes délices,Belgium,Sin Región,4,Margaret Peacock,27,Schoggi Schokolade,3,Confections,11,Heli Süßwaren GmbH & Co. KG,43.9,25,0.0,1097.5
10930,1998-03-06,1998,3,1998-03-01,1,Friday,SUPRD,Suprêmes délices,Belgium,Sin Región,4,Margaret Peacock,55,Pâté chinois,6,Meat/Poultry,25,Ma Maison,24.0,25,0.20000000298023224,480.0
10930,1998-03-06,1998,3,1998-03-01,1,Friday,SUPRD,Suprêmes délices,Belgium,Sin Región,4,Margaret Peacock,58,Escargots de Bourgogne,8,Seafood,27,Escargots Nouveaux,13.25,30,0.20000000298023224,318.0
10931,1998-03-06,1998,3,1998-03-01,1,Friday,RICSU,Richter Supermarkt,Switzerland,Sin Región,4,Margaret Peacock,13,Konbu,8,Seafood,6,Mayumi's,6.0,42,0.15000000596046448,214.20001220703125
10931,1998-03-06,1998,3,1998-03-01,1,Friday,RICSU,Richter Supermarkt,Switzerland,Sin Región,4,Margaret Peacock,57,Ravioli Angelo,5,Grains/Cereals,26,Pasta Buttini s.r.l.,19.5,30,0.0,585.0
10932,1998-03-06,1998,3,1998-03-01,1,Friday,BONAP,Bon app',France,Sin Región,8,Laura Callahan,16,Pavlova,3,Confections,7,"Pavlova, Ltd.",17.45,30,0.10000000149011612,471.1499938964844
10932,1998-03-06,1998,3,1998-03-01,1,Friday,BONAP,Bon app',France,Sin Región,8,Laura Callahan,62,Tarte au sucre,3,Confections,29,Forêts d'érables,49.3,14,0.10000000149011612,621.1799926757812
10932,1998-03-06,1998,3,1998-03-01,1,Friday,BONAP,Bon app',France,Sin Región,8,Laura Callahan,72,Mozzarella di Giovanni,4,Dairy Products,14,Formaggi Fortini s.r.l.,34.8,16,0.0,556.7999877929688
10932,1998-03-06,1998,3,1998-03-01,1,Friday,BONAP,Bon app',France,Sin Región,8,Laura Callahan,75,Rhönbräu Klosterbier,1,Beverages,12,Plutzer Lebensmittelgroßmärkte AG,7.75,20,0.10000000149011612,139.5
10933,1998-03-06,1998,3,1998-03-01,1,Friday,ISLAT,Island Trading,UK,Isle of Wight,6,Michael Suyama,53,Perth Pasties,6,Meat/Poultry,24,"G'day, Mate",32.8,2,0.0,65.5999984741211
10933,1998-03-06,1998,3,1998-03-01,1,Friday,ISLAT,Island Trading,UK,Isle of Wight,6,Michael Suyama,61,Sirop d'érable,2,Condiments,29,Forêts d'érables,28.5,30,0.0,855.0
10934,1998-03-09,1998,3,1998-03-01,1,Monday,LEHMS,Lehmanns Marktstand,Germany,Sin Región,3,Janet Leverling,6,Grandma's Boysenberry Spread,2,Condiments,3,Grandma Kelly's Homestead,25.0,20,0.0,500.0
10935,1998-03-09,1998,3,1998-03-01,1,Monday,WELLI,Wellington Importadora,Brazil,SP,4,Margaret Peacock,1,Chai,1,Beverages,1,Exotic Liquids,18.0,21,0.0,378.0
10935,1998-03-09,1998,3,1998-03-01,1,Monday,WELLI,Wellington Importadora,Brazil,SP,4,Margaret Peacock,18,Carnarvon Tigers,8,Seafood,7,"Pavlova, Ltd.",62.5,4,0.25,187.5
10935,1998-03-09,1998,3,1998-03-01,1,Monday,WELLI,Wellington Importadora,Brazil,SP,4,Margaret Peacock,23,Tunnbröd,5,Grains/Cereals,9,PB Knäckebröd AB,9.0,8,0.25,54.0
10936,1998-03-09,1998,3,1998-03-01,1,Monday,GREAL,Great Lakes Food Market,USA,OR,3,Janet Leverling,36,Inlagd Sill,8,Seafood,17,Svensk Sjöföda AB,19.0,30,0.20000000298023224,456.0
10937,1998-03-10,1998,3,1998-03-01,1,Tuesday,CACTU,Cactus Comidas para llevar,Argentina,Sin Región,7,Robert King,28,Rössle Sauerkraut,7,Produce,12,Plutzer Lebensmittelgroßmärkte AG,45.6,8,0.0,364.79998779296875
10937,1998-03-10,1998,3,1998-03-01,1,Tuesday,CACTU,Cactus Comidas para llevar,Argentina,Sin Región,7,Robert King,34,Sasquatch Ale,1,Beverages,16,Bigfoot Breweries,14.0,20,0.0,280.0
10938,1998-03-10,1998,3,1998-03-01,1,Tuesday,QUICK,QUICK-Stop,Germany,Sin Región,3,Janet Leverling,13,Konbu,8,Seafood,6,Mayumi's,6.0,20,0.25,90.0
10938,1998-03-10,1998,3,1998-03-01,1,Tuesday,QUICK,QUICK-Stop,Germany,Sin Región,3,Janet Leverling,43,Ipoh Coffee,1,Beverages,20,Leka Trading,46.0,24,0.25,828.0
10938,1998-03-10,1998,3,1998-03-01,1,Tuesday,QUICK,QUICK-Stop,Germany,Sin Región,3,Janet Leverling,60,Camembert Pierrot,4,Dairy Products,28,Gai pâturage,34.0,49,0.25,1249.5
10938,1998-03-10,1998,3,1998-03-01,1,Tuesday,QUICK,QUICK-Stop,Germany,Sin Región,3,Janet Leverling,71,Flotemysost,4,Dairy Products,15,Norske Meierier,21.5,35,0.25,564.375
10939,1998-03-10,1998,3,1998-03-01,1,Tuesday,MAGAA,Magazzini Alimentari Riuniti,Italy,Sin Región,2,Andrew Fuller,2,Chang,1,Beverages,1,Exotic Liquids,19.0,10,0.15000000596046448,161.5
10939,1998-03-10,1998,3,1998-03-01,1,Tuesday,MAGAA,Magazzini Alimentari Riuniti,Italy,Sin Región,2,Andrew Fuller,67,Laughing Lumberjack Lager,1,Beverages,16,Bigfoot Breweries,14.0,40,0.15000000596046448,476.0
10940,1998-03-11,1998,3,1998-03-01,1,Wednesday,BONAP,Bon app',France,Sin Región,8,Laura Callahan,7,Uncle Bob's Organic Dried Pears,7,Produce,3,Grandma Kelly's Homestead,30.0,8,0.0,240.0
10940,1998-03-11,1998,3,1998-03-01,1,Wednesday,BONAP,Bon app',France,Sin Región,8,Laura Callahan,13,Konbu,8,Seafood,6,Mayumi's,6.0,20,0.0,120.0
10941,1998-03-11,1998,3,1998-03-01,1,Wednesday,SAVEA,Save-a-lot Markets,USA,ID,7,Robert King,31,Gorgonzola Telino,4,Dairy Products,14,Formaggi Fortini s.r.l.,12.5,44,0.25,412.5
10941,1998-03-11,1998,3,1998-03-01,1,Wednesday,SAVEA,Save-a-lot Markets,USA,ID,7,Robert King,62,Tarte au sucre,3,Confections,29,Forêts d'érables,49.3,30,0.25,1109.25
10941,1998-03-11,1998,3,1998-03-01,1,Wednesday,SAVEA,Save-a-lot Markets,USA,ID,7,Robert King,68,Scottish Longbreads,3,Confections,8,"Specialty Biscuits, Ltd.",12.5,80,0.25,750.0
10941,1998-03-11,1998,3,1998-03-01,1,Wednesday,SAVEA,Save-a-lot Markets,USA,ID,7,Robert King,72,Mozzarella di Giovanni,4,Dairy Products,14,Formaggi Fortini s.r.l.,34.8,50,0.0,1740.0
10942,1998-03-11,1998,3,1998-03-01,1,Wednesday,REGGC,Reggiani Caseifici,Italy,Sin Región,9,Anne Dodsworth,49,Maxilaku,3,Confections,23,Karkki Oy,20.0,28,0.0,560.0
10943,1998-03-11,1998,3,1998-03-01,1,Wednesday,BSBEV,B's Beverages,UK,Sin Región,4,Margaret Peacock,13,Konbu,8,Seafood,6,Mayumi's,6.0,15,0.0,90.0
10943,1998-03-11,1998,3,1998-03-01,1,Wednesday,BSBEV,B's Beverages,UK,Sin Región,4,Margaret Peacock,22,Gustaf's Knäckebröd,5,Grains/Cereals,9,PB Knäckebröd AB,21.0,21,0.0,441.0
10943,1998-03-11,1998,3,1998-03-01,1,Wednesday,BSBEV,B's Beverages,UK,Sin Región,4,Margaret Peacock,46,Spegesild,8,Seafood,21,Lyngbysild,12.0,15,0.0,180.0
10944,1998-03-12,1998,3,1998-03-01,1,Thursday,BOTTM,Bottom-Dollar Markets,Canada,BC,6,Michael Suyama,11,Queso Cabrales,4,Dairy Products,5,Cooperativa de Quesos 'Las Cabras',21.0,5,0.25,78.75
10944,1998-03-12,1998,3,1998-03-01,1,Thursday,BOTTM,Bottom-Dollar Markets,Canada,BC,6,Michael Suyama,44,Gula Malacca,2,Condiments,20,Leka Trading,19.45,18,0.25,262.57501220703125
10944,1998-03-12,1998,3,1998-03-01,1,Thursday,BOTTM,Bottom-Dollar Markets,Canada,BC,6,Michael Suyama,56,Gnocchi di nonna Alice,5,Grains/Cereals,26,Pasta Buttini s.r.l.,38.0,18,0.0,684.0
10945,1998-03-12,1998,3,1998-03-01,1,Thursday,MORGK,Morgenstern Gesundkost,Germany,Sin Región,4,Margaret Peacock,13,Konbu,8,Seafood,6,Mayumi's,6.0,20,0.0,120.0
10945,1998-03-12,1998,3,1998-03-01,1,Thursday,MORGK,Morgenstern Gesundkost,Germany,Sin Región,4,Margaret Peacock,31,Gorgonzola Telino,4,Dairy Products,14,Formaggi Fortini s.r.l.,12.5,10,0.0,125.0
10946,1998-03-12,1998,3,1998-03-01,1,Thursday,VAFFE,Vaffeljernet,Denmark,Sin Región,1,Nancy Davolio,10,Ikura,8,Seafood,4,Tokyo Traders,31.0,25,0.0,775.0
10946,1998-03-12,1998,3,1998-03-01,1,Thursday,VAFFE,Vaffeljernet,Denmark,Sin Región,1,Nancy Davolio,24,Guaraná Fantástica,1,Beverages,10,Refrescos Americanas LTDA,4.5,25,0.0,112.5
10946,1998-03-12,1998,3,1998-03-01,1,Thursday,VAFFE,Vaffeljernet,Denmark,Sin Región,1,Nancy Davolio,77,Original Frankfurter grüne Soße,2,Condiments,12,Plutzer Lebensmittelgroßmärkte AG,13.0,40,0.0,520.0
10947,1998-03-13,1998,3,1998-03-01,1,Friday,BSBEV,B's Beverages,UK,Sin Región,3,Janet Leverling,59,Raclette Courdavault,4,Dairy Products,28,Gai pâturage,55.0,4,0.0,220.0
10948,1998-03-13,1998,3,1998-03-01,1,Friday,GODOS,Godos Cocina Típica,Spain,Sin Región,3,Janet Leverling,50,Valkoinen suklaa,3,Confections,23,Karkki Oy,16.25,9,0.0,146.25
10948,1998-03-13,1998,3,1998-03-01,1,Friday,GODOS,Godos Cocina Típica,Spain,Sin Región,3,Janet Leverling,51,Manjimup Dried Apples,7,Produce,24,"G'day, Mate",53.0,40,0.0,2120.0
10948,1998-03-13,1998,3,1998-03-01,1,Friday,GODOS,Godos Cocina Típica,Spain,Sin Región,3,Janet Leverling,55,Pâté chinois,6,Meat/Poultry,25,Ma Maison,24.0,4,0.0,96.0
10949,1998-03-13,1998,3,1998-03-01,1,Friday,BOTTM,Bottom-Dollar Markets,Canada,BC,2,Andrew Fuller,6,Grandma's Boysenberry Spread,2,Condiments,3,Grandma Kelly's Homestead,25.0,12,0.0,300.0
10949,1998-03-13,1998,3,1998-03-01,1,Friday,BOTTM,Bottom-Dollar Markets,Canada,BC,2,Andrew Fuller,10,Ikura,8,Seafood,4,Tokyo Traders,31.0,30,0.0,930.0
10949,1998-03-13,1998,3,1998-03-01,1,Friday,BOTTM,Bottom-Dollar Markets,Canada,BC,2,Andrew Fuller,17,Alice Mutton,6,Meat/Poultry,7,"Pavlova, Ltd.",39.0,6,0.0,234.0
10949,1998-03-13,1998,3,1998-03-01,1,Friday,BOTTM,Bottom-Dollar Markets,Canada,BC,2,Andrew Fuller,62,Tarte au sucre,3,Confections,29,Forêts d'érables,49.3,60,0.0,2958.0
10950,1998-03-16,1998,3,1998-03-01,1,Monday,MAGAA,Magazzini Alimentari Riuniti,Italy,Sin Región,1,Nancy Davolio,4,Chef Anton's Cajun Seasoning,2,Condiments,2,New Orleans Cajun Delights,22.0,5,0.0,110.0
10951,1998-03-16,1998,3,1998-03-01,1,Monday,RICSU,Richter Supermarkt,Switzerland,Sin Región,9,Anne Dodsworth,33,Geitost,4,Dairy Products,15,Norske Meierier,2.5,15,0.05000000074505806,35.625
10951,1998-03-16,1998,3,1998-03-01,1,Monday,RICSU,Richter Supermarkt,Switzerland,Sin Región,9,Anne Dodsworth,41,Jack's New England Clam Chowder,8,Seafood,19,New England Seafood Cannery,9.65,6,0.05000000074505806,55.005001068115234
10951,1998-03-16,1998,3,1998-03-01,1,Monday,RICSU,Richter Supermarkt,Switzerland,Sin Región,9,Anne Dodsworth,75,Rhönbräu Klosterbier,1,Beverages,12,Plutzer Lebensmittelgroßmärkte AG,7.75,50,0.05000000074505806,368.125
10952,1998-03-16,1998,3,1998-03-01,1,Monday,ALFKI,Alfreds Futterkiste,Germany,Sin Región,1,Nancy Davolio,6,Grandma's Boysenberry Spread,2,Condiments,3,Grandma Kelly's Homestead,25.0,16,0.05000000074505806,380.0
10952,1998-03-16,1998,3,1998-03-01,1,Monday,ALFKI,Alfreds Futterkiste,Germany,Sin Región,1,Nancy Davolio,28,Rössle Sauerkraut,7,Produce,12,Plutzer Lebensmittelgroßmärkte AG,45.6,2,0.0,91.19999694824219
10953,1998-03-16,1998,3,1998-03-01,1,Monday,AROUT,Around the Horn,UK,Sin Región,9,Anne Dodsworth,20,Sir Rodney's Marmalade,3,Confections,8,"Specialty Biscuits, Ltd.",81.0,50,0.05000000074505806,3847.5
10953,1998-03-16,1998,3,1998-03-01,1,Monday,AROUT,Around the Horn,UK,Sin Región,9,Anne Dodsworth,31,Gorgonzola Telino,4,Dairy Products,14,Formaggi Fortini s.r.l.,12.5,50,0.05000000074505806,593.75
10954,1998-03-17,1998,3,1998-03-01,1,Tuesday,LINOD,LINO-Delicateses,Venezuela,Nueva Esparta,5,Steven Buchanan,16,Pavlova,3,Confections,7,"Pavlova, Ltd.",17.45,28,0.15000000596046448,415.3100280761719
10954,1998-03-17,1998,3,1998-03-01,1,Tuesday,LINOD,LINO-Delicateses,Venezuela,Nueva Esparta,5,Steven Buchanan,31,Gorgonzola Telino,4,Dairy Products,14,Formaggi Fortini s.r.l.,12.5,25,0.15000000596046448,265.625
10954,1998-03-17,1998,3,1998-03-01,1,Tuesday,LINOD,LINO-Delicateses,Venezuela,Nueva Esparta,5,Steven Buchanan,45,Rogede sild,8,Seafood,21,Lyngbysild,9.5,30,0.0,285.0
10954,1998-03-17,1998,3,1998-03-01,1,Tuesday,LINOD,LINO-Delicateses,Venezuela,Nueva Esparta,5,Steven Buchanan,60,Camembert Pierrot,4,Dairy Products,28,Gai pâturage,34.0,24,0.15000000596046448,693.6000366210938
10955,1998-03-17,1998,3,1998-03-01,1,Tuesday,FOLKO,Folk och fä HB,Sweden,Sin Región,8,Laura Callahan,75,Rhönbräu Klosterbier,1,Beverages,12,Plutzer Lebensmittelgroßmärkte AG,7.75,12,0.20000000298023224,74.4000015258789
10956,1998-03-17,1998,3,1998-03-01,1,Tuesday,BLAUS,Blauer See Delikatessen,Germany,Sin Región,6,Michael Suyama,21,Sir Rodney's Scones,3,Confections,8,"Specialty Biscuits, Ltd.",10.0,12,0.0,120.0
10956,1998-03-17,1998,3,1998-03-01,1,Tuesday,BLAUS,Blauer See Delikatessen,Germany,Sin Región,6,Michael Suyama,47,Zaanse koeken,3,Confections,22,Zaanse Snoepfabriek,9.5,14,0.0,133.0
10956,1998-03-17,1998,3,1998-03-01,1,Tuesday,BLAUS,Blauer See Delikatessen,Germany,Sin Región,6,Michael Suyama,51,Manjimup Dried Apples,7,Produce,24,"G'day, Mate",53.0,8,0.0,424.0
10957,1998-03-18,1998,3,1998-03-01,1,Wednesday,HILAA,HILARION-Abastos,Venezuela,Táchira,8,Laura Callahan,30,Nord-Ost Matjeshering,8,Seafood,13,Nord-Ost-Fisch Handelsgesellschaft mbH,25.89,30,0.0,776.7000122070312
10957,1998-03-18,1998,3,1998-03-01,1,Wednesday,HILAA,HILARION-Abastos,Venezuela,Táchira,8,Laura Callahan,35,Steeleye Stout,1,Beverages,16,Bigfoot Breweries,18.0,40,0.0,720.0
10957,1998-03-18,1998,3,1998-03-01,1,Wednesday,HILAA,HILARION-Abastos,Venezuela,Táchira,8,Laura Callahan,64,Wimmers gute Semmelknödel,5,Grains/Cereals,12,Plutzer Lebensmittelgroßmärkte AG,33.25,8,0.0,266.0
10958,1998-03-18,1998,3,1998-03-01,1,Wednesday,OCEAN,Océano Atlántico Ltda.,Argentina,Sin Región,7,Robert King,5,Chef Anton's Gumbo Mix,2,Condiments,2,New Orleans Cajun Delights,21.35,20,0.0,427.0
10958,1998-03-18,1998,3,1998-03-01,1,Wednesday,OCEAN,Océano Atlántico Ltda.,Argentina,Sin Región,7,Robert King,7,Uncle Bob's Organic Dried Pears,7,Produce,3,Grandma Kelly's Homestead,30.0,6,0.0,180.0
10958,1998-03-18,1998,3,1998-03-01,1,Wednesday,OCEAN,Océano Atlántico Ltda.,Argentina,Sin Región,7,Robert King,72,Mozzarella di Giovanni,4,Dairy Products,14,Formaggi Fortini s.r.l.,34.8,5,0.0,174.0
10959,1998-03-18,1998,3,1998-03-01,1,Wednesday,GOURL,Gourmet Lanchonetes,Brazil,SP,6,Michael Suyama,75,Rhönbräu Klosterbier,1,Beverages,12,Plutzer Lebensmittelgroßmärkte AG,7.75,20,0.15000000596046448,131.75
10960,1998-03-19,1998,3,1998-03-01,1,Thursday,HILAA,HILARION-Abastos,Venezuela,Táchira,3,Janet Leverling,24,Guaraná Fantástica,1,Beverages,10,Refrescos Americanas LTDA,4.5,10,0.25,33.75
10960,1998-03-19,1998,3,1998-03-01,1,Thursday,HILAA,HILARION-Abastos,Venezuela,Táchira,3,Janet Leverling,41,Jack's New England Clam Chowder,8,Seafood,19,New England Seafood Cannery,9.65,24,0.0,231.60000610351562
10961,1998-03-19,1998,3,1998-03-01,1,Thursday,QUEEN,Queen Cozinha,Brazil,SP,8,Laura Callahan,52,Filo Mix,5,Grains/Cereals,24,"G'day, Mate",7.0,6,0.05000000074505806,39.89999771118164
10961,1998-03-19,1998,3,1998-03-01,1,Thursday,QUEEN,Queen Cozinha,Brazil,SP,8,Laura Callahan,76,Lakkalikööri,1,Beverages,23,Karkki Oy,18.0,60,0.0,1080.0
10962,1998-03-19,1998,3,1998-03-01,1,Thursday,QUICK,QUICK-Stop,Germany,Sin Región,8,Laura Callahan,7,Uncle Bob's Organic Dried Pears,7,Produce,3,Grandma Kelly's Homestead,30.0,45,0.0,1350.0
10962,1998-03-19,1998,3,1998-03-01,1,Thursday,QUICK,QUICK-Stop,Germany,Sin Región,8,Laura Callahan,13,Konbu,8,Seafood,6,Mayumi's,6.0,77,0.0,462.0
10962,1998-03-19,1998,3,1998-03-01,1,Thursday,QUICK,QUICK-Stop,Germany,Sin Región,8,Laura Callahan,53,Perth Pasties,6,Meat/Poultry,24,"G'day, Mate",32.8,20,0.0,656.0
10962,1998-03-19,1998,3,1998-03-01,1,Thursday,QUICK,QUICK-Stop,Germany,Sin Región,8,Laura Callahan,69,Gudbrandsdalsost,4,Dairy Products,15,Norske Meierier,36.0,9,0.0,324.0
10962,1998-03-19,1998,3,1998-03-01,1,Thursday,QUICK,QUICK-Stop,Germany,Sin Región,8,Laura Callahan,76,Lakkalikööri,1,Beverages,23,Karkki Oy,18.0,44,0.0,792.0
10963,1998-03-19,1998,3,1998-03-01,1,Thursday,FURIB,Furia Bacalhau e Frutos do Mar,Portugal,Sin Región,9,Anne Dodsworth,60,Camembert Pierrot,4,Dairy Products,28,Gai pâturage,34.0,2,0.15000000596046448,57.80000305175781
10964,1998-03-20,1998,3,1998-03-01,1,Friday,SPECD,Spécialités du monde,France,Sin Región,3,Janet Leverling,18,Carnarvon Tigers,8,Seafood,7,"Pavlova, Ltd.",62.5,6,0.0,375.0
10964,1998-03-20,1998,3,1998-03-01,1,Friday,SPECD,Spécialités du monde,France,Sin Región,3,Janet Leverling,38,Côte de Blaye,1,Beverages,18,Aux joyeux ecclésiastiques,263.5,5,0.0,1317.5
10964,1998-03-20,1998,3,1998-03-01,1,Friday,SPECD,Spécialités du monde,France,Sin Región,3,Janet Leverling,69,Gudbrandsdalsost,4,Dairy Products,15,Norske Meierier,36.0,10,0.0,360.0
10965,1998-03-20,1998,3,1998-03-01,1,Friday,OLDWO,Old World Delicatessen,USA,AK,6,Michael Suyama,51,Manjimup Dried Apples,7,Produce,24,"G'day, Mate",53.0,16,0.0,848.0
10966,1998-03-20,1998,3,1998-03-01,1,Friday,CHOPS,Chop-suey Chinese,Switzerland,Sin Región,4,Margaret Peacock,37,Gravad lax,8,Seafood,17,Svensk Sjöföda AB,26.0,8,0.0,208.0
10966,1998-03-20,1998,3,1998-03-01,1,Friday,CHOPS,Chop-suey Chinese,Switzerland,Sin Región,4,Margaret Peacock,56,Gnocchi di nonna Alice,5,Grains/Cereals,26,Pasta Buttini s.r.l.,38.0,12,0.15000000596046448,387.6000061035156
10966,1998-03-20,1998,3,1998-03-01,1,Friday,CHOPS,Chop-suey Chinese,Switzerland,Sin Región,4,Margaret Peacock,62,Tarte au sucre,3,Confections,29,Forêts d'érables,49.3,12,0.15000000596046448,502.8599853515625
10967,1998-03-23,1998,3,1998-03-01,1,Monday,TOMSP,Toms Spezialitäten,Germany,Sin Región,2,Andrew Fuller,19,Teatime Chocolate Biscuits,3,Confections,8,"Specialty Biscuits, Ltd.",9.2,12,0.0,110.4000015258789
10967,1998-03-23,1998,3,1998-03-01,1,Monday,TOMSP,Toms Spezialitäten,Germany,Sin Región,2,Andrew Fuller,49,Maxilaku,3,Confections,23,Karkki Oy,20.0,40,0.0,800.0
10968,1998-03-23,1998,3,1998-03-01,1,Monday,ERNSH,Ernst Handel,Austria,Sin Región,1,Nancy Davolio,12,Queso Manchego La Pastora,4,Dairy Products,5,Cooperativa de Quesos 'Las Cabras',38.0,30,0.0,1140.0
10968,1998-03-23,1998,3,1998-03-01,1,Monday,ERNSH,Ernst Handel,Austria,Sin Región,1,Nancy Davolio,24,Guaraná Fantástica,1,Beverages,10,Refrescos Americanas LTDA,4.5,30,0.0,135.0
10968,1998-03-23,1998,3,1998-03-01,1,Monday,ERNSH,Ernst Handel,Austria,Sin Región,1,Nancy Davolio,64,Wimmers gute Semmelknödel,5,Grains/Cereals,12,Plutzer Lebensmittelgroßmärkte AG,33.25,4,0.0,133.0
10969,1998-03-23,1998,3,1998-03-01,1,Monday,COMMI,Comércio Mineiro,Brazil,SP,1,Nancy Davolio,46,Spegesild,8,Seafood,21,Lyngbysild,12.0,9,0.0,108.0
10970,1998-03-24,1998,3,1998-03-01,1,Tuesday,BOLID,Bólido Comidas preparadas,Spain,Sin Región,9,Anne Dodsworth,52,Filo Mix,5,Grains/Cereals,24,"G'day, Mate",7.0,40,0.20000000298023224,224.0
10971,1998-03-24,1998,3,1998-03-01,1,Tuesday,FRANR,France restauration,France,Sin Región,2,Andrew Fuller,29,Thüringer Rostbratwurst,6,Meat/Poultry,12,Plutzer Lebensmittelgroßmärkte AG,123.79,14,0.0,1733.06005859375
10972,1998-03-24,1998,3,1998-03-01,1,Tuesday,LACOR,La corne d'abondance,France,Sin Región,4,Margaret Peacock,17,Alice Mutton,6,Meat/Poultry,7,"Pavlova, Ltd.",39.0,6,0.0,234.0
10972,1998-03-24,1998,3,1998-03-01,1,Tuesday,LACOR,La corne d'abondance,France,Sin Región,4,Margaret Peacock,33,Geitost,4,Dairy Products,15,Norske Meierier,2.5,7,0.0,17.5
10973,1998-03-24,1998,3,1998-03-01,1,Tuesday,LACOR,La corne d'abondance,France,Sin Región,6,Michael Suyama,26,Gumbär Gummibärchen,3,Confections,11,Heli Süßwaren GmbH & Co. KG,31.23,5,0.0,156.14999389648438
10973,1998-03-24,1998,3,1998-03-01,1,Tuesday,LACOR,La corne d'abondance,France,Sin Región,6,Michael Suyama,41,Jack's New England Clam Chowder,8,Seafood,19,New England Seafood Cannery,9.65,6,0.0,57.900001525878906
10973,1998-03-24,1998,3,1998-03-01,1,Tuesday,LACOR,La corne d'abondance,France,Sin Región,6,Michael Suyama,75,Rhönbräu Klosterbier,1,Beverages,12,Plutzer Lebensmittelgroßmärkte AG,7.75,10,0.0,77.5
10974,1998-03-25,1998,3,1998-03-01,1,Wednesday,SPLIR,Split Rail Beer & Ale,USA,WY,3,Janet Leverling,63,Vegie-spread,2,Condiments,7,"Pavlova, Ltd.",43.9,10,0.0,439.0
10975,1998-03-25,1998,3,1998-03-01,1,Wednesday,BOTTM,Bottom-Dollar Markets,Canada,BC,1,Nancy Davolio,8,Northwoods Cranberry Sauce,2,Condiments,3,Grandma Kelly's Homestead,40.0,16,0.0,640.0
10975,1998-03-25,1998,3,1998-03-01,1,Wednesday,BOTTM,Bottom-Dollar Markets,Canada,BC,1,Nancy Davolio,75,Rhönbräu Klosterbier,1,Beverages,12,Plutzer Lebensmittelgroßmärkte AG,7.75,10,0.0,77.5
10976,1998-03-25,1998,3,1998-03-01,1,Wednesday,HILAA,HILARION-Abastos,Venezuela,Táchira,1,Nancy Davolio,28,Rössle Sauerkraut,7,Produce,12,Plutzer Lebensmittelgroßmärkte AG,45.6,20,0.0,912.0
10977,1998-03-26,1998,3,1998-03-01,1,Thursday,FOLKO,Folk och fä HB,Sweden,Sin Región,8,Laura Callahan,39,Chartreuse verte,1,Beverages,18,Aux joyeux ecclésiastiques,18.0,30,0.0,540.0
10977,1998-03-26,1998,3,1998-03-01,1,Thursday,FOLKO,Folk och fä HB,Sweden,Sin Región,8,Laura Callahan,47,Zaanse koeken,3,Confections,22,Zaanse Snoepfabriek,9.5,30,0.0,285.0
10977,1998-03-26,1998,3,1998-03-01,1,Thursday,FOLKO,Folk och fä HB,Sweden,Sin Región,8,Laura Callahan,51,Manjimup Dried Apples,7,Produce,24,"G'day, Mate",53.0,10,0.0,530.0
10977,1998-03-26,1998,3,1998-03-01,1,Thursday,FOLKO,Folk och fä HB,Sweden,Sin Región,8,Laura Callahan,63,Vegie-spread,2,Condiments,7,"Pavlova, Ltd.",43.9,20,0.0,878.0
10978,1998-03-26,1998,3,1998-03-01,1,Thursday,MAISD,Maison Dewey,Belgium,Sin Región,9,Anne Dodsworth,8,Northwoods Cranberry Sauce,2,Condiments,3,Grandma Kelly's Homestead,40.0,20,0.15000000596046448,680.0
10978,1998-03-26,1998,3,1998-03-01,1,Thursday,MAISD,Maison Dewey,Belgium,Sin Región,9,Anne Dodsworth,21,Sir Rodney's Scones,3,Confections,8,"Specialty Biscuits, Ltd.",10.0,40,0.15000000596046448,340.0
10978,1998-03-26,1998,3,1998-03-01,1,Thursday,MAISD,Maison Dewey,Belgium,Sin Región,9,Anne Dodsworth,40,Boston Crab Meat,8,Seafood,19,New England Seafood Cannery,18.4,10,0.0,184.0
10978,1998-03-26,1998,3,1998-03-01,1,Thursday,MAISD,Maison Dewey,Belgium,Sin Región,9,Anne Dodsworth,44,Gula Malacca,2,Condiments,20,Leka Trading,19.45,6,0.15000000596046448,99.19499969482422
10979,1998-03-26,1998,3,1998-03-01,1,Thursday,ERNSH,Ernst Handel,Austria,Sin Región,8,Laura Callahan,7,Uncle Bob's Organic Dried Pears,7,Produce,3,Grandma Kelly's Homestead,30.0,18,0.0,540.0
10979,1998-03-26,1998,3,1998-03-01,1,Thursday,ERNSH,Ernst Handel,Austria,Sin Región,8,Laura Callahan,12,Queso Manchego La Pastora,4,Dairy Products,5,Cooperativa de Quesos 'Las Cabras',38.0,20,0.0,760.0
10979,1998-03-26,1998,3,1998-03-01,1,Thursday,ERNSH,Ernst Handel,Austria,Sin Región,8,Laura Callahan,24,Guaraná Fantástica,1,Beverages,10,Refrescos Americanas LTDA,4.5,80,0.0,360.0
10979,1998-03-26,1998,3,1998-03-01,1,Thursday,ERNSH,Ernst Handel,Austria,Sin Región,8,Laura Callahan,27,Schoggi Schokolade,3,Confections,11,Heli Süßwaren GmbH & Co. KG,43.9,30,0.0,1317.0
10979,1998-03-26,1998,3,1998-03-01,1,Thursday,ERNSH,Ernst Handel,Austria,Sin Región,8,Laura Callahan,31,Gorgonzola Telino,4,Dairy Products,14,Formaggi Fortini s.r.l.,12.5,24,0.0,300.0
10979,1998-03-26,1998,3,1998-03-01,1,Thursday,ERNSH,Ernst Handel,Austria,Sin Región,8,Laura Callahan,63,Vegie-spread,2,Condiments,7,"Pavlova, Ltd.",43.9,35,0.0,1536.5
10980,1998-03-27,1998,3,1998-03-01,1,Friday,FOLKO,Folk och fä HB,Sweden,Sin Región,4,Margaret Peacock,75,Rhönbräu Klosterbier,1,Beverages,12,Plutzer Lebensmittelgroßmärkte AG,7.75,40,0.20000000298023224,248.0
10981,1998-03-27,1998,3,1998-03-01,1,Friday,HANAR,Hanari Carnes,Brazil,RJ,1,Nancy Davolio,38,Côte de Blaye,1,Beverages,18,Aux joyeux ecclésiastiques,263.5,60,0.0,15810.0
10982,1998-03-27,1998,3,1998-03-01,1,Friday,BOTTM,Bottom-Dollar Markets,Canada,BC,2,Andrew Fuller,7,Uncle Bob's Organic Dried Pears,7,Produce,3,Grandma Kelly's Homestead,30.0,20,0.0,600.0
10982,1998-03-27,1998,3,1998-03-01,1,Friday,BOTTM,Bottom-Dollar Markets,Canada,BC,2,Andrew Fuller,43,Ipoh Coffee,1,Beverages,20,Leka Trading,46.0,9,0.0,414.0
10983,1998-03-27,1998,3,1998-03-01,1,Friday,SAVEA,Save-a-lot Markets,USA,ID,2,Andrew Fuller,13,Konbu,8,Seafood,6,Mayumi's,6.0,84,0.15000000596046448,428.4000244140625
10983,1998-03-27,1998,3,1998-03-01,1,Friday,SAVEA,Save-a-lot Markets,USA,ID,2,Andrew Fuller,57,Ravioli Angelo,5,Grains/Cereals,26,Pasta Buttini s.r.l.,19.5,15,0.0,292.5
10984,1998-03-30,1998,3,1998-03-01,1,Monday,SAVEA,Save-a-lot Markets,USA,ID,1,Nancy Davolio,16,Pavlova,3,Confections,7,"Pavlova, Ltd.",17.45,55,0.0,959.75
10984,1998-03-30,1998,3,1998-03-01,1,Monday,SAVEA,Save-a-lot Markets,USA,ID,1,Nancy Davolio,24,Guaraná Fantástica,1,Beverages,10,Refrescos Americanas LTDA,4.5,20,0.0,90.0
10984,1998-03-30,1998,3,1998-03-01,1,Monday,SAVEA,Save-a-lot Markets,USA,ID,1,Nancy Davolio,36,Inlagd Sill,8,Seafood,17,Svensk Sjöföda AB,19.0,40,0.0,760.0
10985,1998-03-30,1998,3,1998-03-01,1,Monday,HUNGO,Hungry Owl All-Night Grocers,Ireland,Co. Cork,2,Andrew Fuller,16,Pavlova,3,Confections,7,"Pavlova, Ltd.",17.45,36,0.10000000149011612,565.3800048828125
10985,1998-03-30,1998,3,1998-03-01,1,Monday,HUNGO,Hungry Owl All-Night Grocers,Ireland,Co. Cork,2,Andrew Fuller,18,Carnarvon Tigers,8,Seafood,7,"Pavlova, Ltd.",62.5,8,0.10000000149011612,450.0
10985,1998-03-30,1998,3,1998-03-01,1,Monday,HUNGO,Hungry Owl All-Night Grocers,Ireland,Co. Cork,2,Andrew Fuller,32,Mascarpone Fabioli,4,Dairy Products,14,Formaggi Fortini s.r.l.,32.0,35,0.10000000149011612,1008.0
10986,1998-03-30,1998,3,1998-03-01,1,Monday,OCEAN,Océano Atlántico Ltda.,Argentina,Sin Región,8,Laura Callahan,11,Queso Cabrales,4,Dairy Products,5,Cooperativa de Quesos 'Las Cabras',21.0,30,0.0,630.0
10986,1998-03-30,1998,3,1998-03-01,1,Monday,OCEAN,Océano Atlántico Ltda.,Argentina,Sin Región,8,Laura Callahan,20,Sir Rodney's Marmalade,3,Confections,8,"Specialty Biscuits, Ltd.",81.0,15,0.0,1215.0
10986,1998-03-30,1998,3,1998-03-01,1,Monday,OCEAN,Océano Atlántico Ltda.,Argentina,Sin Región,8,Laura Callahan,76,Lakkalikööri,1,Beverages,23,Karkki Oy,18.0,10,0.0,180.0
10986,1998-03-30,1998,3,1998-03-01,1,Monday,OCEAN,Océano Atlántico Ltda.,Argentina,Sin Región,8,Laura Callahan,77,Original Frankfurter grüne Soße,2,Condiments,12,Plutzer Lebensmittelgroßmärkte AG,13.0,15,0.0,195.0
10987,1998-03-31,1998,3,1998-03-01,1,Tuesday,EASTC,Eastern Connection,UK,Sin Región,8,Laura Callahan,7,Uncle Bob's Organic Dried Pears,7,Produce,3,Grandma Kelly's Homestead,30.0,60,0.0,1800.0
10987,1998-03-31,1998,3,1998-03-01,1,Tuesday,EASTC,Eastern Connection,UK,Sin Región,8,Laura Callahan,43,Ipoh Coffee,1,Beverages,20,Leka Trading,46.0,6,0.0,276.0
10987,1998-03-31,1998,3,1998-03-01,1,Tuesday,EASTC,Eastern Connection,UK,Sin Región,8,Laura Callahan,72,Mozzarella di Giovanni,4,Dairy Products,14,Formaggi Fortini s.r.l.,34.8,20,0.0,696.0
10988,1998-03-31,1998,3,1998-03-01,1,Tuesday,RATTC,Rattlesnake Canyon Grocery,USA,NM,3,Janet Leverling,7,Uncle Bob's Organic Dried Pears,7,Produce,3,Grandma Kelly's Homestead,30.0,60,0.0,1800.0
10988,1998-03-31,1998,3,1998-03-01,1,Tuesday,RATTC,Rattlesnake Canyon Grocery,USA,NM,3,Janet Leverling,62,Tarte au sucre,3,Confections,29,Forêts d'érables,49.3,40,0.10000000149011612,1774.7999267578125
10989,1998-03-31,1998,3,1998-03-01,1,Tuesday,QUEDE,Que Delícia,Brazil,RJ,2,Andrew Fuller,6,Grandma's Boysenberry Spread,2,Condiments,3,Grandma Kelly's Homestead,25.0,40,0.0,1000.0
10989,1998-03-31,1998,3,1998-03-01,1,Tuesday,QUEDE,Que Delícia,Brazil,RJ,2,Andrew Fuller,11,Queso Cabrales,4,Dairy Products,5,Cooperativa de Quesos 'Las Cabras',21.0,15,0.0,315.0
10989,1998-03-31,1998,3,1998-03-01,1,Tuesday,QUEDE,Que Delícia,Brazil,RJ,2,Andrew Fuller,41,Jack's New England Clam Chowder,8,Seafood,19,New England Seafood Cannery,9.65,4,0.0,38.599998474121094
10990,1998-04-01,1998,4,1998-04-01,2,Wednesday,ERNSH,Ernst Handel,Austria,Sin Región,2,Andrew Fuller,21,Sir Rodney's Scones,3,Confections,8,"Specialty Biscuits, Ltd.",10.0,65,0.0,650.0
10990,1998-04-01,1998,4,1998-04-01,2,Wednesday,ERNSH,Ernst Handel,Austria,Sin Región,2,Andrew Fuller,34,Sasquatch Ale,1,Beverages,16,Bigfoot Breweries,14.0,60,0.15000000596046448,714.0
10990,1998-04-01,1998,4,1998-04-01,2,Wednesday,ERNSH,Ernst Handel,Austria,Sin Región,2,Andrew Fuller,55,Pâté chinois,6,Meat/Poultry,25,Ma Maison,24.0,65,0.15000000596046448,1326.0
10990,1998-04-01,1998,4,1998-04-01,2,Wednesday,ERNSH,Ernst Handel,Austria,Sin Región,2,Andrew Fuller,61,Sirop d'érable,2,Condiments,29,Forêts d'érables,28.5,66,0.15000000596046448,1598.85009765625
10991,1998-04-01,1998,4,1998-04-01,2,Wednesday,QUICK,QUICK-Stop,Germany,Sin Región,1,Nancy Davolio,2,Chang,1,Beverages,1,Exotic Liquids,19.0,50,0.20000000298023224,760.0
10991,1998-04-01,1998,4,1998-04-01,2,Wednesday,QUICK,QUICK-Stop,Germany,Sin Región,1,Nancy Davolio,70,Outback Lager,1,Beverages,7,"Pavlova, Ltd.",15.0,20,0.20000000298023224,240.0
10991,1998-04-01,1998,4,1998-04-01,2,Wednesday,QUICK,QUICK-Stop,Germany,Sin Región,1,Nancy Davolio,76,Lakkalikööri,1,Beverages,23,Karkki Oy,18.0,90,0.20000000298023224,1296.0
10992,1998-04-01,1998,4,1998-04-01,2,Wednesday,THEBI,The Big Cheese,USA,OR,1,Nancy Davolio,72,Mozzarella di Giovanni,4,Dairy Products,14,Formaggi Fortini s.r.l.,34.8,2,0.0,69.5999984741211
10993,1998-04-01,1998,4,1998-04-01,2,Wednesday,FOLKO,Folk och fä HB,Sweden,Sin Región,7,Robert King,29,Thüringer Rostbratwurst,6,Meat/Poultry,12,Plutzer Lebensmittelgroßmärkte AG,123.79,50,0.25,4642.125
10993,1998-04-01,1998,4,1998-04-01,2,Wednesday,FOLKO,Folk och fä HB,Sweden,Sin Región,7,Robert King,41,Jack's New England Clam Chowder,8,Seafood,19,New England Seafood Cannery,9.65,35,0.25,253.3125
10994,1998-04-02,1998,4,1998-04-01,2,Thursday,VAFFE,Vaffeljernet,Denmark,Sin Región,2,Andrew Fuller,59,Raclette Courdavault,4,Dairy Products,28,Gai pâturage,55.0,18,0.05000000074505806,940.5
10995,1998-04-02,1998,4,1998-04-01,2,Thursday,PERIC,Pericles Comidas clásicas,Mexico,Sin Región,1,Nancy Davolio,51,Manjimup Dried Apples,7,Produce,24,"G'day, Mate",53.0,20,0.0,1060.0
10995,1998-04-02,1998,4,1998-04-01,2,Thursday,PERIC,Pericles Comidas clásicas,Mexico,Sin Región,1,Nancy Davolio,60,Camembert Pierrot,4,Dairy Products,28,Gai pâturage,34.0,4,0.0,136.0
10996,1998-04-02,1998,4,1998-04-01,2,Thursday,QUICK,QUICK-Stop,Germany,Sin Región,4,Margaret Peacock,42,Singaporean Hokkien Fried Mee,5,Grains/Cereals,20,Leka Trading,14.0,40,0.0,560.0
10997,1998-04-03,1998,4,1998-04-01,2,Friday,LILAS,LILA-Supermercado,Venezuela,Lara,8,Laura Callahan,32,Mascarpone Fabioli,4,Dairy Products,14,Formaggi Fortini s.r.l.,32.0,50,0.0,1600.0
10997,1998-04-03,1998,4,1998-04-01,2,Friday,LILAS,LILA-Supermercado,Venezuela,Lara,8,Laura Callahan,46,Spegesild,8,Seafood,21,Lyngbysild,12.0,20,0.25,180.0
10997,1998-04-03,1998,4,1998-04-01,2,Friday,LILAS,LILA-Supermercado,Venezuela,Lara,8,Laura Callahan,52,Filo Mix,5,Grains/Cereals,24,"G'day, Mate",7.0,20,0.25,105.0
10998,1998-04-03,1998,4,1998-04-01,2,Friday,WOLZA,Wolski  Zajazd,Poland,Sin Región,8,Laura Callahan,24,Guaraná Fantástica,1,Beverages,10,Refrescos Americanas LTDA,4.5,12,0.0,54.0
10998,1998-04-03,1998,4,1998-04-01,2,Friday,WOLZA,Wolski  Zajazd,Poland,Sin Región,8,Laura Callahan,61,Sirop d'érable,2,Condiments,29,Forêts d'érables,28.5,7,0.0,199.5
10998,1998-04-03,1998,4,1998-04-01,2,Friday,WOLZA,Wolski  Zajazd,Poland,Sin Región,8,Laura Callahan,74,Longlife Tofu,7,Produce,4,Tokyo Traders,10.0,20,0.0,200.0
10998,1998-04-03,1998,4,1998-04-01,2,Friday,WOLZA,Wolski  Zajazd,Poland,Sin Región,8,Laura Callahan,75,Rhönbräu Klosterbier,1,Beverages,12,Plutzer Lebensmittelgroßmärkte AG,7.75,30,0.0,232.5
10999,1998-04-03,1998,4,1998-04-01,2,Friday,OTTIK,Ottilies Käseladen,Germany,Sin Región,6,Michael Suyama,41,Jack's New England Clam Chowder,8,Seafood,19,New England Seafood Cannery,9.65,20,0.05000000074505806,183.34999084472656
10999,1998-04-03,1998,4,1998-04-01,2,Friday,OTTIK,Ottilies Käseladen,Germany,Sin Región,6,Michael Suyama,51,Manjimup Dried Apples,7,Produce,24,"G'day, Mate",53.0,15,0.05000000074505806,755.25
10999,1998-04-03,1998,4,1998-04-01,2,Friday,OTTIK,Ottilies Käseladen,Germany,Sin Región,6,Michael Suyama,77,Original Frankfurter grüne Soße,2,Condiments,12,Plutzer Lebensmittelgroßmärkte AG,13.0,21,0.05000000074505806,259.3500061035156
11000,1998-04-06,1998,4,1998-04-01,2,Monday,RATTC,Rattlesnake Canyon Grocery,USA,NM,2,Andrew Fuller,4,Chef Anton's Cajun Seasoning,2,Condiments,2,New Orleans Cajun Delights,22.0,25,0.25,412.5
11000,1998-04-06,1998,4,1998-04-01,2,Monday,RATTC,Rattlesnake Canyon Grocery,USA,NM,2,Andrew Fuller,24,Guaraná Fantástica,1,Beverages,10,Refrescos Americanas LTDA,4.5,30,0.25,101.25
11000,1998-04-06,1998,4,1998-04-01,2,Monday,RATTC,Rattlesnake Canyon Grocery,USA,NM,2,Andrew Fuller,77,Original Frankfurter grüne Soße,2,Condiments,12,Plutzer Lebensmittelgroßmärkte AG,13.0,30,0.0,390.0
11001,1998-04-06,1998,4,1998-04-01,2,Monday,FOLKO,Folk och fä HB,Sweden,Sin Región,2,Andrew Fuller,7,Uncle Bob's Organic Dried Pears,7,Produce,3,Grandma Kelly's Homestead,30.0,60,0.0,1800.0
11001,1998-04-06,1998,4,1998-04-01,2,Monday,FOLKO,Folk och fä HB,Sweden,Sin Región,2,Andrew Fuller,22,Gustaf's Knäckebröd,5,Grains/Cereals,9,PB Knäckebröd AB,21.0,25,0.0,525.0
11001,1998-04-06,1998,4,1998-04-01,2,Monday,FOLKO,Folk och fä HB,Sweden,Sin Región,2,Andrew Fuller,46,Spegesild,8,Seafood,21,Lyngbysild,12.0,25,0.0,300.0
11001,1998-04-06,1998,4,1998-04-01,2,Monday,FOLKO,Folk och fä HB,Sweden,Sin Región,2,Andrew Fuller,55,Pâté chinois,6,Meat/Poultry,25,Ma Maison,24.0,6,0.0,144.0
11002,1998-04-06,1998,4,1998-04-01,2,Monday,SAVEA,Save-a-lot Markets,USA,ID,4,Margaret Peacock,13,Konbu,8,Seafood,6,Mayumi's,6.0,56,0.0,336.0
11002,1998-04-06,1998,4,1998-04-01,2,Monday,SAVEA,Save-a-lot Markets,USA,ID,4,Margaret Peacock,35,Steeleye Stout,1,Beverages,16,Bigfoot Breweries,18.0,15,0.15000000596046448,229.5
11002,1998-04-06,1998,4,1998-04-01,2,Monday,SAVEA,Save-a-lot Markets,USA,ID,4,Margaret Peacock,42,Singaporean Hokkien Fried Mee,5,Grains/Cereals,20,Leka Trading,14.0,24,0.15000000596046448,285.6000061035156
11002,1998-04-06,1998,4,1998-04-01,2,Monday,SAVEA,Save-a-lot Markets,USA,ID,4,Margaret Peacock,55,Pâté chinois,6,Meat/Poultry,25,Ma Maison,24.0,40,0.0,960.0
11003,1998-04-06,1998,4,1998-04-01,2,Monday,THECR,The Cracker Box,USA,MT,3,Janet Leverling,1,Chai,1,Beverages,1,Exotic Liquids,18.0,4,0.0,72.0
11003,1998-04-06,1998,4,1998-04-01,2,Monday,THECR,The Cracker Box,USA,MT,3,Janet Leverling,40,Boston Crab Meat,8,Seafood,19,New England Seafood Cannery,18.4,10,0.0,184.0
11003,1998-04-06,1998,4,1998-04-01,2,Monday,THECR,The Cracker Box,USA,MT,3,Janet Leverling,52,Filo Mix,5,Grains/Cereals,24,"G'day, Mate",7.0,10,0.0,70.0
11004,1998-04-07,1998,4,1998-04-01,2,Tuesday,MAISD,Maison Dewey,Belgium,Sin Región,3,Janet Leverling,26,Gumbär Gummibärchen,3,Confections,11,Heli Süßwaren GmbH & Co. KG,31.23,6,0.0,187.3800048828125
11004,1998-04-07,1998,4,1998-04-01,2,Tuesday,MAISD,Maison Dewey,Belgium,Sin Región,3,Janet Leverling,76,Lakkalikööri,1,Beverages,23,Karkki Oy,18.0,6,0.0,108.0
11005,1998-04-07,1998,4,1998-04-01,2,Tuesday,WILMK,Wilman Kala,Finland,Sin Región,2,Andrew Fuller,1,Chai,1,Beverages,1,Exotic Liquids,18.0,2,0.0,36.0
11005,1998-04-07,1998,4,1998-04-01,2,Tuesday,WILMK,Wilman Kala,Finland,Sin Región,2,Andrew Fuller,59,Raclette Courdavault,4,Dairy Products,28,Gai pâturage,55.0,10,0.0,550.0
11006,1998-04-07,1998,4,1998-04-01,2,Tuesday,GREAL,Great Lakes Food Market,USA,OR,3,Janet Leverling,1,Chai,1,Beverages,1,Exotic Liquids,18.0,8,0.0,144.0
11006,1998-04-07,1998,4,1998-04-01,2,Tuesday,GREAL,Great Lakes Food Market,USA,OR,3,Janet Leverling,29,Thüringer Rostbratwurst,6,Meat/Poultry,12,Plutzer Lebensmittelgroßmärkte AG,123.79,2,0.25,185.68499755859375
11007,1998-04-08,1998,4,1998-04-01,2,Wednesday,PRINI,Princesa Isabel Vinhos,Portugal,Sin Región,8,Laura Callahan,8,Northwoods Cranberry Sauce,2,Condiments,3,Grandma Kelly's Homestead,40.0,30,0.0,1200.0
11007,1998-04-08,1998,4,1998-04-01,2,Wednesday,PRINI,Princesa Isabel Vinhos,Portugal,Sin Región,8,Laura Callahan,29,Thüringer Rostbratwurst,6,Meat/Poultry,12,Plutzer Lebensmittelgroßmärkte AG,123.79,10,0.0,1237.9000244140625
11007,1998-04-08,1998,4,1998-04-01,2,Wednesday,PRINI,Princesa Isabel Vinhos,Portugal,Sin Región,8,Laura Callahan,42,Singaporean Hokkien Fried Mee,5,Grains/Cereals,20,Leka Trading,14.0,14,0.0,196.0
11008,1998-04-08,1998,4,1998-04-01,2,Wednesday,ERNSH,Ernst Handel,Austria,Sin Región,7,Robert King,28,Rössle Sauerkraut,7,Produce,12,Plutzer Lebensmittelgroßmärkte AG,45.6,70,0.05000000074505806,3032.39990234375
11008,1998-04-08,1998,4,1998-04-01,2,Wednesday,ERNSH,Ernst Handel,Austria,Sin Región,7,Robert King,34,Sasquatch Ale,1,Beverages,16,Bigfoot Breweries,14.0,90,0.05000000074505806,1197.0
11008,1998-04-08,1998,4,1998-04-01,2,Wednesday,ERNSH,Ernst Handel,Austria,Sin Región,7,Robert King,71,Flotemysost,4,Dairy Products,15,Norske Meierier,21.5,21,0.0,451.5
11009,1998-04-08,1998,4,1998-04-01,2,Wednesday,GODOS,Godos Cocina Típica,Spain,Sin Región,2,Andrew Fuller,24,Guaraná Fantástica,1,Beverages,10,Refrescos Americanas LTDA,4.5,12,0.0,54.0
11009,1998-04-08,1998,4,1998-04-01,2,Wednesday,GODOS,Godos Cocina Típica,Spain,Sin Región,2,Andrew Fuller,36,Inlagd Sill,8,Seafood,17,Svensk Sjöföda AB,19.0,18,0.25,256.5
11009,1998-04-08,1998,4,1998-04-01,2,Wednesday,GODOS,Godos Cocina Típica,Spain,Sin Región,2,Andrew Fuller,60,Camembert Pierrot,4,Dairy Products,28,Gai pâturage,34.0,9,0.0,306.0
11010,1998-04-09,1998,4,1998-04-01,2,Thursday,REGGC,Reggiani Caseifici,Italy,Sin Región,2,Andrew Fuller,7,Uncle Bob's Organic Dried Pears,7,Produce,3,Grandma Kelly's Homestead,30.0,20,0.0,600.0
11010,1998-04-09,1998,4,1998-04-01,2,Thursday,REGGC,Reggiani Caseifici,Italy,Sin Región,2,Andrew Fuller,24,Guaraná Fantástica,1,Beverages,10,Refrescos Americanas LTDA,4.5,10,0.0,45.0
11011,1998-04-09,1998,4,1998-04-01,2,Thursday,ALFKI,Alfreds Futterkiste,Germany,Sin Región,3,Janet Leverling,58,Escargots de Bourgogne,8,Seafood,27,Escargots Nouveaux,13.25,40,0.05000000074505806,503.5
11011,1998-04-09,1998,4,1998-04-01,2,Thursday,ALFKI,Alfreds Futterkiste,Germany,Sin Región,3,Janet Leverling,71,Flotemysost,4,Dairy Products,15,Norske Meierier,21.5,20,0.0,430.0
11012,1998-04-09,1998,4,1998-04-01,2,Thursday,FRANK,Frankenversand,Germany,Sin Región,1,Nancy Davolio,19,Teatime Chocolate Biscuits,3,Confections,8,"Specialty Biscuits, Ltd.",9.2,50,0.05000000074505806,437.0
11012,1998-04-09,1998,4,1998-04-01,2,Thursday,FRANK,Frankenversand,Germany,Sin Región,1,Nancy Davolio,60,Camembert Pierrot,4,Dairy Products,28,Gai pâturage,34.0,36,0.05000000074505806,1162.7999267578125
11012,1998-04-09,1998,4,1998-04-01,2,Thursday,FRANK,Frankenversand,Germany,Sin Región,1,Nancy Davolio,71,Flotemysost,4,Dairy Products,15,Norske Meierier,21.5,60,0.05000000074505806,1225.5
11013,1998-04-09,1998,4,1998-04-01,2,Thursday,ROMEY,Romero y tomillo,Spain,Sin Región,2,Andrew Fuller,23,Tunnbröd,5,Grains/Cereals,9,PB Knäckebröd AB,9.0,10,0.0,90.0
11013,1998-04-09,1998,4,1998-04-01,2,Thursday,ROMEY,Romero y tomillo,Spain,Sin Región,2,Andrew Fuller,42,Singaporean Hokkien Fried Mee,5,Grains/Cereals,20,Leka Trading,14.0,4,0.0,56.0
11013,1998-04-09,1998,4,1998-04-01,2,Thursday,ROMEY,Romero y tomillo,Spain,Sin Región,2,Andrew Fuller,45,Rogede sild,8,Seafood,21,Lyngbysild,9.5,20,0.0,190.0
11013,1998-04-09,1998,4,1998-04-01,2,Thursday,ROMEY,Romero y tomillo,Spain,Sin Región,2,Andrew Fuller,68,Scottish Longbreads,3,Confections,8,"Specialty Biscuits, Ltd.",12.5,2,0.0,25.0
11014,1998-04-10,1998,4,1998-04-01,2,Friday,LINOD,LINO-Delicateses,Venezuela,Nueva Esparta,2,Andrew Fuller,41,Jack's New England Clam Chowder,8,Seafood,19,New England Seafood Cannery,9.65,28,0.10000000149011612,243.1800079345703
11015,1998-04-10,1998,4,1998-04-01,2,Friday,SANTG,Santé Gourmet,Norway,Sin Región,2,Andrew Fuller,30,Nord-Ost Matjeshering,8,Seafood,13,Nord-Ost-Fisch Handelsgesellschaft mbH,25.89,15,0.0,388.3500061035156
11015,1998-04-10,1998,4,1998-04-01,2,Friday,SANTG,Santé Gourmet,Norway,Sin Región,2,Andrew Fuller,77,Original Frankfurter grüne Soße,2,Condiments,12,Plutzer Lebensmittelgroßmärkte AG,13.0,18,0.0,234.0
11016,1998-04-10,1998,4,1998-04-01,2,Friday,AROUT,Around the Horn,UK,Sin Región,9,Anne Dodsworth,31,Gorgonzola Telino,4,Dairy Products,14,Formaggi Fortini s.r.l.,12.5,15,0.0,187.5
11016,1998-04-10,1998,4,1998-04-01,2,Friday,AROUT,Around the Horn,UK,Sin Región,9,Anne Dodsworth,36,Inlagd Sill,8,Seafood,17,Svensk Sjöföda AB,19.0,16,0.0,304.0
11017,1998-04-13,1998,4,1998-04-01,2,Monday,ERNSH,Ernst Handel,Austria,Sin Región,9,Anne Dodsworth,3,Aniseed Syrup,2,Condiments,1,Exotic Liquids,10.0,25,0.0,250.0
11017,1998-04-13,1998,4,1998-04-01,2,Monday,ERNSH,Ernst Handel,Austria,Sin Región,9,Anne Dodsworth,59,Raclette Courdavault,4,Dairy Products,28,Gai pâturage,55.0,110,0.0,6050.0
11017,1998-04-13,1998,4,1998-04-01,2,Monday,ERNSH,Ernst Handel,Austria,Sin Región,9,Anne Dodsworth,70,Outback Lager,1,Beverages,7,"Pavlova, Ltd.",15.0,30,0.0,450.0
11018,1998-04-13,1998,4,1998-04-01,2,Monday,LONEP,Lonesome Pine Restaurant,USA,OR,4,Margaret Peacock,12,Queso Manchego La Pastora,4,Dairy Products,5,Cooperativa de Quesos 'Las Cabras',38.0,20,0.0,760.0
11018,1998-04-13,1998,4,1998-04-01,2,Monday,LONEP,Lonesome Pine Restaurant,USA,OR,4,Margaret Peacock,18,Carnarvon Tigers,8,Seafood,7,"Pavlova, Ltd.",62.5,10,0.0,625.0
11018,1998-04-13,1998,4,1998-04-01,2,Monday,LONEP,Lonesome Pine Restaurant,USA,OR,4,Margaret Peacock,56,Gnocchi di nonna Alice,5,Grains/Cereals,26,Pasta Buttini s.r.l.,38.0,5,0.0,190.0
11019,1998-04-13,1998,4,1998-04-01,2,Monday,RANCH,Rancho grande,Argentina,Sin Región,6,Michael Suyama,46,Spegesild,8,Seafood,21,Lyngbysild,12.0,3,0.0,36.0
11019,1998-04-13,1998,4,1998-04-01,2,Monday,RANCH,Rancho grande,Argentina,Sin Región,6,Michael Suyama,49,Maxilaku,3,Confections,23,Karkki Oy,20.0,2,0.0,40.0
11020,1998-04-14,1998,4,1998-04-01,2,Tuesday,OTTIK,Ottilies Käseladen,Germany,Sin Región,2,Andrew Fuller,10,Ikura,8,Seafood,4,Tokyo Traders,31.0,24,0.15000000596046448,632.4000244140625
11021,1998-04-14,1998,4,1998-04-01,2,Tuesday,QUICK,QUICK-Stop,Germany,Sin Región,3,Janet Leverling,2,Chang,1,Beverages,1,Exotic Liquids,19.0,11,0.25,156.75
11021,1998-04-14,1998,4,1998-04-01,2,Tuesday,QUICK,QUICK-Stop,Germany,Sin Región,3,Janet Leverling,20,Sir Rodney's Marmalade,3,Confections,8,"Specialty Biscuits, Ltd.",81.0,15,0.0,1215.0
11021,1998-04-14,1998,4,1998-04-01,2,Tuesday,QUICK,QUICK-Stop,Germany,Sin Región,3,Janet Leverling,26,Gumbär Gummibärchen,3,Confections,11,Heli Süßwaren GmbH & Co. KG,31.23,63,0.0,1967.489990234375
11021,1998-04-14,1998,4,1998-04-01,2,Tuesday,QUICK,QUICK-Stop,Germany,Sin Región,3,Janet Leverling,51,Manjimup Dried Apples,7,Produce,24,"G'day, Mate",53.0,44,0.25,1749.0
11021,1998-04-14,1998,4,1998-04-01,2,Tuesday,QUICK,QUICK-Stop,Germany,Sin Región,3,Janet Leverling,72,Mozzarella di Giovanni,4,Dairy Products,14,Formaggi Fortini s.r.l.,34.8,35,0.0,1218.0
11022,1998-04-14,1998,4,1998-04-01,2,Tuesday,HANAR,Hanari Carnes,Brazil,RJ,9,Anne Dodsworth,19,Teatime Chocolate Biscuits,3,Confections,8,"Specialty Biscuits, Ltd.",9.2,35,0.0,322.0
11022,1998-04-14,1998,4,1998-04-01,2,Tuesday,HANAR,Hanari Carnes,Brazil,RJ,9,Anne Dodsworth,69,Gudbrandsdalsost,4,Dairy Products,15,Norske Meierier,36.0,30,0.0,1080.0
11023,1998-04-14,1998,4,1998-04-01,2,Tuesday,BSBEV,B's Beverages,UK,Sin Región,1,Nancy Davolio,7,Uncle Bob's Organic Dried Pears,7,Produce,3,Grandma Kelly's Homestead,30.0,4,0.0,120.0
11023,1998-04-14,1998,4,1998-04-01,2,Tuesday,BSBEV,B's Beverages,UK,Sin Región,1,Nancy Davolio,43,Ipoh Coffee,1,Beverages,20,Leka Trading,46.0,30,0.0,1380.0
11024,1998-04-15,1998,4,1998-04-01,2,Wednesday,EASTC,Eastern Connection,UK,Sin Región,4,Margaret Peacock,26,Gumbär Gummibärchen,3,Confections,11,Heli Süßwaren GmbH & Co. KG,31.23,12,0.0,374.760009765625
11024,1998-04-15,1998,4,1998-04-01,2,Wednesday,EASTC,Eastern Connection,UK,Sin Región,4,Margaret Peacock,33,Geitost,4,Dairy Products,15,Norske Meierier,2.5,30,0.0,75.0
11024,1998-04-15,1998,4,1998-04-01,2,Wednesday,EASTC,Eastern Connection,UK,Sin Región,4,Margaret Peacock,65,Louisiana Fiery Hot Pepper Sauce,2,Condiments,2,New Orleans Cajun Delights,21.05,21,0.0,442.04998779296875
11024,1998-04-15,1998,4,1998-04-01,2,Wednesday,EASTC,Eastern Connection,UK,Sin Región,4,Margaret Peacock,71,Flotemysost,4,Dairy Products,15,Norske Meierier,21.5,50,0.0,1075.0
11025,1998-04-15,1998,4,1998-04-01,2,Wednesday,WARTH,Wartian Herkku,Finland,Sin Región,6,Michael Suyama,1,Chai,1,Beverages,1,Exotic Liquids,18.0,10,0.10000000149011612,162.0
11025,1998-04-15,1998,4,1998-04-01,2,Wednesday,WARTH,Wartian Herkku,Finland,Sin Región,6,Michael Suyama,13,Konbu,8,Seafood,6,Mayumi's,6.0,20,0.10000000149011612,108.0
11026,1998-04-15,1998,4,1998-04-01,2,Wednesday,FRANS,Franchi S.p.A.,Italy,Sin Región,4,Margaret Peacock,18,Carnarvon Tigers,8,Seafood,7,"Pavlova, Ltd.",62.5,8,0.0,500.0
11026,1998-04-15,1998,4,1998-04-01,2,Wednesday,FRANS,Franchi S.p.A.,Italy,Sin Región,4,Margaret Peacock,51,Manjimup Dried Apples,7,Produce,24,"G'day, Mate",53.0,10,0.0,530.0
11027,1998-04-16,1998,4,1998-04-01,2,Thursday,BOTTM,Bottom-Dollar Markets,Canada,BC,1,Nancy Davolio,24,Guaraná Fantástica,1,Beverages,10,Refrescos Americanas LTDA,4.5,30,0.25,101.25
11027,1998-04-16,1998,4,1998-04-01,2,Thursday,BOTTM,Bottom-Dollar Markets,Canada,BC,1,Nancy Davolio,62,Tarte au sucre,3,Confections,29,Forêts d'érables,49.3,21,0.25,776.4750366210938
11028,1998-04-16,1998,4,1998-04-01,2,Thursday,KOENE,Königlich Essen,Germany,Sin Región,2,Andrew Fuller,55,Pâté chinois,6,Meat/Poultry,25,Ma Maison,24.0,35,0.0,840.0
11028,1998-04-16,1998,4,1998-04-01,2,Thursday,KOENE,Königlich Essen,Germany,Sin Región,2,Andrew Fuller,59,Raclette Courdavault,4,Dairy Products,28,Gai pâturage,55.0,24,0.0,1320.0
11029,1998-04-16,1998,4,1998-04-01,2,Thursday,CHOPS,Chop-suey Chinese,Switzerland,Sin Región,4,Margaret Peacock,56,Gnocchi di nonna Alice,5,Grains/Cereals,26,Pasta Buttini s.r.l.,38.0,20,0.0,760.0
11029,1998-04-16,1998,4,1998-04-01,2,Thursday,CHOPS,Chop-suey Chinese,Switzerland,Sin Región,4,Margaret Peacock,63,Vegie-spread,2,Condiments,7,"Pavlova, Ltd.",43.9,12,0.0,526.7999877929688
11030,1998-04-17,1998,4,1998-04-01,2,Friday,SAVEA,Save-a-lot Markets,USA,ID,7,Robert King,2,Chang,1,Beverages,1,Exotic Liquids,19.0,100,0.25,1425.0
11030,1998-04-17,1998,4,1998-04-01,2,Friday,SAVEA,Save-a-lot Markets,USA,ID,7,Robert King,5,Chef Anton's Gumbo Mix,2,Condiments,2,New Orleans Cajun Delights,21.35,70,0.0,1494.5
11030,1998-04-17,1998,4,1998-04-01,2,Friday,SAVEA,Save-a-lot Markets,USA,ID,7,Robert King,29,Thüringer Rostbratwurst,6,Meat/Poultry,12,Plutzer Lebensmittelgroßmärkte AG,123.79,60,0.25,5570.5498046875
11030,1998-04-17,1998,4,1998-04-01,2,Friday,SAVEA,Save-a-lot Markets,USA,ID,7,Robert King,59,Raclette Courdavault,4,Dairy Products,28,Gai pâturage,55.0,100,0.25,4125.0
11031,1998-04-17,1998,4,1998-04-01,2,Friday,SAVEA,Save-a-lot Markets,USA,ID,6,Michael Suyama,1,Chai,1,Beverages,1,Exotic Liquids,18.0,45,0.0,810.0
11031,1998-04-17,1998,4,1998-04-01,2,Friday,SAVEA,Save-a-lot Markets,USA,ID,6,Michael Suyama,13,Konbu,8,Seafood,6,Mayumi's,6.0,80,0.0,480.0
11031,1998-04-17,1998,4,1998-04-01,2,Friday,SAVEA,Save-a-lot Markets,USA,ID,6,Michael Suyama,24,Guaraná Fantástica,1,Beverages,10,Refrescos Americanas LTDA,4.5,21,0.0,94.5
11031,1998-04-17,1998,4,1998-04-01,2,Friday,SAVEA,Save-a-lot Markets,USA,ID,6,Michael Suyama,64,Wimmers gute Semmelknödel,5,Grains/Cereals,12,Plutzer Lebensmittelgroßmärkte AG,33.25,20,0.0,665.0
11031,1998-04-17,1998,4,1998-04-01,2,Friday,SAVEA,Save-a-lot Markets,USA,ID,6,Michael Suyama,71,Flotemysost,4,Dairy Products,15,Norske Meierier,21.5,16,0.0,344.0
11032,1998-04-17,1998,4,1998-04-01,2,Friday,WHITC,White Clover Markets,USA,WA,2,Andrew Fuller,36,Inlagd Sill,8,Seafood,17,Svensk Sjöföda AB,19.0,35,0.0,665.0
11032,1998-04-17,1998,4,1998-04-01,2,Friday,WHITC,White Clover Markets,USA,WA,2,Andrew Fuller,38,Côte de Blaye,1,Beverages,18,Aux joyeux ecclésiastiques,263.5,25,0.0,6587.5
11032,1998-04-17,1998,4,1998-04-01,2,Friday,WHITC,White Clover Markets,USA,WA,2,Andrew Fuller,59,Raclette Courdavault,4,Dairy Products,28,Gai pâturage,55.0,30,0.0,1650.0
11033,1998-04-17,1998,4,1998-04-01,2,Friday,RICSU,Richter Supermarkt,Switzerland,Sin Región,7,Robert King,53,Perth Pasties,6,Meat/Poultry,24,"G'day, Mate",32.8,70,0.10000000149011612,2066.39990234375
11033,1998-04-17,1998,4,1998-04-01,2,Friday,RICSU,Richter Supermarkt,Switzerland,Sin Región,7,Robert King,69,Gudbrandsdalsost,4,Dairy Products,15,Norske Meierier,36.0,36,0.10000000149011612,1166.4000244140625
11034,1998-04-20,1998,4,1998-04-01,2,Monday,OLDWO,Old World Delicatessen,USA,AK,8,Laura Callahan,21,Sir Rodney's Scones,3,Confections,8,"Specialty Biscuits, Ltd.",10.0,15,0.10000000149011612,135.0
11034,1998-04-20,1998,4,1998-04-01,2,Monday,OLDWO,Old World Delicatessen,USA,AK,8,Laura Callahan,44,Gula Malacca,2,Condiments,20,Leka Trading,19.45,12,0.0,233.39999389648438
11034,1998-04-20,1998,4,1998-04-01,2,Monday,OLDWO,Old World Delicatessen,USA,AK,8,Laura Callahan,61,Sirop d'érable,2,Condiments,29,Forêts d'érables,28.5,6,0.0,171.0
11035,1998-04-20,1998,4,1998-04-01,2,Monday,SUPRD,Suprêmes délices,Belgium,Sin Región,2,Andrew Fuller,1,Chai,1,Beverages,1,Exotic Liquids,18.0,10,0.0,180.0
11035,1998-04-20,1998,4,1998-04-01,2,Monday,SUPRD,Suprêmes délices,Belgium,Sin Región,2,Andrew Fuller,35,Steeleye Stout,1,Beverages,16,Bigfoot Breweries,18.0,60,0.0,1080.0
11035,1998-04-20,1998,4,1998-04-01,2,Monday,SUPRD,Suprêmes délices,Belgium,Sin Región,2,Andrew Fuller,42,Singaporean Hokkien Fried Mee,5,Grains/Cereals,20,Leka Trading,14.0,30,0.0,420.0
11035,1998-04-20,1998,4,1998-04-01,2,Monday,SUPRD,Suprêmes délices,Belgium,Sin Región,2,Andrew Fuller,54,Tourtière,6,Meat/Poultry,25,Ma Maison,7.45,10,0.0,74.5
11036,1998-04-20,1998,4,1998-04-01,2,Monday,DRACD,Drachenblut Delikatessen,Germany,Sin Región,8,Laura Callahan,13,Konbu,8,Seafood,6,Mayumi's,6.0,7,0.0,42.0
11036,1998-04-20,1998,4,1998-04-01,2,Monday,DRACD,Drachenblut Delikatessen,Germany,Sin Región,8,Laura Callahan,59,Raclette Courdavault,4,Dairy Products,28,Gai pâturage,55.0,30,0.0,1650.0
11037,1998-04-21,1998,4,1998-04-01,2,Tuesday,GODOS,Godos Cocina Típica,Spain,Sin Región,7,Robert King,70,Outback Lager,1,Beverages,7,"Pavlova, Ltd.",15.0,4,0.0,60.0
11038,1998-04-21,1998,4,1998-04-01,2,Tuesday,SUPRD,Suprêmes délices,Belgium,Sin Región,1,Nancy Davolio,40,Boston Crab Meat,8,Seafood,19,New England Seafood Cannery,18.4,5,0.20000000298023224,73.5999984741211
11038,1998-04-21,1998,4,1998-04-01,2,Tuesday,SUPRD,Suprêmes délices,Belgium,Sin Región,1,Nancy Davolio,52,Filo Mix,5,Grains/Cereals,24,"G'day, Mate",7.0,2,0.0,14.0
11038,1998-04-21,1998,4,1998-04-01,2,Tuesday,SUPRD,Suprêmes délices,Belgium,Sin Región,1,Nancy Davolio,71,Flotemysost,4,Dairy Products,15,Norske Meierier,21.5,30,0.0,645.0
11039,1998-04-21,1998,4,1998-04-01,2,Tuesday,LINOD,LINO-Delicateses,Venezuela,Nueva Esparta,1,Nancy Davolio,28,Rössle Sauerkraut,7,Produce,12,Plutzer Lebensmittelgroßmärkte AG,45.6,20,0.0,912.0
11039,1998-04-21,1998,4,1998-04-01,2,Tuesday,LINOD,LINO-Delicateses,Venezuela,Nueva Esparta,1,Nancy Davolio,35,Steeleye Stout,1,Beverages,16,Bigfoot Breweries,18.0,24,0.0,432.0
11039,1998-04-21,1998,4,1998-04-01,2,Tuesday,LINOD,LINO-Delicateses,Venezuela,Nueva Esparta,1,Nancy Davolio,49,Maxilaku,3,Confections,23,Karkki Oy,20.0,60,0.0,1200.0
11039,1998-04-21,1998,4,1998-04-01,2,Tuesday,LINOD,LINO-Delicateses,Venezuela,Nueva Esparta,1,Nancy Davolio,57,Ravioli Angelo,5,Grains/Cereals,26,Pasta Buttini s.r.l.,19.5,28,0.0,546.0
11040,1998-04-22,1998,4,1998-04-01,2,Wednesday,GREAL,Great Lakes Food Market,USA,OR,4,Margaret Peacock,21,Sir Rodney's Scones,3,Confections,8,"Specialty Biscuits, Ltd.",10.0,20,0.0,200.0
11041,1998-04-22,1998,4,1998-04-01,2,Wednesday,CHOPS,Chop-suey Chinese,Switzerland,Sin Región,3,Janet Leverling,2,Chang,1,Beverages,1,Exotic Liquids,19.0,30,0.20000000298023224,456.0
11041,1998-04-22,1998,4,1998-04-01,2,Wednesday,CHOPS,Chop-suey Chinese,Switzerland,Sin Región,3,Janet Leverling,63,Vegie-spread,2,Condiments,7,"Pavlova, Ltd.",43.9,30,0.0,1317.0
11042,1998-04-22,1998,4,1998-04-01,2,Wednesday,COMMI,Comércio Mineiro,Brazil,SP,2,Andrew Fuller,44,Gula Malacca,2,Condiments,20,Leka Trading,19.45,15,0.0,291.75
11042,1998-04-22,1998,4,1998-04-01,2,Wednesday,COMMI,Comércio Mineiro,Brazil,SP,2,Andrew Fuller,61,Sirop d'érable,2,Condiments,29,Forêts d'érables,28.5,4,0.0,114.0
11043,1998-04-22,1998,4,1998-04-01,2,Wednesday,SPECD,Spécialités du monde,France,Sin Región,5,Steven Buchanan,11,Queso Cabrales,4,Dairy Products,5,Cooperativa de Quesos 'Las Cabras',21.0,10,0.0,210.0
11044,1998-04-23,1998,4,1998-04-01,2,Thursday,WOLZA,Wolski  Zajazd,Poland,Sin Región,4,Margaret Peacock,62,Tarte au sucre,3,Confections,29,Forêts d'érables,49.3,12,0.0,591.5999755859375
11045,1998-04-23,1998,4,1998-04-01,2,Thursday,BOTTM,Bottom-Dollar Markets,Canada,BC,6,Michael Suyama,33,Geitost,4,Dairy Products,15,Norske Meierier,2.5,15,0.0,37.5
11045,1998-04-23,1998,4,1998-04-01,2,Thursday,BOTTM,Bottom-Dollar Markets,Canada,BC,6,Michael Suyama,51,Manjimup Dried Apples,7,Produce,24,"G'day, Mate",53.0,24,0.0,1272.0
11046,1998-04-23,1998,4,1998-04-01,2,Thursday,WANDK,Die Wandernde Kuh,Germany,Sin Región,8,Laura Callahan,12,Queso Manchego La Pastora,4,Dairy Products,5,Cooperativa de Quesos 'Las Cabras',38.0,20,0.05000000074505806,722.0
11046,1998-04-23,1998,4,1998-04-01,2,Thursday,WANDK,Die Wandernde Kuh,Germany,Sin Región,8,Laura Callahan,32,Mascarpone Fabioli,4,Dairy Products,14,Formaggi Fortini s.r.l.,32.0,15,0.05000000074505806,456.0
11046,1998-04-23,1998,4,1998-04-01,2,Thursday,WANDK,Die Wandernde Kuh,Germany,Sin Región,8,Laura Callahan,35,Steeleye Stout,1,Beverages,16,Bigfoot Breweries,18.0,18,0.05000000074505806,307.79998779296875
11047,1998-04-24,1998,4,1998-04-01,2,Friday,EASTC,Eastern Connection,UK,Sin Región,7,Robert King,1,Chai,1,Beverages,1,Exotic Liquids,18.0,25,0.25,337.5
11047,1998-04-24,1998,4,1998-04-01,2,Friday,EASTC,Eastern Connection,UK,Sin Región,7,Robert King,5,Chef Anton's Gumbo Mix,2,Condiments,2,New Orleans Cajun Delights,21.35,30,0.25,480.375
11048,1998-04-24,1998,4,1998-04-01,2,Friday,BOTTM,Bottom-Dollar Markets,Canada,BC,7,Robert King,68,Scottish Longbreads,3,Confections,8,"Specialty Biscuits, Ltd.",12.5,42,0.0,525.0
11049,1998-04-24,1998,4,1998-04-01,2,Friday,GOURL,Gourmet Lanchonetes,Brazil,SP,3,Janet Leverling,2,Chang,1,Beverages,1,Exotic Liquids,19.0,10,0.20000000298023224,152.0
11049,1998-04-24,1998,4,1998-04-01,2,Friday,GOURL,Gourmet Lanchonetes,Brazil,SP,3,Janet Leverling,12,Queso Manchego La Pastora,4,Dairy Products,5,Cooperativa de Quesos 'Las Cabras',38.0,4,0.20000000298023224,121.5999984741211
11050,1998-04-27,1998,4,1998-04-01,2,Monday,FOLKO,Folk och fä HB,Sweden,Sin Región,8,Laura Callahan,76,Lakkalikööri,1,Beverages,23,Karkki Oy,18.0,50,0.10000000149011612,810.0
11051,1998-04-27,1998,4,1998-04-01,2,Monday,LAMAI,La maison d'Asie,France,Sin Región,7,Robert King,24,Guaraná Fantástica,1,Beverages,10,Refrescos Americanas LTDA,4.5,10,0.20000000298023224,36.0
11052,1998-04-27,1998,4,1998-04-01,2,Monday,HANAR,Hanari Carnes,Brazil,RJ,3,Janet Leverling,43,Ipoh Coffee,1,Beverages,20,Leka Trading,46.0,30,0.20000000298023224,1104.0
11052,1998-04-27,1998,4,1998-04-01,2,Monday,HANAR,Hanari Carnes,Brazil,RJ,3,Janet Leverling,61,Sirop d'érable,2,Condiments,29,Forêts d'érables,28.5,10,0.20000000298023224,228.0
11053,1998-04-27,1998,4,1998-04-01,2,Monday,PICCO,Piccolo und mehr,Austria,Sin Región,2,Andrew Fuller,18,Carnarvon Tigers,8,Seafood,7,"Pavlova, Ltd.",62.5,35,0.20000000298023224,1750.0
11053,1998-04-27,1998,4,1998-04-01,2,Monday,PICCO,Piccolo und mehr,Austria,Sin Región,2,Andrew Fuller,32,Mascarpone Fabioli,4,Dairy Products,14,Formaggi Fortini s.r.l.,32.0,20,0.0,640.0
11053,1998-04-27,1998,4,1998-04-01,2,Monday,PICCO,Piccolo und mehr,Austria,Sin Región,2,Andrew Fuller,64,Wimmers gute Semmelknödel,5,Grains/Cereals,12,Plutzer Lebensmittelgroßmärkte AG,33.25,25,0.20000000298023224,665.0
11054,1998-04-28,1998,4,1998-04-01,2,Tuesday,CACTU,Cactus Comidas para llevar,Argentina,Sin Región,8,Laura Callahan,33,Geitost,4,Dairy Products,15,Norske Meierier,2.5,10,0.0,25.0
11054,1998-04-28,1998,4,1998-04-01,2,Tuesday,CACTU,Cactus Comidas para llevar,Argentina,Sin Región,8,Laura Callahan,67,Laughing Lumberjack Lager,1,Beverages,16,Bigfoot Breweries,14.0,20,0.0,280.0
11055,1998-04-28,1998,4,1998-04-01,2,Tuesday,HILAA,HILARION-Abastos,Venezuela,Táchira,7,Robert King,24,Guaraná Fantástica,1,Beverages,10,Refrescos Americanas LTDA,4.5,15,0.0,67.5
11055,1998-04-28,1998,4,1998-04-01,2,Tuesday,HILAA,HILARION-Abastos,Venezuela,Táchira,7,Robert King,25,NuNuCa Nuß-Nougat-Creme,3,Confections,11,Heli Süßwaren GmbH & Co. KG,14.0,15,0.0,210.0
11055,1998-04-28,1998,4,1998-04-01,2,Tuesday,HILAA,HILARION-Abastos,Venezuela,Táchira,7,Robert King,51,Manjimup Dried Apples,7,Produce,24,"G'day, Mate",53.0,20,0.0,1060.0
11055,1998-04-28,1998,4,1998-04-01,2,Tuesday,HILAA,HILARION-Abastos,Venezuela,Táchira,7,Robert King,57,Ravioli Angelo,5,Grains/Cereals,26,Pasta Buttini s.r.l.,19.5,20,0.0,390.0
11056,1998-04-28,1998,4,1998-04-01,2,Tuesday,EASTC,Eastern Connection,UK,Sin Región,8,Laura Callahan,7,Uncle Bob's Organic Dried Pears,7,Produce,3,Grandma Kelly's Homestead,30.0,40,0.0,1200.0
11056,1998-04-28,1998,4,1998-04-01,2,Tuesday,EASTC,Eastern Connection,UK,Sin Región,8,Laura Callahan,55,Pâté chinois,6,Meat/Poultry,25,Ma Maison,24.0,35,0.0,840.0
11056,1998-04-28,1998,4,1998-04-01,2,Tuesday,EASTC,Eastern Connection,UK,Sin Región,8,Laura Callahan,60,Camembert Pierrot,4,Dairy Products,28,Gai pâturage,34.0,50,0.0,1700.0
11057,1998-04-29,1998,4,1998-04-01,2,Wednesday,NORTS,North/South,UK,Sin Región,3,Janet Leverling,70,Outback Lager,1,Beverages,7,"Pavlova, Ltd.",15.0,3,0.0,45.0
11058,1998-04-29,1998,4,1998-04-01,2,Wednesday,BLAUS,Blauer See Delikatessen,Germany,Sin Región,9,Anne Dodsworth,21,Sir Rodney's Scones,3,Confections,8,"Specialty Biscuits, Ltd.",10.0,3,0.0,30.0
11058,1998-04-29,1998,4,1998-04-01,2,Wednesday,BLAUS,Blauer See Delikatessen,Germany,Sin Región,9,Anne Dodsworth,60,Camembert Pierrot,4,Dairy Products,28,Gai pâturage,34.0,21,0.0,714.0
11058,1998-04-29,1998,4,1998-04-01,2,Wednesday,BLAUS,Blauer See Delikatessen,Germany,Sin Región,9,Anne Dodsworth,61,Sirop d'érable,2,Condiments,29,Forêts d'érables,28.5,4,0.0,114.0
11059,1998-04-29,1998,4,1998-04-01,2,Wednesday,RICAR,Ricardo Adocicados,Brazil,RJ,2,Andrew Fuller,13,Konbu,8,Seafood,6,Mayumi's,6.0,30,0.0,180.0
11059,1998-04-29,1998,4,1998-04-01,2,Wednesday,RICAR,Ricardo Adocicados,Brazil,RJ,2,Andrew Fuller,17,Alice Mutton,6,Meat/Poultry,7,"Pavlova, Ltd.",39.0,12,0.0,468.0
11059,1998-04-29,1998,4,1998-04-01,2,Wednesday,RICAR,Ricardo Adocicados,Brazil,RJ,2,Andrew Fuller,60,Camembert Pierrot,4,Dairy Products,28,Gai pâturage,34.0,35,0.0,1190.0
11060,1998-04-30,1998,4,1998-04-01,2,Thursday,FRANS,Franchi S.p.A.,Italy,Sin Región,2,Andrew Fuller,60,Camembert Pierrot,4,Dairy Products,28,Gai pâturage,34.0,4,0.0,136.0
11060,1998-04-30,1998,4,1998-04-01,2,Thursday,FRANS,Franchi S.p.A.,Italy,Sin Región,2,Andrew Fuller,77,Original Frankfurter grüne Soße,2,Condiments,12,Plutzer Lebensmittelgroßmärkte AG,13.0,10,0.0,130.0
11061,1998-04-30,1998,4,1998-04-01,2,Thursday,GREAL,Great Lakes Food Market,USA,OR,4,Margaret Peacock,60,Camembert Pierrot,4,Dairy Products,28,Gai pâturage,34.0,15,0.0,510.0
11062,1998-04-30,1998,4,1998-04-01,2,Thursday,REGGC,Reggiani Caseifici,Italy,Sin Región,4,Margaret Peacock,53,Perth Pasties,6,Meat/Poultry,24,"G'day, Mate",32.8,10,0.20000000298023224,262.3999938964844
11062,1998-04-30,1998,4,1998-04-01,2,Thursday,REGGC,Reggiani Caseifici,Italy,Sin Región,4,Margaret Peacock,70,Outback Lager,1,Beverages,7,"Pavlova, Ltd.",15.0,12,0.20000000298023224,144.0
11063,1998-04-30,1998,4,1998-04-01,2,Thursday,HUNGO,Hungry Owl All-Night Grocers,Ireland,Co. Cork,3,Janet Leverling,34,Sasquatch Ale,1,Beverages,16,Bigfoot Breweries,14.0,30,0.0,420.0
11063,1998-04-30,1998,4,1998-04-01,2,Thursday,HUNGO,Hungry Owl All-Night Grocers,Ireland,Co. Cork,3,Janet Leverling,40,Boston Crab Meat,8,Seafood,19,New England Seafood Cannery,18.4,40,0.10000000149011612,662.3999633789062
11063,1998-04-30,1998,4,1998-04-01,2,Thursday,HUNGO,Hungry Owl All-Night Grocers,Ireland,Co. Cork,3,Janet Leverling,41,Jack's New England Clam Chowder,8,Seafood,19,New England Seafood Cannery,9.65,30,0.10000000149011612,260.54998779296875
11064,1998-05-01,1998,5,1998-05-01,2,Friday,SAVEA,Save-a-lot Markets,USA,ID,1,Nancy Davolio,17,Alice Mutton,6,Meat/Poultry,7,"Pavlova, Ltd.",39.0,77,0.10000000149011612,2702.699951171875
11064,1998-05-01,1998,5,1998-05-01,2,Friday,SAVEA,Save-a-lot Markets,USA,ID,1,Nancy Davolio,41,Jack's New England Clam Chowder,8,Seafood,19,New England Seafood Cannery,9.65,12,0.0,115.80000305175781
11064,1998-05-01,1998,5,1998-05-01,2,Friday,SAVEA,Save-a-lot Markets,USA,ID,1,Nancy Davolio,53,Perth Pasties,6,Meat/Poultry,24,"G'day, Mate",32.8,25,0.10000000149011612,738.0
11064,1998-05-01,1998,5,1998-05-01,2,Friday,SAVEA,Save-a-lot Markets,USA,ID,1,Nancy Davolio,55,Pâté chinois,6,Meat/Poultry,25,Ma Maison,24.0,4,0.10000000149011612,86.39999389648438
11064,1998-05-01,1998,5,1998-05-01,2,Friday,SAVEA,Save-a-lot Markets,USA,ID,1,Nancy Davolio,68,Scottish Longbreads,3,Confections,8,"Specialty Biscuits, Ltd.",12.5,55,0.0,687.5
11065,1998-05-01,1998,5,1998-05-01,2,Friday,LILAS,LILA-Supermercado,Venezuela,Lara,8,Laura Callahan,30,Nord-Ost Matjeshering,8,Seafood,13,Nord-Ost-Fisch Handelsgesellschaft mbH,25.89,4,0.25,77.66999816894531
11065,1998-05-01,1998,5,1998-05-01,2,Friday,LILAS,LILA-Supermercado,Venezuela,Lara,8,Laura Callahan,54,Tourtière,6,Meat/Poultry,25,Ma Maison,7.45,20,0.25,111.75
11066,1998-05-01,1998,5,1998-05-01,2,Friday,WHITC,White Clover Markets,USA,WA,7,Robert King,16,Pavlova,3,Confections,7,"Pavlova, Ltd.",17.45,3,0.0,52.349998474121094
11066,1998-05-01,1998,5,1998-05-01,2,Friday,WHITC,White Clover Markets,USA,WA,7,Robert King,19,Teatime Chocolate Biscuits,3,Confections,8,"Specialty Biscuits, Ltd.",9.2,42,0.0,386.3999938964844
11066,1998-05-01,1998,5,1998-05-01,2,Friday,WHITC,White Clover Markets,USA,WA,7,Robert King,34,Sasquatch Ale,1,Beverages,16,Bigfoot Breweries,14.0,35,0.0,490.0
11067,1998-05-04,1998,5,1998-05-01,2,Monday,DRACD,Drachenblut Delikatessen,Germany,Sin Región,1,Nancy Davolio,41,Jack's New England Clam Chowder,8,Seafood,19,New England Seafood Cannery,9.65,9,0.0,86.8499984741211
11068,1998-05-04,1998,5,1998-05-01,2,Monday,QUEEN,Queen Cozinha,Brazil,SP,8,Laura Callahan,28,Rössle Sauerkraut,7,Produce,12,Plutzer Lebensmittelgroßmärkte AG,45.6,8,0.15000000596046448,310.0799865722656
11068,1998-05-04,1998,5,1998-05-01,2,Monday,QUEEN,Queen Cozinha,Brazil,SP,8,Laura Callahan,43,Ipoh Coffee,1,Beverages,20,Leka Trading,46.0,36,0.15000000596046448,1407.60009765625
11068,1998-05-04,1998,5,1998-05-01,2,Monday,QUEEN,Queen Cozinha,Brazil,SP,8,Laura Callahan,77,Original Frankfurter grüne Soße,2,Condiments,12,Plutzer Lebensmittelgroßmärkte AG,13.0,28,0.15000000596046448,309.3999938964844
11069,1998-05-04,1998,5,1998-05-01,2,Monday,TORTU,Tortuga Restaurante,Mexico,Sin Región,1,Nancy Davolio,39,Chartreuse verte,1,Beverages,18,Aux joyeux ecclésiastiques,18.0,20,0.0,360.0
11070,1998-05-05,1998,5,1998-05-01,2,Tuesday,LEHMS,Lehmanns Marktstand,Germany,Sin Región,2,Andrew Fuller,1,Chai,1,Beverages,1,Exotic Liquids,18.0,40,0.15000000596046448,612.0
11070,1998-05-05,1998,5,1998-05-01,2,Tuesday,LEHMS,Lehmanns Marktstand,Germany,Sin Región,2,Andrew Fuller,2,Chang,1,Beverages,1,Exotic Liquids,19.0,20,0.15000000596046448,323.0
11070,1998-05-05,1998,5,1998-05-01,2,Tuesday,LEHMS,Lehmanns Marktstand,Germany,Sin Región,2,Andrew Fuller,16,Pavlova,3,Confections,7,"Pavlova, Ltd.",17.45,30,0.15000000596046448,444.9750061035156
11070,1998-05-05,1998,5,1998-05-01,2,Tuesday,LEHMS,Lehmanns Marktstand,Germany,Sin Región,2,Andrew Fuller,31,Gorgonzola Telino,4,Dairy Products,14,Formaggi Fortini s.r.l.,12.5,20,0.0,250.0
11071,1998-05-05,1998,5,1998-05-01,2,Tuesday,LILAS,LILA-Supermercado,Venezuela,Lara,1,Nancy Davolio,7,Uncle Bob's Organic Dried Pears,7,Produce,3,Grandma Kelly's Homestead,30.0,15,0.05000000074505806,427.5
11071,1998-05-05,1998,5,1998-05-01,2,Tuesday,LILAS,LILA-Supermercado,Venezuela,Lara,1,Nancy Davolio,13,Konbu,8,Seafood,6,Mayumi's,6.0,10,0.05000000074505806,57.0
11072,1998-05-05,1998,5,1998-05-01,2,Tuesday,ERNSH,Ernst Handel,Austria,Sin Región,4,Margaret Peacock,2,Chang,1,Beverages,1,Exotic Liquids,19.0,8,0.0,152.0
11072,1998-05-05,1998,5,1998-05-01,2,Tuesday,ERNSH,Ernst Handel,Austria,Sin Región,4,Margaret Peacock,41,Jack's New England Clam Chowder,8,Seafood,19,New England Seafood Cannery,9.65,40,0.0,386.0
11072,1998-05-05,1998,5,1998-05-01,2,Tuesday,ERNSH,Ernst Handel,Austria,Sin Región,4,Margaret Peacock,50,Valkoinen suklaa,3,Confections,23,Karkki Oy,16.25,22,0.0,357.5
11072,1998-05-05,1998,5,1998-05-01,2,Tuesday,ERNSH,Ernst Handel,Austria,Sin Región,4,Margaret Peacock,64,Wimmers gute Semmelknödel,5,Grains/Cereals,12,Plutzer Lebensmittelgroßmärkte AG,33.25,130,0.0,4322.5
11073,1998-05-05,1998,5,1998-05-01,2,Tuesday,PERIC,Pericles Comidas clásicas,Mexico,Sin Región,2,Andrew Fuller,11,Queso Cabrales,4,Dairy Products,5,Cooperativa de Quesos 'Las Cabras',21.0,10,0.0,210.0
11073,1998-05-05,1998,5,1998-05-01,2,Tuesday,PERIC,Pericles Comidas clásicas,Mexico,Sin Región,2,Andrew Fuller,24,Guaraná Fantástica,1,Beverages,10,Refrescos Americanas LTDA,4.5,20,0.0,90.0
11074,1998-05-06,1998,5,1998-05-01,2,Wednesday,SIMOB,Simons bistro,Denmark,Sin Región,7,Robert King,16,Pavlova,3,Confections,7,"Pavlova, Ltd.",17.45,14,0.05000000074505806,232.0850067138672
11075,1998-05-06,1998,5,1998-05-01,2,Wednesday,RICSU,Richter Supermarkt,Switzerland,Sin Región,8,Laura Callahan,2,Chang,1,Beverages,1,Exotic Liquids,19.0,10,0.15000000596046448,161.5
11075,1998-05-06,1998,5,1998-05-01,2,Wednesday,RICSU,Richter Supermarkt,Switzerland,Sin Región,8,Laura Callahan,46,Spegesild,8,Seafood,21,Lyngbysild,12.0,30,0.15000000596046448,306.0
11075,1998-05-06,1998,5,1998-05-01,2,Wednesday,RICSU,Richter Supermarkt,Switzerland,Sin Región,8,Laura Callahan,76,Lakkalikööri,1,Beverages,23,Karkki Oy,18.0,2,0.15000000596046448,30.600000381469727
11076,1998-05-06,1998,5,1998-05-01,2,Wednesday,BONAP,Bon app',France,Sin Región,4,Margaret Peacock,6,Grandma's Boysenberry Spread,2,Condiments,3,Grandma Kelly's Homestead,25.0,20,0.25,375.0
11076,1998-05-06,1998,5,1998-05-01,2,Wednesday,BONAP,Bon app',France,Sin Región,4,Margaret Peacock,14,Tofu,7,Produce,6,Mayumi's,23.25,20,0.25,348.75
11076,1998-05-06,1998,5,1998-05-01,2,Wednesday,BONAP,Bon app',France,Sin Región,4,Margaret Peacock,19,Teatime Chocolate Biscuits,3,Confections,8,"Specialty Biscuits, Ltd.",9.2,10,0.25,69.0
11077,1998-05-06,1998,5,1998-05-01,2,Wednesday,RATTC,Rattlesnake Canyon Grocery,USA,NM,1,Nancy Davolio,2,Chang,1,Beverages,1,Exotic Liquids,19.0,24,0.20000000298023224,364.8000183105469
11077,1998-05-06,1998,5,1998-05-01,2,Wednesday,RATTC,Rattlesnake Canyon Grocery,USA,NM,1,Nancy Davolio,3,Aniseed Syrup,2,Condiments,1,Exotic Liquids,10.0,4,0.0,40.0
11077,1998-05-06,1998,5,1998-05-01,2,Wednesday,RATTC,Rattlesnake Canyon Grocery,USA,NM,1,Nancy Davolio,4,Chef Anton's Cajun Seasoning,2,Condiments,2,New Orleans Cajun Delights,22.0,1,0.0,22.0
11077,1998-05-06,1998,5,1998-05-01,2,Wednesday,RATTC,Rattlesnake Canyon Grocery,USA,NM,1,Nancy Davolio,6,Grandma's Boysenberry Spread,2,Condiments,3,Grandma Kelly's Homestead,25.0,1,0.019999999552965164,24.5
11077,1998-05-06,1998,5,1998-05-01,2,Wednesday,RATTC,Rattlesnake Canyon Grocery,USA,NM,1,Nancy Davolio,7,Uncle Bob's Organic Dried Pears,7,Produce,3,Grandma Kelly's Homestead,30.0,1,0.05000000074505806,28.5
11077,1998-05-06,1998,5,1998-05-01,2,Wednesday,RATTC,Rattlesnake Canyon Grocery,USA,NM,1,Nancy Davolio,8,Northwoods Cranberry Sauce,2,Condiments,3,Grandma Kelly's Homestead,40.0,2,0.10000000149011612,72.0
11077,1998-05-06,1998,5,1998-05-01,2,Wednesday,RATTC,Rattlesnake Canyon Grocery,USA,NM,1,Nancy Davolio,10,Ikura,8,Seafood,4,Tokyo Traders,31.0,1,0.0,31.0
11077,1998-05-06,1998,5,1998-05-01,2,Wednesday,RATTC,Rattlesnake Canyon Grocery,USA,NM,1,Nancy Davolio,12,Queso Manchego La Pastora,4,Dairy Products,5,Cooperativa de Quesos 'Las Cabras',38.0,2,0.05000000074505806,72.19999694824219
11077,1998-05-06,1998,5,1998-05-01,2,Wednesday,RATTC,Rattlesnake Canyon Grocery,USA,NM,1,Nancy Davolio,13,Konbu,8,Seafood,6,Mayumi's,6.0,4,0.0,24.0
11077,1998-05-06,1998,5,1998-05-01,2,Wednesday,RATTC,Rattlesnake Canyon Grocery,USA,NM,1,Nancy Davolio,14,Tofu,7,Produce,6,Mayumi's,23.25,1,0.029999999329447746,22.552499771118164
11077,1998-05-06,1998,5,1998-05-01,2,Wednesday,RATTC,Rattlesnake Canyon Grocery,USA,NM,1,Nancy Davolio,16,Pavlova,3,Confections,7,"Pavlova, Ltd.",17.45,2,0.029999999329447746,33.85300064086914
11077,1998-05-06,1998,5,1998-05-01,2,Wednesday,RATTC,Rattlesnake Canyon Grocery,USA,NM,1,Nancy Davolio,20,Sir Rodney's Marmalade,3,Confections,8,"Specialty Biscuits, Ltd.",81.0,1,0.03999999910593033,77.75999450683594
11077,1998-05-06,1998,5,1998-05-01,2,Wednesday,RATTC,Rattlesnake Canyon Grocery,USA,NM,1,Nancy Davolio,23,Tunnbröd,5,Grains/Cereals,9,PB Knäckebröd AB,9.0,2,0.0,18.0
11077,1998-05-06,1998,5,1998-05-01,2,Wednesday,RATTC,Rattlesnake Canyon Grocery,USA,NM,1,Nancy Davolio,32,Mascarpone Fabioli,4,Dairy Products,14,Formaggi Fortini s.r.l.,32.0,1,0.0,32.0
11077,1998-05-06,1998,5,1998-05-01,2,Wednesday,RATTC,Rattlesnake Canyon Grocery,USA,NM,1,Nancy Davolio,39,Chartreuse verte,1,Beverages,18,Aux joyeux ecclésiastiques,18.0,2,0.05000000074505806,34.20000076293945
11077,1998-05-06,1998,5,1998-05-01,2,Wednesday,RATTC,Rattlesnake Canyon Grocery,USA,NM,1,Nancy Davolio,41,Jack's New England Clam Chowder,8,Seafood,19,New England Seafood Cannery,9.65,3,0.0,28.950000762939453
11077,1998-05-06,1998,5,1998-05-01,2,Wednesday,RATTC,Rattlesnake Canyon Grocery,USA,NM,1,Nancy Davolio,46,Spegesild,8,Seafood,21,Lyngbysild,12.0,3,0.019999999552965164,35.279998779296875
11077,1998-05-06,1998,5,1998-05-01,2,Wednesday,RATTC,Rattlesnake Canyon Grocery,USA,NM,1,Nancy Davolio,52,Filo Mix,5,Grains/Cereals,24,"G'day, Mate",7.0,2,0.0,14.0
11077,1998-05-06,1998,5,1998-05-01,2,Wednesday,RATTC,Rattlesnake Canyon Grocery,USA,NM,1,Nancy Davolio,55,Pâté chinois,6,Meat/Poultry,25,Ma Maison,24.0,2,0.0,48.0
11077,1998-05-06,1998,5,1998-05-01,2,Wednesday,RATTC,Rattlesnake Canyon Grocery,USA,NM,1,Nancy Davolio,60,Camembert Pierrot,4,Dairy Products,28,Gai pâturage,34.0,2,0.05999999865889549,63.91999816894531
11077,1998-05-06,1998,5,1998-05-01,2,Wednesday,RATTC,Rattlesnake Canyon Grocery,USA,NM,1,Nancy Davolio,64,Wimmers gute Semmelknödel,5,Grains/Cereals,12,Plutzer Lebensmittelgroßmärkte AG,33.25,2,0.029999999329447746,64.5050048828125
11077,1998-05-06,1998,5,1998-05-01,2,Wednesday,RATTC,Rattlesnake Canyon Grocery,USA,NM,1,Nancy Davolio,66,Louisiana Hot Spiced Okra,2,Condiments,2,New Orleans Cajun Delights,17.0,1,0.0,17.0
11077,1998-05-06,1998,5,1998-05-01,2,Wednesday,RATTC,Rattlesnake Canyon Grocery,USA,NM,1,Nancy Davolio,73,Röd Kaviar,8,Seafood,17,Svensk Sjöföda AB,15.0,2,0.009999999776482582,29.700000762939453
11077,1998-05-06,1998,5,1998-05-01,2,Wednesday,RATTC,Rattlesnake Canyon Grocery,USA,NM,1,Nancy Davolio,75,Rhönbräu Klosterbier,1,Beverages,12,Plutzer Lebensmittelgroßmärkte AG,7.75,4,0.0,31.0
11077,1998-05-06,1998,5,1998-05-01,2,Wednesday,RATTC,Rattlesnake Canyon Grocery,USA,NM,1,Nancy Davolio,77,Original Frankfurter grüne Soße,2,Condiments,12,Plutzer Lebensmittelgroßmärkte AG,13.0,2,0.0,26.0
